run,task_id,input_tokens,latency_ms,first_request
v5,original-policy-01-0,114,397.7,1
v5,original-policy-01-1,117,234.5,0
v5,original-policy-02-0,103,243.0,0
v5,original-policy-02-1,102,248.1,0
v5,original-policy-03-0,105,266.1,0
v5,original-policy-03-1,104,257.7,0
v5,original-policy-04-0,111,238.5,0
v5,original-policy-04-1,108,239.0,0
v5,original-policy-05-0,115,240.5,0
v5,original-policy-05-1,107,248.2,0
v5,original-policy-06-0,117,252.9,0
v5,original-policy-06-1,107,240.5,0
v5,original-intent-01-0,104,241.5,0
v5,original-intent-01-1,105,238.2,0
v5,original-intent-02-0,105,242.2,0
v5,original-intent-02-1,104,237.3,0
v5,original-intent-03-0,106,235.1,0
v5,original-intent-03-1,104,249.8,0
v5,original-intent-04-0,109,240.3,0
v5,original-intent-04-1,104,235.7,0
v5,original-intent-05-0,104,232.1,0
v5,original-intent-05-1,103,249.0,0
v5,original-intent-06-0,102,233.1,0
v5,original-intent-06-1,107,261.8,0
v5,original-ordinal-01-0,122,232.4,0
v5,original-ordinal-01-1,123,249.1,0
v5,original-ordinal-02-0,126,239.3,0
v5,original-ordinal-02-1,127,237.1,0
v5,original-ordinal-03-0,123,238.3,0
v5,original-ordinal-03-1,125,254.1,0
v5,original-ordinal-04-0,125,241.4,0
v5,original-ordinal-04-1,124,259.9,0
v5,original-ordinal-05-0,128,240.4,0
v5,original-ordinal-05-1,127,233.1,0
v5,original-ordinal-06-0,128,248.5,0
v5,original-ordinal-06-1,135,237.1,0
v5,original-extraction-01-0,93,234.7,0
v5,original-extraction-01-1,95,257.6,0
v5,original-extraction-02-0,96,238.0,0
v5,original-extraction-02-1,95,241.2,0
v5,original-extraction-03-0,99,237.6,0
v5,original-extraction-03-1,98,253.9,0
v5,original-extraction-04-0,96,234.4,0
v5,original-extraction-04-1,93,252.8,0
v5,original-extraction-05-0,96,230.1,0
v5,original-extraction-05-1,92,252.0,0
v5,original-extraction-06-0,96,234.3,0
v5,original-extraction-06-1,95,252.5,0
v5,original-adequacy-01-0,99,245.8,0
v5,original-adequacy-01-1,95,241.7,0
v5,original-adequacy-02-0,96,234.9,0
v5,original-adequacy-02-1,96,239.3,0
v5,original-adequacy-03-0,98,247.9,0
v5,original-adequacy-03-1,102,240.2,0
v5,original-adequacy-04-0,102,241.2,0
v5,original-adequacy-04-1,99,241.6,0
v5,original-adequacy-05-0,92,241.7,0
v5,original-adequacy-05-1,92,262.3,0
v5,original-adequacy-06-0,108,259.8,0
v5,original-adequacy-06-1,109,239.6,0
v5,original-routing-01-0,134,258.9,0
v5,original-routing-01-1,130,255.2,0
v5,original-routing-02-0,135,241.5,0
v5,original-routing-02-1,129,233.4,0
v5,original-routing-03-0,134,235.2,0
v5,original-routing-03-1,136,236.2,0
v5,original-routing-04-0,130,244.6,0
v5,original-routing-04-1,129,224.7,0
v5,original-routing-05-0,131,249.8,0
v5,original-routing-05-1,131,237.7,0
v5,original-routing-06-0,130,257.5,0
v5,original-routing-06-1,129,234.0,0
v5,easy-intent-00,124,251.7,0
v5,easy-intent-01,124,250.7,0
v5,easy-intent-02,127,255.6,0
v5,easy-intent-03,116,232.2,0
v5,easy-intent-04,121,243.7,0
v5,easy-intent-05,120,235.2,0
v5,easy-intent-06,112,239.5,0
v5,easy-intent-07,105,256.2,0
v5,easy-intent-08,107,250.3,0
v5,easy-intent-09,110,257.4,0
v5,easy-intent-10,108,251.0,0
v5,easy-intent-11,108,233.8,0
v5,easy-fact-00,97,237.5,0
v5,easy-fact-01,94,237.7,0
v5,easy-fact-02,102,260.5,0
v5,easy-fact-03,105,236.0,0
v5,easy-fact-04,94,257.3,0
v5,easy-fact-05,95,240.8,0
v5,easy-fact-06,115,257.1,0
v5,easy-fact-07,90,237.1,0
v5,easy-fact-08,86,235.9,0
v5,easy-fact-09,86,250.4,0
v5,easy-fact-10,95,244.2,0
v5,easy-fact-11,96,261.8,0
v5,easy-extraction-00,80,253.0,0
v5,easy-extraction-01,82,240.1,0
v5,easy-extraction-02,83,256.0,0
v5,easy-extraction-03,84,232.7,0
v5,easy-extraction-04,82,255.7,0
v5,easy-extraction-05,82,256.1,0
v5,easy-extraction-06,75,236.7,0
v5,easy-extraction-07,73,233.3,0
v5,easy-extraction-08,82,246.5,0
v5,easy-extraction-09,84,239.4,0
v5,easy-extraction-10,80,242.2,0
v5,easy-extraction-11,86,237.8,0
v5,easy-tool_selection-00,115,237.0,0
v5,easy-tool_selection-01,116,237.0,0
v5,easy-tool_selection-02,119,256.8,0
v5,easy-tool_selection-03,117,239.9,0
v5,easy-tool_selection-04,113,234.8,0
v5,easy-tool_selection-05,119,236.7,0
v5,easy-tool_selection-06,123,255.9,0
v5,easy-tool_selection-07,123,256.0,0
v5,easy-tool_selection-08,122,255.3,0
v5,easy-tool_selection-09,119,250.9,0
v5,easy-tool_selection-10,119,233.7,0
v5,easy-tool_selection-11,122,240.2,0
v5,hard-opus-a-long_policy-01,3072,816.5,0
v5,hard-opus-a-long_policy-04,2552,567.6,0
v5,hard-opus-a-long_policy-08,2346,512.3,0
v5,hard-opus-a-long_policy-09,2479,557.8,0
v5,hard-opus-a-long_policy-11,2294,526.3,0
v5,hard-opus-a-long_policy-13,2373,512.9,0
v5,hard-opus-a-long_policy-17,2309,522.2,0
v5,hard-opus-a-long_policy-19,2292,522.8,0
v5,hard-opus-a-probability-03,426,260.5,0
v5,hard-opus-a-probability-04,1091,272.5,0
v5,hard-opus-a-probability-07,1204,289.8,0
v5,hard-opus-a-probability-08,389,239.5,0
v5,hard-opus-a-temporal_numeric-03,481,234.6,0
v5,hard-opus-a-temporal_numeric-06,523,255.8,0
v5,hard-opus-a-temporal_numeric-07,1289,294.0,0
v5,hard-opus-a-temporal_numeric-09,514,258.7,0
v5,hard-opus-a-temporal_numeric-12,592,240.4,0
v5,hard-opus-b-ambiguous-02,523,244.8,0
v5,hard-opus-b-ambiguous-03,477,235.1,0
v5,hard-opus-b-ambiguous-07,482,253.8,0
v5,hard-opus-b-ambiguous-09,620,237.4,0
v5,hard-opus-b-ambiguous-10,505,239.9,0
v5,hard-opus-b-ambiguous-11,450,249.9,0
v5,hard-opus-b-ambiguous-13,580,252.0,0
v5,hard-opus-b-multi_hop-03,2903,657.1,0
v5,hard-opus-b-multi_hop-04,2253,498.1,0
v5,hard-opus-b-multi_hop-05,2532,567.3,0
v5,hard-opus-b-multi_hop-07,2558,555.0,0
v5,hard-opus-b-multi_hop-08,2246,511.4,0
v5,hard-opus-b-probability-01,1866,419.4,0
v5,hard-opus-b-probability-02,480,238.4,0
v5,hard-opus-b-probability-03,1176,298.9,0
v5,hard-opus-b-probability-04,583,232.6,0
v5,hard-opus-b-probability-06,974,252.1,0
v5,hard-opus-b-tradeoff-01,820,232.0,0
v5,hard-opus-b-tradeoff-03,744,244.1,0
v5,hard-opus-b-tradeoff-06,783,236.2,0
v5,hard-opus-b-tradeoff-07,693,240.8,0
v5,hard-opus-b-tradeoff-08,601,230.7,0
v5,hard-opus-b-tradeoff-12,571,252.1,0
v5,hard-opus-c-long_policy-02,3072,744.9,0
v5,hard-opus-c-long_policy-03,3072,727.9,0
v5,hard-opus-c-long_policy-04,3072,760.5,0
v5,hard-opus-c-long_policy-05,3072,709.0,0
v5,hard-opus-c-long_policy-08,3072,716.9,0
v5,hard-opus-c-long_policy-10,3072,701.1,0
v5,hard-opus-c-long_policy-11,3072,737.5,0
v5,hard-opus-c-probability-03,553,238.6,0
v5,hard-opus-c-temporal_numeric-02,929,239.9,0
v5,hard-opus-c-temporal_numeric-03,850,237.2,0
v5,hard-opus-c-temporal_numeric-04,761,258.7,0
v5,hard-opus-c-temporal_numeric-06,961,253.5,0
v5,hard-opus-c-temporal_numeric-08,970,239.9,0
v5,hard-opus-c-temporal_numeric-12,801,263.0,0
v5,hard-sol-a-adversarial-01,273,235.7,0
v5,hard-sol-a-adversarial-06,244,235.2,0
v5,hard-sol-a-adversarial-07,289,236.4,0
v5,hard-sol-a-adversarial-08,225,246.7,0
v5,hard-sol-a-adversarial-09,233,256.3,0
v5,hard-sol-a-adversarial-11,294,254.8,0
v5,hard-sol-a-multi_hop-01,2558,595.6,0
v5,hard-sol-a-multi_hop-02,2597,583.6,0
v5,hard-sol-a-multi_hop-05,2513,577.9,0
v5,hard-sol-a-multi_hop-07,2499,571.5,0
v5,hard-sol-a-multi_hop-08,2471,553.9,0
v5,hard-sol-a-multi_hop-09,2479,556.5,0
v5,hard-sol-a-multi_hop-10,2537,583.4,0
v5,hard-sol-a-multi_hop-12,2489,556.8,0
v5,hard-sol-a-trap-02,295,252.4,0
v5,hard-sol-a-trap-04,202,251.2,0
v5,hard-sol-a-trap-05,344,233.3,0
v5,hard-sol-a-trap-06,341,235.1,0
v5,hard-sol-a-trap-08,268,233.9,0
v5,hard-sol-a-trap-10,196,246.6,0
v5,hard-sol-a-trap-13,209,260.1,0
v5,hard-sol-a-trap-15,314,237.3,0
v5,hard-sol-b-judge_hard-01,295,237.9,0
v5,hard-sol-b-judge_hard-02,219,247.7,0
v5,hard-sol-b-judge_hard-05,239,259.7,0
v5,hard-sol-b-judge_hard-08,221,239.2,0
v5,hard-sol-b-judge_hard-10,240,251.9,0
v5,hard-sol-b-judge_hard-14,257,236.5,0
v5,hard-sol-b-judge_hard-15,213,240.2,0
v5,hard-sol-b-judge_hard-18,181,247.2,0
v5,hard-sol-b-long_policy-01,2732,765.4,0
v5,hard-sol-b-long_policy-02,2574,574.9,0
v5,hard-sol-b-long_policy-05,2536,577.3,0
v5,hard-sol-b-long_policy-06,2620,585.1,0
v5,hard-sol-b-routing_hard-01,314,250.2,0
v5,hard-sol-b-routing_hard-02,297,252.8,0
v5,hard-sol-b-routing_hard-03,295,236.5,0
v5,hard-sol-b-routing_hard-07,280,250.8,0
v5,hard-sol-b-routing_hard-09,284,258.6,0
v5,hard-sol-b-temporal_numeric-01,284,253.3,0
v5,hard-sol-b-temporal_numeric-02,298,235.8,0
v5,hard-sol-b-temporal_numeric-03,237,235.1,0
v5,hard-sol-b-temporal_numeric-04,247,234.0,0
v5,hard-sol-c-judge_hard-03,402,230.9,0
v5,hard-sol-c-judge_hard-05,364,245.8,0
v5,hard-sol-c-judge_hard-07,330,234.4,0
v5,hard-sol-c-judge_hard-08,323,233.1,0
v5,hard-sol-c-judge_hard-09,354,250.7,0
v5,hard-sol-c-judge_hard-10,383,248.5,0
v5,hard-sol-c-judge_hard-11,353,235.6,0
v5,hard-sol-c-judge_hard-13,343,236.0,0
v5,hard-sol-c-judge_hard-15,298,235.1,0
v5,hard-sol-c-multi_hop-07,2442,643.7,0
v5,hard-sol-c-multi_hop-09,2455,550.2,0
v5,hard-sol-c-multi_hop-11,2533,578.7,0
v5,hard-sol-c-multi_hop-12,526,253.8,0
v5,hard-sol-c-multi_hop-13,2504,570.5,0
v6,original-policy-01-0,114,555.5,1
v6,original-policy-01-1,117,231.6,0
v6,original-policy-02-0,103,241.5,0
v6,original-policy-02-1,102,227.0,0
v6,original-policy-03-0,105,231.2,0
v6,original-policy-03-1,104,230.1,0
v6,original-policy-04-0,111,228.6,0
v6,original-policy-04-1,108,227.5,0
v6,original-policy-05-0,115,227.5,0
v6,original-policy-05-1,107,234.0,0
v6,original-policy-06-0,117,240.8,0
v6,original-policy-06-1,107,223.1,0
v6,original-intent-01-0,104,245.8,0
v6,original-intent-01-1,105,239.8,0
v6,original-intent-02-0,105,239.4,0
v6,original-intent-02-1,104,227.0,0
v6,original-intent-03-0,106,227.6,0
v6,original-intent-03-1,104,233.4,0
v6,original-intent-04-0,109,231.2,0
v6,original-intent-04-1,104,227.6,0
v6,original-intent-05-0,104,228.1,0
v6,original-intent-05-1,103,244.0,0
v6,original-intent-06-0,102,243.8,0
v6,original-intent-06-1,107,225.8,0
v6,original-ordinal-01-0,122,246.2,0
v6,original-ordinal-01-1,123,228.9,0
v6,original-ordinal-02-0,126,229.4,0
v6,original-ordinal-02-1,127,244.1,0
v6,original-ordinal-03-0,123,229.2,0
v6,original-ordinal-03-1,125,232.6,0
v6,original-ordinal-04-0,125,226.1,0
v6,original-ordinal-04-1,124,228.6,0
v6,original-ordinal-05-0,128,232.4,0
v6,original-ordinal-05-1,127,241.7,0
v6,original-ordinal-06-0,128,241.1,0
v6,original-ordinal-06-1,135,232.2,0
v6,original-extraction-01-0,93,231.5,0
v6,original-extraction-01-1,95,228.5,0
v6,original-extraction-02-0,96,250.8,0
v6,original-extraction-02-1,95,227.6,0
v6,original-extraction-03-0,99,232.1,0
v6,original-extraction-03-1,98,230.0,0
v6,original-extraction-04-0,96,241.7,0
v6,original-extraction-04-1,93,238.2,0
v6,original-extraction-05-0,96,234.4,0
v6,original-extraction-05-1,92,239.3,0
v6,original-extraction-06-0,96,240.7,0
v6,original-extraction-06-1,95,227.3,0
v6,original-adequacy-01-0,99,228.8,0
v6,original-adequacy-01-1,95,228.4,0
v6,original-adequacy-02-0,96,237.7,0
v6,original-adequacy-02-1,96,232.3,0
v6,original-adequacy-03-0,98,236.8,0
v6,original-adequacy-03-1,102,238.5,0
v6,original-adequacy-04-0,102,241.4,0
v6,original-adequacy-04-1,99,231.2,0
v6,original-adequacy-05-0,92,232.9,0
v6,original-adequacy-05-1,92,249.7,0
v6,original-adequacy-06-0,108,232.5,0
v6,original-adequacy-06-1,109,233.9,0
v6,original-routing-01-0,134,232.6,0
v6,original-routing-01-1,130,238.9,0
v6,original-routing-02-0,135,231.8,0
v6,original-routing-02-1,129,234.2,0
v6,original-routing-03-0,134,242.0,0
v6,original-routing-03-1,136,242.0,0
v6,original-routing-04-0,130,223.0,0
v6,original-routing-04-1,129,225.3,0
v6,original-routing-05-0,131,227.6,0
v6,original-routing-05-1,131,240.9,0
v6,original-routing-06-0,130,221.8,0
v6,original-routing-06-1,129,238.9,0
v6,easy-intent-00,124,229.4,0
v6,easy-intent-01,124,238.9,0
v6,easy-intent-02,127,246.3,0
v6,easy-intent-03,116,237.6,0
v6,easy-intent-04,121,235.1,0
v6,easy-intent-05,120,227.8,0
v6,easy-intent-06,112,229.6,0
v6,easy-intent-07,105,244.2,0
v6,easy-intent-08,107,238.6,0
v6,easy-intent-09,110,225.6,0
v6,easy-intent-10,108,229.8,0
v6,easy-intent-11,108,242.3,0
v6,easy-fact-00,97,231.6,0
v6,easy-fact-01,94,249.7,0
v6,easy-fact-02,102,231.6,0
v6,easy-fact-03,105,235.4,0
v6,easy-fact-04,94,227.5,0
v6,easy-fact-05,95,249.5,0
v6,easy-fact-06,115,235.7,0
v6,easy-fact-07,90,234.0,0
v6,easy-fact-08,86,223.2,0
v6,easy-fact-09,86,224.4,0
v6,easy-fact-10,95,229.7,0
v6,easy-fact-11,96,227.5,0
v6,easy-extraction-00,80,236.4,0
v6,easy-extraction-01,82,242.5,0
v6,easy-extraction-02,83,245.1,0
v6,easy-extraction-03,84,229.2,0
v6,easy-extraction-04,82,232.2,0
v6,easy-extraction-05,82,249.4,0
v6,easy-extraction-06,75,227.2,0
v6,easy-extraction-07,73,231.9,0
v6,easy-extraction-08,82,224.8,0
v6,easy-extraction-09,84,247.5,0
v6,easy-extraction-10,80,244.0,0
v6,easy-extraction-11,86,244.8,0
v6,easy-tool_selection-00,115,225.7,0
v6,easy-tool_selection-01,116,228.5,0
v6,easy-tool_selection-02,119,228.7,0
v6,easy-tool_selection-03,117,237.2,0
v6,easy-tool_selection-04,113,225.5,0
v6,easy-tool_selection-05,119,226.6,0
v6,easy-tool_selection-06,123,250.1,0
v6,easy-tool_selection-07,123,228.8,0
v6,easy-tool_selection-08,122,229.5,0
v6,easy-tool_selection-09,119,225.2,0
v6,easy-tool_selection-10,119,226.1,0
v6,easy-tool_selection-11,122,252.3,0
v6,hard-opus-a-long_policy-01,3072,829.3,0
v6,hard-opus-a-long_policy-04,2552,549.5,0
v6,hard-opus-a-long_policy-08,2346,503.7,0
v6,hard-opus-a-long_policy-09,2479,547.4,0
v6,hard-opus-a-long_policy-11,2294,489.1,0
v6,hard-opus-a-long_policy-13,2373,516.0,0
v6,hard-opus-a-long_policy-17,2309,500.3,0
v6,hard-opus-a-long_policy-19,2292,493.0,0
v6,hard-opus-a-probability-03,426,232.7,0
v6,hard-opus-a-probability-04,1091,270.6,0
v6,hard-opus-a-probability-07,1204,280.4,0
v6,hard-opus-a-probability-08,389,237.9,0
v6,hard-opus-a-temporal_numeric-03,481,226.9,0
v6,hard-opus-a-temporal_numeric-06,523,227.8,0
v6,hard-opus-a-temporal_numeric-07,1289,285.8,0
v6,hard-opus-a-temporal_numeric-09,514,241.1,0
v6,hard-opus-a-temporal_numeric-12,592,225.5,0
v6,hard-opus-b-ambiguous-02,523,228.1,0
v6,hard-opus-b-ambiguous-03,477,224.3,0
v6,hard-opus-b-ambiguous-07,482,225.1,0
v6,hard-opus-b-ambiguous-09,620,223.6,0
v6,hard-opus-b-ambiguous-10,505,224.9,0
v6,hard-opus-b-ambiguous-11,450,243.4,0
v6,hard-opus-b-ambiguous-13,580,226.9,0
v6,hard-opus-b-multi_hop-03,2903,643.2,0
v6,hard-opus-b-multi_hop-04,2253,486.8,0
v6,hard-opus-b-multi_hop-05,2532,562.0,0
v6,hard-opus-b-multi_hop-07,2558,539.4,0
v6,hard-opus-b-multi_hop-08,2246,499.8,0
v6,hard-opus-b-probability-01,1866,403.4,0
v6,hard-opus-b-probability-02,480,224.8,0
v6,hard-opus-b-probability-03,1176,283.0,0
v6,hard-opus-b-probability-04,583,221.0,0
v6,hard-opus-b-probability-06,974,241.2,0
v6,hard-opus-b-tradeoff-01,820,240.4,0
v6,hard-opus-b-tradeoff-03,744,236.8,0
v6,hard-opus-b-tradeoff-06,783,241.5,0
v6,hard-opus-b-tradeoff-07,693,224.5,0
v6,hard-opus-b-tradeoff-08,601,227.9,0
v6,hard-opus-b-tradeoff-12,571,226.6,0
v6,hard-opus-c-long_policy-02,3072,723.0,0
v6,hard-opus-c-long_policy-03,3072,713.7,0
v6,hard-opus-c-long_policy-04,3072,738.2,0
v6,hard-opus-c-long_policy-05,3072,697.0,0
v6,hard-opus-c-long_policy-08,3072,695.3,0
v6,hard-opus-c-long_policy-10,3072,690.6,0
v6,hard-opus-c-long_policy-11,3072,719.2,0
v6,hard-opus-c-probability-03,553,246.2,0
v6,hard-opus-c-temporal_numeric-02,929,246.5,0
v6,hard-opus-c-temporal_numeric-03,850,230.5,0
v6,hard-opus-c-temporal_numeric-04,761,245.5,0
v6,hard-opus-c-temporal_numeric-06,961,239.9,0
v6,hard-opus-c-temporal_numeric-08,970,231.4,0
v6,hard-opus-c-temporal_numeric-12,801,224.2,0
v6,hard-sol-a-adversarial-01,273,226.5,0
v6,hard-sol-a-adversarial-06,244,237.1,0
v6,hard-sol-a-adversarial-07,289,230.2,0
v6,hard-sol-a-adversarial-08,225,241.6,0
v6,hard-sol-a-adversarial-09,233,237.8,0
v6,hard-sol-a-adversarial-11,294,226.7,0
v6,hard-sol-a-multi_hop-01,2558,560.7,0
v6,hard-sol-a-multi_hop-02,2597,582.6,0
v6,hard-sol-a-multi_hop-05,2513,559.8,0
v6,hard-sol-a-multi_hop-07,2499,560.9,0
v6,hard-sol-a-multi_hop-08,2471,537.6,0
v6,hard-sol-a-multi_hop-09,2479,548.4,0
v6,hard-sol-a-multi_hop-10,2537,573.6,0
v6,hard-sol-a-multi_hop-12,2489,559.9,0
v6,hard-sol-a-trap-02,295,225.0,0
v6,hard-sol-a-trap-04,202,228.0,0
v6,hard-sol-a-trap-05,344,237.8,0
v6,hard-sol-a-trap-06,341,226.8,0
v6,hard-sol-a-trap-08,268,227.3,0
v6,hard-sol-a-trap-10,196,228.3,0
v6,hard-sol-a-trap-13,209,241.3,0
v6,hard-sol-a-trap-15,314,239.5,0
v6,hard-sol-b-judge_hard-01,295,224.2,0
v6,hard-sol-b-judge_hard-02,219,233.5,0
v6,hard-sol-b-judge_hard-05,239,224.3,0
v6,hard-sol-b-judge_hard-08,221,246.8,0
v6,hard-sol-b-judge_hard-10,240,223.7,0
v6,hard-sol-b-judge_hard-14,257,224.9,0
v6,hard-sol-b-judge_hard-15,213,235.5,0
v6,hard-sol-b-judge_hard-18,181,243.1,0
v6,hard-sol-b-long_policy-01,2732,718.2,0
v6,hard-sol-b-long_policy-02,2574,568.6,0
v6,hard-sol-b-long_policy-05,2536,558.1,0
v6,hard-sol-b-long_policy-06,2620,573.4,0
v6,hard-sol-b-routing_hard-01,314,224.8,0
v6,hard-sol-b-routing_hard-02,297,227.5,0
v6,hard-sol-b-routing_hard-03,295,245.4,0
v6,hard-sol-b-routing_hard-07,280,223.5,0
v6,hard-sol-b-routing_hard-09,284,235.6,0
v6,hard-sol-b-temporal_numeric-01,284,229.3,0
v6,hard-sol-b-temporal_numeric-02,298,231.0,0
v6,hard-sol-b-temporal_numeric-03,237,230.1,0
v6,hard-sol-b-temporal_numeric-04,247,233.1,0
v6,hard-sol-c-judge_hard-03,402,243.9,0
v6,hard-sol-c-judge_hard-05,364,230.1,0
v6,hard-sol-c-judge_hard-07,330,227.4,0
v6,hard-sol-c-judge_hard-08,323,228.4,0
v6,hard-sol-c-judge_hard-09,354,230.1,0
v6,hard-sol-c-judge_hard-10,383,246.4,0
v6,hard-sol-c-judge_hard-11,353,227.0,0
v6,hard-sol-c-judge_hard-13,343,224.8,0
v6,hard-sol-c-judge_hard-15,298,228.4,0
v6,hard-sol-c-multi_hop-07,2442,636.6,0
v6,hard-sol-c-multi_hop-09,2455,522.0,0
v6,hard-sol-c-multi_hop-11,2533,569.9,0
v6,hard-sol-c-multi_hop-12,526,243.2,0
v6,hard-sol-c-multi_hop-13,2504,556.1,0
v7,original-policy-01-0,114,578.5,1
v7,original-policy-01-1,117,242.9,0
v7,original-policy-02-0,103,238.5,0
v7,original-policy-02-1,102,242.5,0
v7,original-policy-03-0,105,240.4,0
v7,original-policy-03-1,104,236.8,0
v7,original-policy-04-0,111,238.7,0
v7,original-policy-04-1,108,238.6,0
v7,original-policy-05-0,115,239.6,0
v7,original-policy-05-1,107,253.7,0
v7,original-policy-06-0,117,242.4,0
v7,original-policy-06-1,107,250.9,0
v7,original-intent-01-0,104,258.8,0
v7,original-intent-01-1,105,240.3,0
v7,original-intent-02-0,105,237.9,0
v7,original-intent-02-1,104,249.0,0
v7,original-intent-03-0,106,258.5,0
v7,original-intent-03-1,104,239.8,0
v7,original-intent-04-0,109,242.8,0
v7,original-intent-04-1,104,255.4,0
v7,original-intent-05-0,104,239.7,0
v7,original-intent-05-1,103,246.2,0
v7,original-intent-06-0,102,233.6,0
v7,original-intent-06-1,107,237.8,0
v7,original-ordinal-01-0,122,234.9,0
v7,original-ordinal-01-1,123,248.8,0
v7,original-ordinal-02-0,126,238.7,0
v7,original-ordinal-02-1,127,238.5,0
v7,original-ordinal-03-0,123,260.6,0
v7,original-ordinal-03-1,125,242.0,0
v7,original-ordinal-04-0,125,245.6,0
v7,original-ordinal-04-1,124,253.0,0
v7,original-ordinal-05-0,128,251.6,0
v7,original-ordinal-05-1,127,257.3,0
v7,original-ordinal-06-0,128,242.4,0
v7,original-ordinal-06-1,135,251.3,0
v7,original-extraction-01-0,93,238.1,0
v7,original-extraction-01-1,95,263.8,0
v7,original-extraction-02-0,96,242.8,0
v7,original-extraction-02-1,95,255.6,0
v7,original-extraction-03-0,99,241.3,0
v7,original-extraction-03-1,98,239.8,0
v7,original-extraction-04-0,96,259.5,0
v7,original-extraction-04-1,93,242.4,0
v7,original-extraction-05-0,96,240.8,0
v7,original-extraction-05-1,92,255.1,0
v7,original-extraction-06-0,96,243.2,0
v7,original-extraction-06-1,95,260.9,0
v7,original-adequacy-01-0,99,244.6,0
v7,original-adequacy-01-1,95,259.8,0
v7,original-adequacy-02-0,96,241.5,0
v7,original-adequacy-02-1,96,239.5,0
v7,original-adequacy-03-0,98,241.4,0
v7,original-adequacy-03-1,102,241.8,0
v7,original-adequacy-04-0,102,241.8,0
v7,original-adequacy-04-1,99,256.2,0
v7,original-adequacy-05-0,92,237.2,0
v7,original-adequacy-05-1,92,252.9,0
v7,original-adequacy-06-0,108,254.2,0
v7,original-adequacy-06-1,109,258.2,0
v7,original-routing-01-0,134,241.3,0
v7,original-routing-01-1,130,236.3,0
v7,original-routing-02-0,135,238.8,0
v7,original-routing-02-1,129,244.1,0
v7,original-routing-03-0,134,258.2,0
v7,original-routing-03-1,136,238.7,0
v7,original-routing-04-0,130,249.4,0
v7,original-routing-04-1,129,233.6,0
v7,original-routing-05-0,131,255.8,0
v7,original-routing-05-1,131,242.8,0
v7,original-routing-06-0,130,256.5,0
v7,original-routing-06-1,129,255.7,0
v7,easy-intent-00,124,239.9,0
v7,easy-intent-01,124,243.6,0
v7,easy-intent-02,127,243.1,0
v7,easy-intent-03,116,242.2,0
v7,easy-intent-04,121,239.2,0
v7,easy-intent-05,120,257.2,0
v7,easy-intent-06,112,260.5,0
v7,easy-intent-07,105,237.4,0
v7,easy-intent-08,107,240.8,0
v7,easy-intent-09,110,252.9,0
v7,easy-intent-10,108,255.4,0
v7,easy-intent-11,108,258.2,0
v7,easy-fact-00,97,265.2,0
v7,easy-fact-01,94,254.2,0
v7,easy-fact-02,102,259.4,0
v7,easy-fact-03,105,243.8,0
v7,easy-fact-04,94,262.5,0
v7,easy-fact-05,95,243.0,0
v7,easy-fact-06,115,251.6,0
v7,easy-fact-07,90,238.4,0
v7,easy-fact-08,86,241.0,0
v7,easy-fact-09,86,237.6,0
v7,easy-fact-10,95,245.7,0
v7,easy-fact-11,96,267.9,0
v7,easy-extraction-00,80,255.5,0
v7,easy-extraction-01,82,235.8,0
v7,easy-extraction-02,83,237.3,0
v7,easy-extraction-03,84,257.6,0
v7,easy-extraction-04,82,262.6,0
v7,easy-extraction-05,82,258.4,0
v7,easy-extraction-06,75,241.7,0
v7,easy-extraction-07,73,234.5,0
v7,easy-extraction-08,82,262.3,0
v7,easy-extraction-09,84,255.8,0
v7,easy-extraction-10,80,238.2,0
v7,easy-extraction-11,86,240.6,0
v7,easy-tool_selection-00,115,238.2,0
v7,easy-tool_selection-01,116,241.7,0
v7,easy-tool_selection-02,119,238.5,0
v7,easy-tool_selection-03,117,239.5,0
v7,easy-tool_selection-04,113,248.8,0
v7,easy-tool_selection-05,119,249.4,0
v7,easy-tool_selection-06,123,249.7,0
v7,easy-tool_selection-07,123,238.6,0
v7,easy-tool_selection-08,122,241.0,0
v7,easy-tool_selection-09,119,248.1,0
v7,easy-tool_selection-10,119,247.2,0
v7,easy-tool_selection-11,122,236.9,0
v7,hard-opus-a-long_policy-01,3072,854.5,0
v7,hard-opus-a-long_policy-04,2552,554.7,0
v7,hard-opus-a-long_policy-08,2346,510.5,0
v7,hard-opus-a-long_policy-09,2479,560.4,0
v7,hard-opus-a-long_policy-11,2294,494.0,0
v7,hard-opus-a-long_policy-13,2373,507.1,0
v7,hard-opus-a-long_policy-17,2309,519.9,0
v7,hard-opus-a-long_policy-19,2292,499.0,0
v7,hard-opus-a-probability-03,426,241.7,0
v7,hard-opus-a-probability-04,1091,279.2,0
v7,hard-opus-a-probability-07,1204,296.6,0
v7,hard-opus-a-probability-08,389,235.7,0
v7,hard-opus-a-temporal_numeric-03,481,242.3,0
v7,hard-opus-a-temporal_numeric-06,523,235.1,0
v7,hard-opus-a-temporal_numeric-07,1289,289.9,0
v7,hard-opus-a-temporal_numeric-09,514,254.7,0
v7,hard-opus-a-temporal_numeric-12,592,252.9,0
v7,hard-opus-b-ambiguous-02,523,252.3,0
v7,hard-opus-b-ambiguous-03,477,235.9,0
v7,hard-opus-b-ambiguous-07,482,248.0,0
v7,hard-opus-b-ambiguous-09,620,247.4,0
v7,hard-opus-b-ambiguous-10,505,241.1,0
v7,hard-opus-b-ambiguous-11,450,240.1,0
v7,hard-opus-b-ambiguous-13,580,251.7,0
v7,hard-opus-b-multi_hop-03,2903,650.7,0
v7,hard-opus-b-multi_hop-04,2253,491.9,0
v7,hard-opus-b-multi_hop-05,2532,549.7,0
v7,hard-opus-b-multi_hop-07,2558,545.5,0
v7,hard-opus-b-multi_hop-08,2246,488.9,0
v7,hard-opus-b-probability-01,1866,428.9,0
v7,hard-opus-b-probability-02,480,238.7,0
v7,hard-opus-b-probability-03,1176,293.2,0
v7,hard-opus-b-probability-04,583,236.4,0
v7,hard-opus-b-probability-06,974,244.5,0
v7,hard-opus-b-tradeoff-01,820,252.0,0
v7,hard-opus-b-tradeoff-03,744,256.2,0
v7,hard-opus-b-tradeoff-06,783,246.0,0
v7,hard-opus-b-tradeoff-07,693,234.0,0
v7,hard-opus-b-tradeoff-08,601,243.1,0
v7,hard-opus-b-tradeoff-12,571,234.2,0
v7,hard-opus-c-long_policy-02,3072,719.4,0
v7,hard-opus-c-long_policy-03,3072,730.3,0
v7,hard-opus-c-long_policy-04,3072,741.0,0
v7,hard-opus-c-long_policy-05,3072,710.7,0
v7,hard-opus-c-long_policy-08,3072,714.6,0
v7,hard-opus-c-long_policy-10,3072,708.5,0
v7,hard-opus-c-long_policy-11,3072,733.3,0
v7,hard-opus-c-probability-03,553,237.0,0
v7,hard-opus-c-temporal_numeric-02,929,236.6,0
v7,hard-opus-c-temporal_numeric-03,850,241.8,0
v7,hard-opus-c-temporal_numeric-04,761,235.2,0
v7,hard-opus-c-temporal_numeric-06,961,232.2,0
v7,hard-opus-c-temporal_numeric-08,970,236.4,0
v7,hard-opus-c-temporal_numeric-12,801,234.8,0
v7,hard-sol-a-adversarial-01,273,251.5,0
v7,hard-sol-a-adversarial-06,244,234.8,0
v7,hard-sol-a-adversarial-07,289,247.7,0
v7,hard-sol-a-adversarial-08,225,239.3,0
v7,hard-sol-a-adversarial-09,233,251.3,0
v7,hard-sol-a-adversarial-11,294,238.0,0
v7,hard-sol-a-multi_hop-01,2558,571.3,0
v7,hard-sol-a-multi_hop-02,2597,586.5,0
v7,hard-sol-a-multi_hop-05,2513,568.7,0
v7,hard-sol-a-multi_hop-07,2499,576.7,0
v7,hard-sol-a-multi_hop-08,2471,537.0,0
v7,hard-sol-a-multi_hop-09,2479,567.9,0
v7,hard-sol-a-multi_hop-10,2537,564.8,0
v7,hard-sol-a-multi_hop-12,2489,556.0,0
v7,hard-sol-a-trap-02,295,237.3,0
v7,hard-sol-a-trap-04,202,239.9,0
v7,hard-sol-a-trap-05,344,236.9,0
v7,hard-sol-a-trap-06,341,247.1,0
v7,hard-sol-a-trap-08,268,239.6,0
v7,hard-sol-a-trap-10,196,252.2,0
v7,hard-sol-a-trap-13,209,238.6,0
v7,hard-sol-a-trap-15,314,236.0,0
v7,hard-sol-b-judge_hard-01,295,234.1,0
v7,hard-sol-b-judge_hard-02,219,253.3,0
v7,hard-sol-b-judge_hard-05,239,234.3,0
v7,hard-sol-b-judge_hard-08,221,246.0,0
v7,hard-sol-b-judge_hard-10,240,234.8,0
v7,hard-sol-b-judge_hard-14,257,236.3,0
v7,hard-sol-b-judge_hard-15,213,257.6,0
v7,hard-sol-b-judge_hard-18,181,237.8,0
v7,hard-sol-b-long_policy-01,2732,745.6,0
v7,hard-sol-b-long_policy-02,2574,575.8,0
v7,hard-sol-b-long_policy-05,2536,567.5,0
v7,hard-sol-b-long_policy-06,2620,577.0,0
v7,hard-sol-b-routing_hard-01,314,253.9,0
v7,hard-sol-b-routing_hard-02,297,260.1,0
v7,hard-sol-b-routing_hard-03,295,242.9,0
v7,hard-sol-b-routing_hard-07,280,246.3,0
v7,hard-sol-b-routing_hard-09,284,231.0,0
v7,hard-sol-b-temporal_numeric-01,284,235.7,0
v7,hard-sol-b-temporal_numeric-02,298,233.1,0
v7,hard-sol-b-temporal_numeric-03,237,235.1,0
v7,hard-sol-b-temporal_numeric-04,247,244.6,0
v7,hard-sol-c-judge_hard-03,402,252.5,0
v7,hard-sol-c-judge_hard-05,364,231.4,0
v7,hard-sol-c-judge_hard-07,330,233.8,0
v7,hard-sol-c-judge_hard-08,323,249.9,0
v7,hard-sol-c-judge_hard-09,354,232.8,0
v7,hard-sol-c-judge_hard-10,383,232.9,0
v7,hard-sol-c-judge_hard-11,353,233.9,0
v7,hard-sol-c-judge_hard-13,343,248.9,0
v7,hard-sol-c-judge_hard-15,298,237.9,0
v7,hard-sol-c-multi_hop-07,2442,634.1,0
v7,hard-sol-c-multi_hop-09,2455,526.4,0
v7,hard-sol-c-multi_hop-11,2533,570.3,0
v7,hard-sol-c-multi_hop-12,526,238.1,0
v7,hard-sol-c-multi_hop-13,2504,566.3,0
v8,original-policy-01-0,114,567.1,1
v8,original-policy-01-1,117,230.4,0
v8,original-policy-02-0,103,230.6,0
v8,original-policy-02-1,102,231.5,0
v8,original-policy-03-0,105,229.1,0
v8,original-policy-03-1,104,242.5,0
v8,original-policy-04-0,111,227.8,0
v8,original-policy-04-1,108,248.3,0
v8,original-policy-05-0,115,227.7,0
v8,original-policy-05-1,107,241.5,0
v8,original-policy-06-0,117,245.9,0
v8,original-policy-06-1,107,228.6,0
v8,original-intent-01-0,104,235.2,0
v8,original-intent-01-1,105,227.5,0
v8,original-intent-02-0,105,230.0,0
v8,original-intent-02-1,104,232.0,0
v8,original-intent-03-0,106,246.8,0
v8,original-intent-03-1,104,227.6,0
v8,original-intent-04-0,109,228.7,0
v8,original-intent-04-1,104,232.3,0
v8,original-intent-05-0,104,231.4,0
v8,original-intent-05-1,103,244.1,0
v8,original-intent-06-0,102,226.4,0
v8,original-intent-06-1,107,232.6,0
v8,original-ordinal-01-0,122,228.4,0
v8,original-ordinal-01-1,123,228.8,0
v8,original-ordinal-02-0,126,243.0,0
v8,original-ordinal-02-1,127,243.6,0
v8,original-ordinal-03-0,123,228.3,0
v8,original-ordinal-03-1,125,227.2,0
v8,original-ordinal-04-0,125,227.0,0
v8,original-ordinal-04-1,124,235.3,0
v8,original-ordinal-05-0,128,244.7,0
v8,original-ordinal-05-1,127,229.6,0
v8,original-ordinal-06-0,128,231.5,0
v8,original-ordinal-06-1,135,232.6,0
v8,original-extraction-01-0,93,230.5,0
v8,original-extraction-01-1,95,230.3,0
v8,original-extraction-02-0,96,228.3,0
v8,original-extraction-02-1,95,233.0,0
v8,original-extraction-03-0,99,236.4,0
v8,original-extraction-03-1,98,251.9,0
v8,original-extraction-04-0,96,239.2,0
v8,original-extraction-04-1,93,248.6,0
v8,original-extraction-05-0,96,232.6,0
v8,original-extraction-05-1,92,226.5,0
v8,original-extraction-06-0,96,232.8,0
v8,original-extraction-06-1,95,230.5,0
v8,original-adequacy-01-0,99,236.1,0
v8,original-adequacy-01-1,95,245.1,0
v8,original-adequacy-02-0,96,251.7,0
v8,original-adequacy-02-1,96,233.2,0
v8,original-adequacy-03-0,98,233.2,0
v8,original-adequacy-03-1,102,228.8,0
v8,original-adequacy-04-0,102,254.6,0
v8,original-adequacy-04-1,99,236.5,0
v8,original-adequacy-05-0,92,231.1,0
v8,original-adequacy-05-1,92,232.1,0
v8,original-adequacy-06-0,108,245.7,0
v8,original-adequacy-06-1,109,230.0,0
v8,original-routing-01-0,134,240.0,0
v8,original-routing-01-1,130,236.7,0
v8,original-routing-02-0,135,248.6,0
v8,original-routing-02-1,129,226.7,0
v8,original-routing-03-0,134,227.4,0
v8,original-routing-03-1,136,225.3,0
v8,original-routing-04-0,130,239.8,0
v8,original-routing-04-1,129,220.3,0
v8,original-routing-05-0,131,229.8,0
v8,original-routing-05-1,131,232.0,0
v8,original-routing-06-0,130,225.2,0
v8,original-routing-06-1,129,223.6,0
v8,easy-intent-00,124,242.7,0
v8,easy-intent-01,124,230.0,0
v8,easy-intent-02,127,242.2,0
v8,easy-intent-03,116,234.0,0
v8,easy-intent-04,121,225.5,0
v8,easy-intent-05,120,244.4,0
v8,easy-intent-06,112,254.1,0
v8,easy-intent-07,105,228.7,0
v8,easy-intent-08,107,248.3,0
v8,easy-intent-09,110,246.5,0
v8,easy-intent-10,108,233.2,0
v8,easy-intent-11,108,244.8,0
v8,easy-fact-00,97,234.2,0
v8,easy-fact-01,94,233.0,0
v8,easy-fact-02,102,245.7,0
v8,easy-fact-03,105,242.9,0
v8,easy-fact-04,94,248.8,0
v8,easy-fact-05,95,249.8,0
v8,easy-fact-06,115,233.5,0
v8,easy-fact-07,90,245.7,0
v8,easy-fact-08,86,252.9,0
v8,easy-fact-09,86,224.8,0
v8,easy-fact-10,95,232.7,0
v8,easy-fact-11,96,244.9,0
v8,easy-extraction-00,80,223.1,0
v8,easy-extraction-01,82,222.7,0
v8,easy-extraction-02,83,224.6,0
v8,easy-extraction-03,84,233.0,0
v8,easy-extraction-04,82,245.8,0
v8,easy-extraction-05,82,231.7,0
v8,easy-extraction-06,75,246.3,0
v8,easy-extraction-07,73,236.3,0
v8,easy-extraction-08,82,226.0,0
v8,easy-extraction-09,84,235.2,0
v8,easy-extraction-10,80,225.3,0
v8,easy-extraction-11,86,247.0,0
v8,easy-tool_selection-00,115,243.1,0
v8,easy-tool_selection-01,116,226.8,0
v8,easy-tool_selection-02,119,227.5,0
v8,easy-tool_selection-03,117,244.8,0
v8,easy-tool_selection-04,113,224.7,0
v8,easy-tool_selection-05,119,236.3,0
v8,easy-tool_selection-06,123,228.6,0
v8,easy-tool_selection-07,123,235.2,0
v8,easy-tool_selection-08,122,232.3,0
v8,easy-tool_selection-09,119,226.3,0
v8,easy-tool_selection-10,119,223.9,0
v8,easy-tool_selection-11,122,243.5,0
v8,hard-opus-a-long_policy-01,3072,837.5,0
v8,hard-opus-a-long_policy-04,2552,534.0,0
v8,hard-opus-a-long_policy-08,2346,503.1,0
v8,hard-opus-a-long_policy-09,2479,548.0,0
v8,hard-opus-a-long_policy-11,2294,491.8,0
v8,hard-opus-a-long_policy-13,2373,508.1,0
v8,hard-opus-a-long_policy-17,2309,491.8,0
v8,hard-opus-a-long_policy-19,2292,508.0,0
v8,hard-opus-a-probability-03,426,248.6,0
v8,hard-opus-a-probability-04,1091,279.2,0
v8,hard-opus-a-probability-07,1204,286.1,0
v8,hard-opus-a-probability-08,389,225.8,0
v8,hard-opus-a-temporal_numeric-03,481,230.5,0
v8,hard-opus-a-temporal_numeric-06,523,237.7,0
v8,hard-opus-a-temporal_numeric-07,1289,297.2,0
v8,hard-opus-a-temporal_numeric-09,514,229.7,0
v8,hard-opus-a-temporal_numeric-12,592,228.9,0
v8,hard-opus-b-ambiguous-02,523,232.3,0
v8,hard-opus-b-ambiguous-03,477,224.3,0
v8,hard-opus-b-ambiguous-07,482,242.6,0
v8,hard-opus-b-ambiguous-09,620,242.2,0
v8,hard-opus-b-ambiguous-10,505,229.6,0
v8,hard-opus-b-ambiguous-11,450,229.6,0
v8,hard-opus-b-ambiguous-13,580,224.5,0
v8,hard-opus-b-multi_hop-03,2903,646.5,0
v8,hard-opus-b-multi_hop-04,2253,507.1,0
v8,hard-opus-b-multi_hop-05,2532,543.0,0
v8,hard-opus-b-multi_hop-07,2558,564.8,0
v8,hard-opus-b-multi_hop-08,2246,484.1,0
v8,hard-opus-b-probability-01,1866,404.7,0
v8,hard-opus-b-probability-02,480,223.9,0
v8,hard-opus-b-probability-03,1176,272.8,0
v8,hard-opus-b-probability-04,583,226.4,0
v8,hard-opus-b-probability-06,974,238.3,0
v8,hard-opus-b-tradeoff-01,820,226.8,0
v8,hard-opus-b-tradeoff-03,744,237.4,0
v8,hard-opus-b-tradeoff-06,783,228.1,0
v8,hard-opus-b-tradeoff-07,693,225.2,0
v8,hard-opus-b-tradeoff-08,601,227.3,0
v8,hard-opus-b-tradeoff-12,571,226.6,0
v8,hard-opus-c-long_policy-02,3072,722.9,0
v8,hard-opus-c-long_policy-03,3072,726.4,0
v8,hard-opus-c-long_policy-04,3072,759.7,0
v8,hard-opus-c-long_policy-05,3072,705.0,0
v8,hard-opus-c-long_policy-08,3072,698.2,0
v8,hard-opus-c-long_policy-10,3072,715.8,0
v8,hard-opus-c-long_policy-11,3072,719.6,0
v8,hard-opus-c-probability-03,553,227.2,0
v8,hard-opus-c-temporal_numeric-02,929,231.1,0
v8,hard-opus-c-temporal_numeric-03,850,224.0,0
v8,hard-opus-c-temporal_numeric-04,761,228.2,0
v8,hard-opus-c-temporal_numeric-06,961,236.1,0
v8,hard-opus-c-temporal_numeric-08,970,236.6,0
v8,hard-opus-c-temporal_numeric-12,801,223.4,0
v8,hard-sol-a-adversarial-01,273,224.5,0
v8,hard-sol-a-adversarial-06,244,236.3,0
v8,hard-sol-a-adversarial-07,289,229.4,0
v8,hard-sol-a-adversarial-08,225,239.9,0
v8,hard-sol-a-adversarial-09,233,228.5,0
v8,hard-sol-a-adversarial-11,294,243.5,0
v8,hard-sol-a-multi_hop-01,2558,576.3,0
v8,hard-sol-a-multi_hop-02,2597,582.5,0
v8,hard-sol-a-multi_hop-05,2513,554.9,0
v8,hard-sol-a-multi_hop-07,2499,568.2,0
v8,hard-sol-a-multi_hop-08,2471,531.3,0
v8,hard-sol-a-multi_hop-09,2479,569.2,0
v8,hard-sol-a-multi_hop-10,2537,572.1,0
v8,hard-sol-a-multi_hop-12,2489,563.1,0
v8,hard-sol-a-trap-02,295,238.1,0
v8,hard-sol-a-trap-04,202,238.3,0
v8,hard-sol-a-trap-05,344,245.0,0
v8,hard-sol-a-trap-06,341,243.9,0
v8,hard-sol-a-trap-08,268,231.2,0
v8,hard-sol-a-trap-10,196,230.1,0
v8,hard-sol-a-trap-13,209,225.0,0
v8,hard-sol-a-trap-15,314,227.7,0
v8,hard-sol-b-judge_hard-01,295,224.7,0
v8,hard-sol-b-judge_hard-02,219,246.1,0
v8,hard-sol-b-judge_hard-05,239,228.0,0
v8,hard-sol-b-judge_hard-08,221,225.0,0
v8,hard-sol-b-judge_hard-10,240,222.2,0
v8,hard-sol-b-judge_hard-14,257,226.9,0
v8,hard-sol-b-judge_hard-15,213,237.3,0
v8,hard-sol-b-judge_hard-18,181,240.8,0
v8,hard-sol-b-long_policy-01,2732,713.7,0
v8,hard-sol-b-long_policy-02,2574,559.9,0
v8,hard-sol-b-long_policy-05,2536,562.4,0
v8,hard-sol-b-long_policy-06,2620,584.4,0
v8,hard-sol-b-routing_hard-01,314,245.5,0
v8,hard-sol-b-routing_hard-02,297,223.4,0
v8,hard-sol-b-routing_hard-03,295,245.0,0
v8,hard-sol-b-routing_hard-07,280,240.8,0
v8,hard-sol-b-routing_hard-09,284,242.8,0
v8,hard-sol-b-temporal_numeric-01,284,224.0,0
v8,hard-sol-b-temporal_numeric-02,298,238.8,0
v8,hard-sol-b-temporal_numeric-03,237,225.3,0
v8,hard-sol-b-temporal_numeric-04,247,244.0,0
v8,hard-sol-c-judge_hard-03,402,238.7,0
v8,hard-sol-c-judge_hard-05,364,235.4,0
v8,hard-sol-c-judge_hard-07,330,221.9,0
v8,hard-sol-c-judge_hard-08,323,226.4,0
v8,hard-sol-c-judge_hard-09,354,244.8,0
v8,hard-sol-c-judge_hard-10,383,223.8,0
v8,hard-sol-c-judge_hard-11,353,227.5,0
v8,hard-sol-c-judge_hard-13,343,224.4,0
v8,hard-sol-c-judge_hard-15,298,224.9,0
v8,hard-sol-c-multi_hop-07,2442,602.3,0
v8,hard-sol-c-multi_hop-09,2455,517.8,0
v8,hard-sol-c-multi_hop-11,2533,564.9,0
v8,hard-sol-c-multi_hop-12,526,236.6,0
v8,hard-sol-c-multi_hop-13,2504,546.7,0
v9,original-policy-01-0,114,630.1,1
v9,original-policy-01-1,117,232.4,0
v9,original-policy-02-0,103,215.3,0
v9,original-policy-02-1,102,230.5,0
v9,original-policy-03-0,105,218.3,0
v9,original-policy-03-1,104,229.0,0
v9,original-policy-04-0,111,213.5,0
v9,original-policy-04-1,108,212.9,0
v9,original-policy-05-0,115,223.6,0
v9,original-policy-05-1,107,212.6,0
v9,original-policy-06-0,117,219.2,0
v9,original-policy-06-1,107,221.9,0
v9,original-intent-01-0,104,217.8,0
v9,original-intent-01-1,105,222.1,0
v9,original-intent-02-0,105,220.6,0
v9,original-intent-02-1,104,219.1,0
v9,original-intent-03-0,106,221.4,0
v9,original-intent-03-1,104,225.6,0
v9,original-intent-04-0,109,218.9,0
v9,original-intent-04-1,104,220.0,0
v9,original-intent-05-0,104,221.9,0
v9,original-intent-05-1,103,224.0,0
v9,original-intent-06-0,102,232.3,0
v9,original-intent-06-1,107,229.8,0
v9,original-ordinal-01-0,122,214.4,0
v9,original-ordinal-01-1,123,234.8,0
v9,original-ordinal-02-0,126,234.1,0
v9,original-ordinal-02-1,127,235.7,0
v9,original-ordinal-03-0,123,216.9,0
v9,original-ordinal-03-1,125,231.8,0
v9,original-ordinal-04-0,125,220.4,0
v9,original-ordinal-04-1,124,219.8,0
v9,original-ordinal-05-0,128,220.8,0
v9,original-ordinal-05-1,127,241.9,0
v9,original-ordinal-06-0,128,220.2,0
v9,original-ordinal-06-1,135,238.3,0
v9,original-extraction-01-0,93,235.9,0
v9,original-extraction-01-1,95,216.9,0
v9,original-extraction-02-0,96,216.3,0
v9,original-extraction-02-1,95,220.5,0
v9,original-extraction-03-0,99,221.0,0
v9,original-extraction-03-1,98,222.0,0
v9,original-extraction-04-0,96,219.9,0
v9,original-extraction-04-1,93,217.8,0
v9,original-extraction-05-0,96,217.3,0
v9,original-extraction-05-1,92,218.9,0
v9,original-extraction-06-0,96,220.6,0
v9,original-extraction-06-1,95,240.6,0
v9,original-adequacy-01-0,99,217.8,0
v9,original-adequacy-01-1,95,225.4,0
v9,original-adequacy-02-0,96,218.2,0
v9,original-adequacy-02-1,96,215.7,0
v9,original-adequacy-03-0,98,221.9,0
v9,original-adequacy-03-1,102,230.9,0
v9,original-adequacy-04-0,102,215.3,0
v9,original-adequacy-04-1,99,214.8,0
v9,original-adequacy-05-0,92,217.5,0
v9,original-adequacy-05-1,92,231.4,0
v9,original-adequacy-06-0,108,222.7,0
v9,original-adequacy-06-1,109,218.2,0
v9,original-routing-01-0,134,235.0,0
v9,original-routing-01-1,130,217.9,0
v9,original-routing-02-0,135,233.8,0
v9,original-routing-02-1,129,215.3,0
v9,original-routing-03-0,134,241.3,0
v9,original-routing-03-1,136,228.0,0
v9,original-routing-04-0,130,217.6,0
v9,original-routing-04-1,129,213.5,0
v9,original-routing-05-0,131,221.4,0
v9,original-routing-05-1,131,219.1,0
v9,original-routing-06-0,130,212.4,0
v9,original-routing-06-1,129,225.4,0
v9,easy-intent-00,124,229.1,0
v9,easy-intent-01,124,235.7,0
v9,easy-intent-02,127,237.6,0
v9,easy-intent-03,116,213.1,0
v9,easy-intent-04,121,214.3,0
v9,easy-intent-05,120,220.0,0
v9,easy-intent-06,112,219.6,0
v9,easy-intent-07,105,215.0,0
v9,easy-intent-08,107,217.7,0
v9,easy-intent-09,110,214.8,0
v9,easy-intent-10,108,228.3,0
v9,easy-intent-11,108,237.5,0
v9,easy-fact-00,97,216.3,0
v9,easy-fact-01,94,221.9,0
v9,easy-fact-02,102,220.4,0
v9,easy-fact-03,105,221.7,0
v9,easy-fact-04,94,222.1,0
v9,easy-fact-05,95,230.4,0
v9,easy-fact-06,115,217.2,0
v9,easy-fact-07,90,211.9,0
v9,easy-fact-08,86,227.5,0
v9,easy-fact-09,86,221.9,0
v9,easy-fact-10,95,239.1,0
v9,easy-fact-11,96,235.1,0
v9,easy-extraction-00,80,213.2,0
v9,easy-extraction-01,82,211.9,0
v9,easy-extraction-02,83,216.8,0
v9,easy-extraction-03,84,217.9,0
v9,easy-extraction-04,82,223.0,0
v9,easy-extraction-05,82,219.0,0
v9,easy-extraction-06,75,215.4,0
v9,easy-extraction-07,73,209.5,0
v9,easy-extraction-08,82,217.2,0
v9,easy-extraction-09,84,236.5,0
v9,easy-extraction-10,80,211.6,0
v9,easy-extraction-11,86,217.7,0
v9,easy-tool_selection-00,115,235.2,0
v9,easy-tool_selection-01,116,219.9,0
v9,easy-tool_selection-02,119,226.1,0
v9,easy-tool_selection-03,117,222.1,0
v9,easy-tool_selection-04,113,228.0,0
v9,easy-tool_selection-05,119,234.1,0
v9,easy-tool_selection-06,123,219.4,0
v9,easy-tool_selection-07,123,223.1,0
v9,easy-tool_selection-08,122,240.5,0
v9,easy-tool_selection-09,119,213.5,0
v9,easy-tool_selection-10,119,211.7,0
v9,easy-tool_selection-11,122,237.0,0
v9,hard-opus-a-long_policy-01,3072,874.0,0
v9,hard-opus-a-long_policy-04,2552,553.9,0
v9,hard-opus-a-long_policy-08,2346,526.7,0
v9,hard-opus-a-long_policy-09,2479,554.4,0
v9,hard-opus-a-long_policy-11,2294,535.8,0
v9,hard-opus-a-long_policy-13,2373,506.0,0
v9,hard-opus-a-long_policy-17,2309,514.6,0
v9,hard-opus-a-long_policy-19,2292,502.8,0
v9,hard-opus-a-probability-03,426,225.1,0
v9,hard-opus-a-probability-04,1091,248.5,0
v9,hard-opus-a-probability-07,1204,277.6,0
v9,hard-opus-a-probability-08,389,211.7,0
v9,hard-opus-a-temporal_numeric-03,481,212.0,0
v9,hard-opus-a-temporal_numeric-06,523,232.2,0
v9,hard-opus-a-temporal_numeric-07,1289,278.9,0
v9,hard-opus-a-temporal_numeric-09,514,206.9,0
v9,hard-opus-a-temporal_numeric-12,592,211.3,0
v9,hard-opus-b-ambiguous-02,523,212.5,0
v9,hard-opus-b-ambiguous-03,477,207.4,0
v9,hard-opus-b-ambiguous-07,482,229.6,0
v9,hard-opus-b-ambiguous-09,620,217.5,0
v9,hard-opus-b-ambiguous-10,505,218.5,0
v9,hard-opus-b-ambiguous-11,450,230.1,0
v9,hard-opus-b-ambiguous-13,580,218.2,0
v9,hard-opus-b-multi_hop-03,2903,673.0,0
v9,hard-opus-b-multi_hop-04,2253,508.7,0
v9,hard-opus-b-multi_hop-05,2532,564.1,0
v9,hard-opus-b-multi_hop-07,2558,580.2,0
v9,hard-opus-b-multi_hop-08,2246,505.2,0
v9,hard-opus-b-probability-01,1866,452.8,0
v9,hard-opus-b-probability-02,480,248.9,0
v9,hard-opus-b-probability-03,1176,282.8,0
v9,hard-opus-b-probability-04,583,215.3,0
v9,hard-opus-b-probability-06,974,237.5,0
v9,hard-opus-b-tradeoff-01,820,207.1,0
v9,hard-opus-b-tradeoff-03,744,215.3,0
v9,hard-opus-b-tradeoff-06,783,219.7,0
v9,hard-opus-b-tradeoff-07,693,224.6,0
v9,hard-opus-b-tradeoff-08,601,210.7,0
v9,hard-opus-b-tradeoff-12,571,208.6,0
v9,hard-opus-c-long_policy-02,3072,713.6,0
v9,hard-opus-c-long_policy-03,3072,742.2,0
v9,hard-opus-c-long_policy-04,3072,765.3,0
v9,hard-opus-c-long_policy-05,3072,733.2,0
v9,hard-opus-c-long_policy-08,3072,727.8,0
v9,hard-opus-c-long_policy-10,3072,741.7,0
v9,hard-opus-c-long_policy-11,3072,747.1,0
v9,hard-opus-c-probability-03,553,209.1,0
v9,hard-opus-c-temporal_numeric-02,929,225.0,0
v9,hard-opus-c-temporal_numeric-03,850,234.6,0
v9,hard-opus-c-temporal_numeric-04,761,233.2,0
v9,hard-opus-c-temporal_numeric-06,961,213.6,0
v9,hard-opus-c-temporal_numeric-08,970,227.6,0
v9,hard-opus-c-temporal_numeric-12,801,215.0,0
v9,hard-sol-a-adversarial-01,273,212.9,0
v9,hard-sol-a-adversarial-06,244,215.2,0
v9,hard-sol-a-adversarial-07,289,221.6,0
v9,hard-sol-a-adversarial-08,225,212.5,0
v9,hard-sol-a-adversarial-09,233,217.0,0
v9,hard-sol-a-adversarial-11,294,213.5,0
v9,hard-sol-a-multi_hop-01,2558,567.3,0
v9,hard-sol-a-multi_hop-02,2597,578.7,0
v9,hard-sol-a-multi_hop-05,2513,576.8,0
v9,hard-sol-a-multi_hop-07,2499,575.7,0
v9,hard-sol-a-multi_hop-08,2471,554.6,0
v9,hard-sol-a-multi_hop-09,2479,585.5,0
v9,hard-sol-a-multi_hop-10,2537,584.0,0
v9,hard-sol-a-multi_hop-12,2489,588.1,0
v9,hard-sol-a-trap-02,295,268.8,0
v9,hard-sol-a-trap-04,202,238.5,0
v9,hard-sol-a-trap-05,344,214.9,0
v9,hard-sol-a-trap-06,341,214.4,0
v9,hard-sol-a-trap-08,268,211.0,0
v9,hard-sol-a-trap-10,196,222.3,0
v9,hard-sol-a-trap-13,209,211.1,0
v9,hard-sol-a-trap-15,314,224.4,0
v9,hard-sol-b-judge_hard-01,295,216.3,0
v9,hard-sol-b-judge_hard-02,219,217.6,0
v9,hard-sol-b-judge_hard-05,239,214.0,0
v9,hard-sol-b-judge_hard-08,221,224.7,0
v9,hard-sol-b-judge_hard-10,240,214.5,0
v9,hard-sol-b-judge_hard-14,257,218.7,0
v9,hard-sol-b-judge_hard-15,213,223.6,0
v9,hard-sol-b-judge_hard-18,181,221.6,0
v9,hard-sol-b-long_policy-01,2732,681.0,0
v9,hard-sol-b-long_policy-02,2574,564.0,0
v9,hard-sol-b-long_policy-05,2536,555.1,0
v9,hard-sol-b-long_policy-06,2620,594.7,0
v9,hard-sol-b-routing_hard-01,314,271.4,0
v9,hard-sol-b-routing_hard-02,297,240.3,0
v9,hard-sol-b-routing_hard-03,295,220.1,0
v9,hard-sol-b-routing_hard-07,280,215.3,0
v9,hard-sol-b-routing_hard-09,284,228.4,0
v9,hard-sol-b-temporal_numeric-01,284,244.0,0
v9,hard-sol-b-temporal_numeric-02,298,247.4,0
v9,hard-sol-b-temporal_numeric-03,237,240.1,0
v9,hard-sol-b-temporal_numeric-04,247,250.9,0
v9,hard-sol-c-judge_hard-03,402,233.4,0
v9,hard-sol-c-judge_hard-05,364,233.5,0
v9,hard-sol-c-judge_hard-07,330,214.5,0
v9,hard-sol-c-judge_hard-08,323,233.2,0
v9,hard-sol-c-judge_hard-09,354,223.1,0
v9,hard-sol-c-judge_hard-10,383,216.5,0
v9,hard-sol-c-judge_hard-11,353,219.7,0
v9,hard-sol-c-judge_hard-13,343,217.9,0
v9,hard-sol-c-judge_hard-15,298,220.9,0
v9,hard-sol-c-multi_hop-07,2442,563.0,0
v9,hard-sol-c-multi_hop-09,2455,530.2,0
v9,hard-sol-c-multi_hop-11,2533,565.1,0
v9,hard-sol-c-multi_hop-12,526,221.5,0
v9,hard-sol-c-multi_hop-13,2504,561.3,0
v10,original-policy-01-0,114,560.8,1
v10,original-policy-01-1,117,220.6,0
v10,original-policy-02-0,103,234.2,0
v10,original-policy-02-1,102,229.3,0
v10,original-policy-03-0,105,219.6,0
v10,original-policy-03-1,104,244.0,0
v10,original-policy-04-0,111,230.1,0
v10,original-policy-04-1,108,229.0,0
v10,original-policy-05-0,115,220.8,0
v10,original-policy-05-1,107,219.7,0
v10,original-policy-06-0,117,237.0,0
v10,original-policy-06-1,107,222.8,0
v10,original-intent-01-0,104,219.9,0
v10,original-intent-01-1,105,221.8,0
v10,original-intent-02-0,105,221.7,0
v10,original-intent-02-1,104,221.9,0
v10,original-intent-03-0,106,221.5,0
v10,original-intent-03-1,104,223.4,0
v10,original-intent-04-0,109,232.8,0
v10,original-intent-04-1,104,223.9,0
v10,original-intent-05-0,104,219.8,0
v10,original-intent-05-1,103,222.7,0
v10,original-intent-06-0,102,214.5,0
v10,original-intent-06-1,107,232.7,0
v10,original-ordinal-01-0,122,215.6,0
v10,original-ordinal-01-1,123,216.5,0
v10,original-ordinal-02-0,126,242.7,0
v10,original-ordinal-02-1,127,230.6,0
v10,original-ordinal-03-0,123,219.5,0
v10,original-ordinal-03-1,125,219.2,0
v10,original-ordinal-04-0,125,220.4,0
v10,original-ordinal-04-1,124,222.8,0
v10,original-ordinal-05-0,128,216.8,0
v10,original-ordinal-05-1,127,217.8,0
v10,original-ordinal-06-0,128,218.8,0
v10,original-ordinal-06-1,135,220.1,0
v10,original-extraction-01-0,93,221.4,0
v10,original-extraction-01-1,95,237.4,0
v10,original-extraction-02-0,96,228.7,0
v10,original-extraction-02-1,95,222.6,0
v10,original-extraction-03-0,99,224.4,0
v10,original-extraction-03-1,98,223.0,0
v10,original-extraction-04-0,96,222.8,0
v10,original-extraction-04-1,93,221.9,0
v10,original-extraction-05-0,96,236.6,0
v10,original-extraction-05-1,92,219.7,0
v10,original-extraction-06-0,96,221.3,0
v10,original-extraction-06-1,95,219.1,0
v10,original-adequacy-01-0,99,222.6,0
v10,original-adequacy-01-1,95,223.4,0
v10,original-adequacy-02-0,96,219.1,0
v10,original-adequacy-02-1,96,220.8,0
v10,original-adequacy-03-0,98,226.1,0
v10,original-adequacy-03-1,102,242.4,0
v10,original-adequacy-04-0,102,220.0,0
v10,original-adequacy-04-1,99,223.1,0
v10,original-adequacy-05-0,92,226.9,0
v10,original-adequacy-05-1,92,234.7,0
v10,original-adequacy-06-0,108,220.0,0
v10,original-adequacy-06-1,109,218.5,0
v10,original-routing-01-0,134,220.0,0
v10,original-routing-01-1,130,214.0,0
v10,original-routing-02-0,135,221.0,0
v10,original-routing-02-1,129,216.1,0
v10,original-routing-03-0,134,237.7,0
v10,original-routing-03-1,136,217.8,0
v10,original-routing-04-0,130,222.5,0
v10,original-routing-04-1,129,214.0,0
v10,original-routing-05-0,131,235.0,0
v10,original-routing-05-1,131,231.5,0
v10,original-routing-06-0,130,215.4,0
v10,original-routing-06-1,129,215.8,0
v10,easy-intent-00,124,223.4,0
v10,easy-intent-01,124,220.3,0
v10,easy-intent-02,127,218.9,0
v10,easy-intent-03,116,217.9,0
v10,easy-intent-04,121,218.4,0
v10,easy-intent-05,120,219.5,0
v10,easy-intent-06,112,220.9,0
v10,easy-intent-07,105,216.7,0
v10,easy-intent-08,107,215.7,0
v10,easy-intent-09,110,216.0,0
v10,easy-intent-10,108,218.6,0
v10,easy-intent-11,108,228.8,0
v10,easy-fact-00,97,223.3,0
v10,easy-fact-01,94,221.8,0
v10,easy-fact-02,102,219.7,0
v10,easy-fact-03,105,218.4,0
v10,easy-fact-04,94,231.5,0
v10,easy-fact-05,95,234.0,0
v10,easy-fact-06,115,226.0,0
v10,easy-fact-07,90,220.8,0
v10,easy-fact-08,86,233.8,0
v10,easy-fact-09,86,216.1,0
v10,easy-fact-10,95,221.1,0
v10,easy-fact-11,96,232.3,0
v10,easy-extraction-00,80,231.3,0
v10,easy-extraction-01,82,212.5,0
v10,easy-extraction-02,83,217.5,0
v10,easy-extraction-03,84,221.9,0
v10,easy-extraction-04,82,217.1,0
v10,easy-extraction-05,82,235.8,0
v10,easy-extraction-06,75,229.0,0
v10,easy-extraction-07,73,221.0,0
v10,easy-extraction-08,82,218.6,0
v10,easy-extraction-09,84,232.0,0
v10,easy-extraction-10,80,216.5,0
v10,easy-extraction-11,86,223.1,0
v10,easy-tool_selection-00,115,214.3,0
v10,easy-tool_selection-01,116,220.9,0
v10,easy-tool_selection-02,119,220.1,0
v10,easy-tool_selection-03,117,222.6,0
v10,easy-tool_selection-04,113,228.2,0
v10,easy-tool_selection-05,119,220.2,0
v10,easy-tool_selection-06,123,221.1,0
v10,easy-tool_selection-07,123,227.6,0
v10,easy-tool_selection-08,122,218.6,0
v10,easy-tool_selection-09,119,229.0,0
v10,easy-tool_selection-10,119,216.3,0
v10,easy-tool_selection-11,122,224.8,0
v10,hard-opus-a-long_policy-01,3072,822.2,0
v10,hard-opus-a-long_policy-04,2552,534.1,0
v10,hard-opus-a-long_policy-08,2346,497.5,0
v10,hard-opus-a-long_policy-09,2479,526.7,0
v10,hard-opus-a-long_policy-11,2294,486.4,0
v10,hard-opus-a-long_policy-13,2373,500.4,0
v10,hard-opus-a-long_policy-17,2309,500.7,0
v10,hard-opus-a-long_policy-19,2292,487.3,0
v10,hard-opus-a-probability-03,426,228.5,0
v10,hard-opus-a-probability-04,1091,250.3,0
v10,hard-opus-a-probability-07,1204,277.7,0
v10,hard-opus-a-probability-08,389,221.7,0
v10,hard-opus-a-temporal_numeric-03,481,221.7,0
v10,hard-opus-a-temporal_numeric-06,523,218.5,0
v10,hard-opus-a-temporal_numeric-07,1289,279.2,0
v10,hard-opus-a-temporal_numeric-09,514,221.1,0
v10,hard-opus-a-temporal_numeric-12,592,224.1,0
v10,hard-opus-b-ambiguous-02,523,217.7,0
v10,hard-opus-b-ambiguous-03,477,216.5,0
v10,hard-opus-b-ambiguous-07,482,217.0,0
v10,hard-opus-b-ambiguous-09,620,219.1,0
v10,hard-opus-b-ambiguous-10,505,219.5,0
v10,hard-opus-b-ambiguous-11,450,231.4,0
v10,hard-opus-b-ambiguous-13,580,216.3,0
v10,hard-opus-b-multi_hop-03,2903,643.5,0
v10,hard-opus-b-multi_hop-04,2253,484.2,0
v10,hard-opus-b-multi_hop-05,2532,537.6,0
v10,hard-opus-b-multi_hop-07,2558,536.2,0
v10,hard-opus-b-multi_hop-08,2246,493.0,0
v10,hard-opus-b-probability-01,1866,419.6,0
v10,hard-opus-b-probability-02,480,234.2,0
v10,hard-opus-b-probability-03,1176,267.2,0
v10,hard-opus-b-probability-04,583,215.7,0
v10,hard-opus-b-probability-06,974,251.7,0
v10,hard-opus-b-tradeoff-01,820,220.8,0
v10,hard-opus-b-tradeoff-03,744,216.9,0
v10,hard-opus-b-tradeoff-06,783,217.4,0
v10,hard-opus-b-tradeoff-07,693,219.8,0
v10,hard-opus-b-tradeoff-08,601,218.6,0
v10,hard-opus-b-tradeoff-12,571,216.8,0
v10,hard-opus-c-long_policy-02,3072,707.1,0
v10,hard-opus-c-long_policy-03,3072,711.3,0
v10,hard-opus-c-long_policy-04,3072,732.0,0
v10,hard-opus-c-long_policy-05,3072,691.6,0
v10,hard-opus-c-long_policy-08,3072,691.4,0
v10,hard-opus-c-long_policy-10,3072,692.6,0
v10,hard-opus-c-long_policy-11,3072,726.0,0
v10,hard-opus-c-probability-03,553,219.2,0
v10,hard-opus-c-temporal_numeric-02,929,230.0,0
v10,hard-opus-c-temporal_numeric-03,850,230.5,0
v10,hard-opus-c-temporal_numeric-04,761,219.5,0
v10,hard-opus-c-temporal_numeric-06,961,228.1,0
v10,hard-opus-c-temporal_numeric-08,970,241.7,0
v10,hard-opus-c-temporal_numeric-12,801,230.0,0
v10,hard-sol-a-adversarial-01,273,218.4,0
v10,hard-sol-a-adversarial-06,244,219.1,0
v10,hard-sol-a-adversarial-07,289,219.3,0
v10,hard-sol-a-adversarial-08,225,218.9,0
v10,hard-sol-a-adversarial-09,233,219.7,0
v10,hard-sol-a-adversarial-11,294,236.8,0
v10,hard-sol-a-multi_hop-01,2558,564.3,0
v10,hard-sol-a-multi_hop-02,2597,566.6,0
v10,hard-sol-a-multi_hop-05,2513,550.7,0
v10,hard-sol-a-multi_hop-07,2499,551.7,0
v10,hard-sol-a-multi_hop-08,2471,523.8,0
v10,hard-sol-a-multi_hop-09,2479,544.0,0
v10,hard-sol-a-multi_hop-10,2537,566.1,0
v10,hard-sol-a-multi_hop-12,2489,544.6,0
v10,hard-sol-a-trap-02,295,223.5,0
v10,hard-sol-a-trap-04,202,232.9,0
v10,hard-sol-a-trap-05,344,227.5,0
v10,hard-sol-a-trap-06,341,223.5,0
v10,hard-sol-a-trap-08,268,233.8,0
v10,hard-sol-a-trap-10,196,224.9,0
v10,hard-sol-a-trap-13,209,217.7,0
v10,hard-sol-a-trap-15,314,218.1,0
v10,hard-sol-b-judge_hard-01,295,218.7,0
v10,hard-sol-b-judge_hard-02,219,222.4,0
v10,hard-sol-b-judge_hard-05,239,215.9,0
v10,hard-sol-b-judge_hard-08,221,220.4,0
v10,hard-sol-b-judge_hard-10,240,218.2,0
v10,hard-sol-b-judge_hard-14,257,223.3,0
v10,hard-sol-b-judge_hard-15,213,223.7,0
v10,hard-sol-b-judge_hard-18,181,224.1,0
v10,hard-sol-b-long_policy-01,2732,676.9,0
v10,hard-sol-b-long_policy-02,2574,560.2,0
v10,hard-sol-b-long_policy-05,2536,545.6,0
v10,hard-sol-b-long_policy-06,2620,569.1,0
v10,hard-sol-b-routing_hard-01,314,225.9,0
v10,hard-sol-b-routing_hard-02,297,226.0,0
v10,hard-sol-b-routing_hard-03,295,243.0,0
v10,hard-sol-b-routing_hard-07,280,223.6,0
v10,hard-sol-b-routing_hard-09,284,215.0,0
v10,hard-sol-b-temporal_numeric-01,284,236.7,0
v10,hard-sol-b-temporal_numeric-02,298,215.0,0
v10,hard-sol-b-temporal_numeric-03,237,221.0,0
v10,hard-sol-b-temporal_numeric-04,247,227.0,0
v10,hard-sol-c-judge_hard-03,402,216.2,0
v10,hard-sol-c-judge_hard-05,364,219.9,0
v10,hard-sol-c-judge_hard-07,330,220.4,0
v10,hard-sol-c-judge_hard-08,323,218.2,0
v10,hard-sol-c-judge_hard-09,354,216.6,0
v10,hard-sol-c-judge_hard-10,383,215.8,0
v10,hard-sol-c-judge_hard-11,353,229.7,0
v10,hard-sol-c-judge_hard-13,343,230.6,0
v10,hard-sol-c-judge_hard-15,298,223.1,0
v10,hard-sol-c-multi_hop-07,2442,579.2,0
v10,hard-sol-c-multi_hop-09,2455,519.4,0
v10,hard-sol-c-multi_hop-11,2533,559.2,0
v10,hard-sol-c-multi_hop-12,526,216.4,0
v10,hard-sol-c-multi_hop-13,2504,556.3,0
v11a,original-policy-01-0,114,717.0,1
v11a,original-policy-01-1,117,335.3,0
v11a,original-policy-02-0,103,275.7,0
v11a,original-policy-02-1,102,323.7,0
v11a,original-policy-03-0,105,325.5,0
v11a,original-policy-03-1,104,335.8,0
v11a,original-policy-04-0,111,306.5,0
v11a,original-policy-04-1,108,343.7,0
v11a,original-policy-05-0,115,353.7,0
v11a,original-policy-05-1,107,339.2,0
v11a,original-policy-06-0,117,278.8,0
v11a,original-policy-06-1,107,324.7,0
v11a,original-intent-01-0,104,288.6,0
v11a,original-intent-01-1,105,355.7,0
v11a,original-intent-02-0,105,346.5,0
v11a,original-intent-02-1,104,318.1,0
v11a,original-intent-03-0,106,323.1,0
v11a,original-intent-03-1,104,353.9,0
v11a,original-intent-04-0,109,342.3,0
v11a,original-intent-04-1,104,334.2,0
v11a,original-intent-05-0,104,356.0,0
v11a,original-intent-05-1,103,311.2,0
v11a,original-intent-06-0,102,315.7,0
v11a,original-intent-06-1,107,303.0,0
v11a,original-ordinal-01-0,122,325.6,0
v11a,original-ordinal-01-1,123,295.7,0
v11a,original-ordinal-02-0,126,270.8,0
v11a,original-ordinal-02-1,127,301.6,0
v11a,original-ordinal-03-0,123,320.5,0
v11a,original-ordinal-03-1,125,295.8,0
v11a,original-ordinal-04-0,125,312.2,0
v11a,original-ordinal-04-1,124,314.5,0
v11a,original-ordinal-05-0,128,301.7,0
v11a,original-ordinal-05-1,127,279.3,0
v11a,original-ordinal-06-0,128,308.8,0
v11a,original-ordinal-06-1,135,321.9,0
v11a,original-extraction-01-0,93,334.0,0
v11a,original-extraction-01-1,95,299.8,0
v11a,original-extraction-02-0,96,310.4,0
v11a,original-extraction-02-1,95,348.4,0
v11a,original-extraction-03-0,99,324.7,0
v11a,original-extraction-03-1,98,313.0,0
v11a,original-extraction-04-0,96,301.5,0
v11a,original-extraction-04-1,93,348.2,0
v11a,original-extraction-05-0,96,321.9,0
v11a,original-extraction-05-1,92,275.5,0
v11a,original-extraction-06-0,96,329.8,0
v11a,original-extraction-06-1,95,337.8,0
v11a,original-adequacy-01-0,99,323.5,0
v11a,original-adequacy-01-1,95,344.0,0
v11a,original-adequacy-02-0,96,329.9,0
v11a,original-adequacy-02-1,96,333.7,0
v11a,original-adequacy-03-0,98,330.2,0
v11a,original-adequacy-03-1,102,334.4,0
v11a,original-adequacy-04-0,102,319.5,0
v11a,original-adequacy-04-1,99,316.8,0
v11a,original-adequacy-05-0,92,331.2,0
v11a,original-adequacy-05-1,92,330.5,0
v11a,original-adequacy-06-0,108,332.3,0
v11a,original-adequacy-06-1,109,316.3,0
v11a,original-routing-01-0,134,316.4,0
v11a,original-routing-01-1,130,327.5,0
v11a,original-routing-02-0,135,326.2,0
v11a,original-routing-02-1,129,320.1,0
v11a,original-routing-03-0,134,290.9,0
v11a,original-routing-03-1,136,302.9,0
v11a,original-routing-04-0,130,303.1,0
v11a,original-routing-04-1,129,281.3,0
v11a,original-routing-05-0,131,284.7,0
v11a,original-routing-05-1,131,313.9,0
v11a,original-routing-06-0,130,304.2,0
v11a,original-routing-06-1,129,288.3,0
v11a,easy-intent-00,124,295.0,0
v11a,easy-intent-01,124,338.8,0
v11a,easy-intent-02,127,298.8,0
v11a,easy-intent-03,116,313.2,0
v11a,easy-intent-04,121,323.8,0
v11a,easy-intent-05,120,327.5,0
v11a,easy-intent-06,112,324.1,0
v11a,easy-intent-07,105,322.1,0
v11a,easy-intent-08,107,335.1,0
v11a,easy-intent-09,110,309.8,0
v11a,easy-intent-10,108,277.2,0
v11a,easy-intent-11,108,311.8,0
v11a,easy-fact-00,97,328.0,0
v11a,easy-fact-01,94,269.3,0
v11a,easy-fact-02,102,242.9,0
v11a,easy-fact-03,105,219.5,0
v11a,easy-fact-04,94,296.1,0
v11a,easy-fact-05,95,292.5,0
v11a,easy-fact-06,115,327.0,0
v11a,easy-fact-07,90,324.3,0
v11a,easy-fact-08,86,296.0,0
v11a,easy-fact-09,86,317.6,0
v11a,easy-fact-10,95,343.5,0
v11a,easy-fact-11,96,322.5,0
v11a,easy-extraction-00,80,271.2,0
v11a,easy-extraction-01,82,299.7,0
v11a,easy-extraction-02,83,327.6,0
v11a,easy-extraction-03,84,362.1,0
v11a,easy-extraction-04,82,293.8,0
v11a,easy-extraction-05,82,308.6,0
v11a,easy-extraction-06,75,338.3,0
v11a,easy-extraction-07,73,312.3,0
v11a,easy-extraction-08,82,310.5,0
v11a,easy-extraction-09,84,323.8,0
v11a,easy-extraction-10,80,310.9,0
v11a,easy-extraction-11,86,322.3,0
v11a,easy-tool_selection-00,115,291.1,0
v11a,easy-tool_selection-01,116,329.9,0
v11a,easy-tool_selection-02,119,331.2,0
v11a,easy-tool_selection-03,117,325.8,0
v11a,easy-tool_selection-04,113,320.8,0
v11a,easy-tool_selection-05,119,281.9,0
v11a,easy-tool_selection-06,123,307.0,0
v11a,easy-tool_selection-07,123,352.5,0
v11a,easy-tool_selection-08,122,335.4,0
v11a,easy-tool_selection-09,119,337.8,0
v11a,easy-tool_selection-10,119,277.0,0
v11a,easy-tool_selection-11,122,324.2,0
v11a,hard-opus-a-long_policy-01,3072,1855.7,0
v11a,hard-opus-a-long_policy-04,2552,1396.2,0
v11a,hard-opus-a-long_policy-08,2346,1314.1,0
v11a,hard-opus-a-long_policy-09,2479,1395.0,0
v11a,hard-opus-a-long_policy-11,2294,1326.6,0
v11a,hard-opus-a-long_policy-13,2373,1205.1,0
v11a,hard-opus-a-long_policy-17,2309,1271.9,0
v11a,hard-opus-a-long_policy-19,2292,1290.0,0
v11a,hard-opus-a-probability-03,426,330.2,0
v11a,hard-opus-a-probability-04,1091,494.8,0
v11a,hard-opus-a-probability-07,1204,656.3,0
v11a,hard-opus-a-probability-08,389,335.7,0
v11a,hard-opus-a-temporal_numeric-03,481,368.3,0
v11a,hard-opus-a-temporal_numeric-06,523,329.6,0
v11a,hard-opus-a-temporal_numeric-07,1289,663.2,0
v11a,hard-opus-a-temporal_numeric-09,514,369.1,0
v11a,hard-opus-a-temporal_numeric-12,592,351.8,0
v11a,hard-opus-b-ambiguous-02,523,345.1,0
v11a,hard-opus-b-ambiguous-03,477,349.2,0
v11a,hard-opus-b-ambiguous-07,482,375.1,0
v11a,hard-opus-b-ambiguous-09,620,392.9,0
v11a,hard-opus-b-ambiguous-10,505,330.7,0
v11a,hard-opus-b-ambiguous-11,450,331.9,0
v11a,hard-opus-b-ambiguous-13,580,388.2,0
v11a,hard-opus-b-multi_hop-03,2903,1681.0,0
v11a,hard-opus-b-multi_hop-04,2253,1201.1,0
v11a,hard-opus-b-multi_hop-05,2532,1457.9,0
v11a,hard-opus-b-multi_hop-07,2558,1397.4,0
v11a,hard-opus-b-multi_hop-08,2246,1182.9,0
v11a,hard-opus-b-probability-01,1866,1001.7,0
v11a,hard-opus-b-probability-02,480,298.1,0
v11a,hard-opus-b-probability-03,1176,631.6,0
v11a,hard-opus-b-probability-04,583,379.4,0
v11a,hard-opus-b-probability-06,974,423.5,0
v11a,hard-opus-b-tradeoff-01,820,440.8,0
v11a,hard-opus-b-tradeoff-03,744,378.5,0
v11a,hard-opus-b-tradeoff-06,783,443.7,0
v11a,hard-opus-b-tradeoff-07,693,363.5,0
v11a,hard-opus-b-tradeoff-08,601,377.9,0
v11a,hard-opus-b-tradeoff-12,571,366.6,0
v11a,hard-opus-c-long_policy-02,3072,2015.8,0
v11a,hard-opus-c-long_policy-03,3072,1884.2,0
v11a,hard-opus-c-long_policy-04,3072,2055.9,0
v11a,hard-opus-c-long_policy-05,3072,1941.8,0
v11a,hard-opus-c-long_policy-08,3072,1909.9,0
v11a,hard-opus-c-long_policy-10,3072,1886.4,0
v11a,hard-opus-c-long_policy-11,3072,1874.5,0
v11a,hard-opus-c-probability-03,553,340.3,0
v11a,hard-opus-c-temporal_numeric-02,929,485.7,0
v11a,hard-opus-c-temporal_numeric-03,850,465.7,0
v11a,hard-opus-c-temporal_numeric-04,761,409.0,0
v11a,hard-opus-c-temporal_numeric-06,961,489.9,0
v11a,hard-opus-c-temporal_numeric-08,970,449.4,0
v11a,hard-opus-c-temporal_numeric-12,801,436.6,0
v11a,hard-sol-a-adversarial-01,273,336.2,0
v11a,hard-sol-a-adversarial-06,244,345.2,0
v11a,hard-sol-a-adversarial-07,289,308.5,0
v11a,hard-sol-a-adversarial-08,225,347.6,0
v11a,hard-sol-a-adversarial-09,233,332.9,0
v11a,hard-sol-a-adversarial-11,294,349.7,0
v11a,hard-sol-a-multi_hop-01,2558,1551.2,0
v11a,hard-sol-a-multi_hop-02,2597,1598.6,0
v11a,hard-sol-a-multi_hop-05,2513,1414.1,0
v11a,hard-sol-a-multi_hop-07,2499,1492.8,0
v11a,hard-sol-a-multi_hop-08,2471,1312.3,0
v11a,hard-sol-a-multi_hop-09,2479,1425.7,0
v11a,hard-sol-a-multi_hop-10,2537,1544.3,0
v11a,hard-sol-a-multi_hop-12,2489,1396.3,0
v11a,hard-sol-a-trap-02,295,327.1,0
v11a,hard-sol-a-trap-04,202,320.6,0
v11a,hard-sol-a-trap-05,344,324.4,0
v11a,hard-sol-a-trap-06,341,309.8,0
v11a,hard-sol-a-trap-08,268,277.4,0
v11a,hard-sol-a-trap-10,196,313.9,0
v11a,hard-sol-a-trap-13,209,322.9,0
v11a,hard-sol-a-trap-15,314,302.9,0
v11a,hard-sol-b-judge_hard-01,295,311.3,0
v11a,hard-sol-b-judge_hard-02,219,292.5,0
v11a,hard-sol-b-judge_hard-05,239,329.0,0
v11a,hard-sol-b-judge_hard-08,221,298.1,0
v11a,hard-sol-b-judge_hard-10,240,300.3,0
v11a,hard-sol-b-judge_hard-14,257,307.5,0
v11a,hard-sol-b-judge_hard-15,213,327.4,0
v11a,hard-sol-b-judge_hard-18,181,357.8,0
v11a,hard-sol-b-long_policy-01,2732,1636.1,0
v11a,hard-sol-b-long_policy-02,2574,1571.3,0
v11a,hard-sol-b-long_policy-05,2536,1427.2,0
v11a,hard-sol-b-long_policy-06,2620,1585.4,0
v11a,hard-sol-b-routing_hard-01,314,307.5,0
v11a,hard-sol-b-routing_hard-02,297,324.0,0
v11a,hard-sol-b-routing_hard-03,295,324.5,0
v11a,hard-sol-b-routing_hard-07,280,288.0,0
v11a,hard-sol-b-routing_hard-09,284,272.9,0
v11a,hard-sol-b-temporal_numeric-01,284,314.9,0
v11a,hard-sol-b-temporal_numeric-02,298,336.8,0
v11a,hard-sol-b-temporal_numeric-03,237,307.3,0
v11a,hard-sol-b-temporal_numeric-04,247,343.3,0
v11a,hard-sol-c-judge_hard-03,402,308.5,0
v11a,hard-sol-c-judge_hard-05,364,318.7,0
v11a,hard-sol-c-judge_hard-07,330,332.0,0
v11a,hard-sol-c-judge_hard-08,323,336.8,0
v11a,hard-sol-c-judge_hard-09,354,340.3,0
v11a,hard-sol-c-judge_hard-10,383,334.4,0
v11a,hard-sol-c-judge_hard-11,353,302.1,0
v11a,hard-sol-c-judge_hard-13,343,270.8,0
v11a,hard-sol-c-judge_hard-15,298,344.8,0
v11a,hard-sol-c-multi_hop-07,2442,1442.5,0
v11a,hard-sol-c-multi_hop-09,2455,1328.5,0
v11a,hard-sol-c-multi_hop-11,2533,1536.9,0
v11a,hard-sol-c-multi_hop-12,526,382.8,0
v11a,hard-sol-c-multi_hop-13,2504,1458.5,0
v11b,original-policy-01-0,114,558.3,1
v11b,original-policy-01-1,117,224.9,0
v11b,original-policy-02-0,103,222.5,0
v11b,original-policy-02-1,102,220.8,0
v11b,original-policy-03-0,105,219.8,0
v11b,original-policy-03-1,104,215.8,0
v11b,original-policy-04-0,111,218.2,0
v11b,original-policy-04-1,108,222.0,0
v11b,original-policy-05-0,115,218.3,0
v11b,original-policy-05-1,107,237.1,0
v11b,original-policy-06-0,117,229.2,0
v11b,original-policy-06-1,107,221.2,0
v11b,original-intent-01-0,104,221.8,0
v11b,original-intent-01-1,105,235.1,0
v11b,original-intent-02-0,105,242.9,0
v11b,original-intent-02-1,104,232.3,0
v11b,original-intent-03-0,106,220.5,0
v11b,original-intent-03-1,104,222.9,0
v11b,original-intent-04-0,109,246.3,0
v11b,original-intent-04-1,104,221.4,0
v11b,original-intent-05-0,104,222.6,0
v11b,original-intent-05-1,103,219.1,0
v11b,original-intent-06-0,102,217.9,0
v11b,original-intent-06-1,107,222.0,0
v11b,original-ordinal-01-0,122,216.9,0
v11b,original-ordinal-01-1,123,224.2,0
v11b,original-ordinal-02-0,126,250.3,0
v11b,original-ordinal-02-1,127,240.8,0
v11b,original-ordinal-03-0,123,245.2,0
v11b,original-ordinal-03-1,125,222.9,0
v11b,original-ordinal-04-0,125,234.8,0
v11b,original-ordinal-04-1,124,221.5,0
v11b,original-ordinal-05-0,128,223.6,0
v11b,original-ordinal-05-1,127,223.7,0
v11b,original-ordinal-06-0,128,230.5,0
v11b,original-ordinal-06-1,135,219.8,0
v11b,original-extraction-01-0,93,234.8,0
v11b,original-extraction-01-1,95,225.0,0
v11b,original-extraction-02-0,96,230.6,0
v11b,original-extraction-02-1,95,221.4,0
v11b,original-extraction-03-0,99,223.7,0
v11b,original-extraction-03-1,98,220.1,0
v11b,original-extraction-04-0,96,224.1,0
v11b,original-extraction-04-1,93,237.6,0
v11b,original-extraction-05-0,96,221.9,0
v11b,original-extraction-05-1,92,221.4,0
v11b,original-extraction-06-0,96,223.2,0
v11b,original-extraction-06-1,95,219.4,0
v11b,original-adequacy-01-0,99,243.8,0
v11b,original-adequacy-01-1,95,240.2,0
v11b,original-adequacy-02-0,96,244.9,0
v11b,original-adequacy-02-1,96,224.2,0
v11b,original-adequacy-03-0,98,228.4,0
v11b,original-adequacy-03-1,102,250.5,0
v11b,original-adequacy-04-0,102,229.6,0
v11b,original-adequacy-04-1,99,222.3,0
v11b,original-adequacy-05-0,92,221.0,0
v11b,original-adequacy-05-1,92,239.4,0
v11b,original-adequacy-06-0,108,224.9,0
v11b,original-adequacy-06-1,109,227.4,0
v11b,original-routing-01-0,134,233.9,0
v11b,original-routing-01-1,130,216.2,0
v11b,original-routing-02-0,135,245.1,0
v11b,original-routing-02-1,129,218.0,0
v11b,original-routing-03-0,134,233.9,0
v11b,original-routing-03-1,136,218.2,0
v11b,original-routing-04-0,130,215.8,0
v11b,original-routing-04-1,129,215.7,0
v11b,original-routing-05-0,131,246.9,0
v11b,original-routing-05-1,131,218.2,0
v11b,original-routing-06-0,130,217.8,0
v11b,original-routing-06-1,129,216.2,0
v11b,easy-intent-00,124,217.5,0
v11b,easy-intent-01,124,221.8,0
v11b,easy-intent-02,127,225.1,0
v11b,easy-intent-03,116,226.7,0
v11b,easy-intent-04,121,219.7,0
v11b,easy-intent-05,120,216.5,0
v11b,easy-intent-06,112,224.5,0
v11b,easy-intent-07,105,239.6,0
v11b,easy-intent-08,107,221.6,0
v11b,easy-intent-09,110,232.4,0
v11b,easy-intent-10,108,245.6,0
v11b,easy-intent-11,108,219.3,0
v11b,easy-fact-00,97,236.9,0
v11b,easy-fact-01,94,222.7,0
v11b,easy-fact-02,102,218.4,0
v11b,easy-fact-03,105,222.2,0
v11b,easy-fact-04,94,242.9,0
v11b,easy-fact-05,95,248.5,0
v11b,easy-fact-06,115,226.0,0
v11b,easy-fact-07,90,246.1,0
v11b,easy-fact-08,86,220.8,0
v11b,easy-fact-09,86,219.5,0
v11b,easy-fact-10,95,241.2,0
v11b,easy-fact-11,96,223.1,0
v11b,easy-extraction-00,80,217.5,0
v11b,easy-extraction-01,82,217.6,0
v11b,easy-extraction-02,83,220.7,0
v11b,easy-extraction-03,84,223.7,0
v11b,easy-extraction-04,82,223.2,0
v11b,easy-extraction-05,82,221.9,0
v11b,easy-extraction-06,75,222.6,0
v11b,easy-extraction-07,73,217.8,0
v11b,easy-extraction-08,82,218.7,0
v11b,easy-extraction-09,84,222.7,0
v11b,easy-extraction-10,80,237.3,0
v11b,easy-extraction-11,86,234.4,0
v11b,easy-tool_selection-00,115,218.6,0
v11b,easy-tool_selection-01,116,221.0,0
v11b,easy-tool_selection-02,119,243.6,0
v11b,easy-tool_selection-03,117,224.9,0
v11b,easy-tool_selection-04,113,215.7,0
v11b,easy-tool_selection-05,119,236.8,0
v11b,easy-tool_selection-06,123,222.5,0
v11b,easy-tool_selection-07,123,219.4,0
v11b,easy-tool_selection-08,122,236.6,0
v11b,easy-tool_selection-09,119,220.8,0
v11b,easy-tool_selection-10,119,220.2,0
v11b,easy-tool_selection-11,122,227.3,0
v11b,hard-opus-a-long_policy-01,3072,819.6,0
v11b,hard-opus-a-long_policy-04,2552,531.7,0
v11b,hard-opus-a-long_policy-08,2346,502.8,0
v11b,hard-opus-a-long_policy-09,2479,529.2,0
v11b,hard-opus-a-long_policy-11,2294,509.1,0
v11b,hard-opus-a-long_policy-13,2373,501.6,0
v11b,hard-opus-a-long_policy-17,2309,489.7,0
v11b,hard-opus-a-long_policy-19,2292,487.6,0
v11b,hard-opus-a-probability-03,426,245.2,0
v11b,hard-opus-a-probability-04,1091,265.5,0
v11b,hard-opus-a-probability-07,1204,279.3,0
v11b,hard-opus-a-probability-08,389,233.2,0
v11b,hard-opus-a-temporal_numeric-03,481,222.8,0
v11b,hard-opus-a-temporal_numeric-06,523,220.8,0
v11b,hard-opus-a-temporal_numeric-07,1289,281.0,0
v11b,hard-opus-a-temporal_numeric-09,514,220.0,0
v11b,hard-opus-a-temporal_numeric-12,592,231.4,0
v11b,hard-opus-b-ambiguous-02,523,232.0,0
v11b,hard-opus-b-ambiguous-03,477,222.2,0
v11b,hard-opus-b-ambiguous-07,482,243.9,0
v11b,hard-opus-b-ambiguous-09,620,223.2,0
v11b,hard-opus-b-ambiguous-10,505,219.7,0
v11b,hard-opus-b-ambiguous-11,450,233.1,0
v11b,hard-opus-b-ambiguous-13,580,239.4,0
v11b,hard-opus-b-multi_hop-03,2903,648.7,0
v11b,hard-opus-b-multi_hop-04,2253,486.1,0
v11b,hard-opus-b-multi_hop-05,2532,558.3,0
v11b,hard-opus-b-multi_hop-07,2558,536.9,0
v11b,hard-opus-b-multi_hop-08,2246,481.2,0
v11b,hard-opus-b-probability-01,1866,422.2,0
v11b,hard-opus-b-probability-02,480,217.2,0
v11b,hard-opus-b-probability-03,1176,267.9,0
v11b,hard-opus-b-probability-04,583,222.0,0
v11b,hard-opus-b-probability-06,974,249.7,0
v11b,hard-opus-b-tradeoff-01,820,218.0,0
v11b,hard-opus-b-tradeoff-03,744,222.2,0
v11b,hard-opus-b-tradeoff-06,783,229.2,0
v11b,hard-opus-b-tradeoff-07,693,226.8,0
v11b,hard-opus-b-tradeoff-08,601,229.7,0
v11b,hard-opus-b-tradeoff-12,571,218.0,0
v11b,hard-opus-c-long_policy-02,3072,702.3,0
v11b,hard-opus-c-long_policy-03,3072,708.1,0
v11b,hard-opus-c-long_policy-04,3072,752.8,0
v11b,hard-opus-c-long_policy-05,3072,704.4,0
v11b,hard-opus-c-long_policy-08,3072,690.5,0
v11b,hard-opus-c-long_policy-10,3072,704.7,0
v11b,hard-opus-c-long_policy-11,3072,717.7,0
v11b,hard-opus-c-probability-03,553,231.6,0
v11b,hard-opus-c-temporal_numeric-02,929,227.6,0
v11b,hard-opus-c-temporal_numeric-03,850,214.1,0
v11b,hard-opus-c-temporal_numeric-04,761,221.5,0
v11b,hard-opus-c-temporal_numeric-06,961,232.7,0
v11b,hard-opus-c-temporal_numeric-08,970,252.6,0
v11b,hard-opus-c-temporal_numeric-12,801,217.0,0
v11b,hard-sol-a-adversarial-01,273,223.1,0
v11b,hard-sol-a-adversarial-06,244,216.7,0
v11b,hard-sol-a-adversarial-07,289,236.9,0
v11b,hard-sol-a-adversarial-08,225,223.9,0
v11b,hard-sol-a-adversarial-09,233,220.9,0
v11b,hard-sol-a-adversarial-11,294,214.9,0
v11b,hard-sol-a-multi_hop-01,2558,579.0,0
v11b,hard-sol-a-multi_hop-02,2597,566.9,0
v11b,hard-sol-a-multi_hop-05,2513,563.1,0
v11b,hard-sol-a-multi_hop-07,2499,556.3,0
v11b,hard-sol-a-multi_hop-08,2471,524.4,0
v11b,hard-sol-a-multi_hop-09,2479,563.0,0
v11b,hard-sol-a-multi_hop-10,2537,556.9,0
v11b,hard-sol-a-multi_hop-12,2489,545.9,0
v11b,hard-sol-a-trap-02,295,221.0,0
v11b,hard-sol-a-trap-04,202,218.7,0
v11b,hard-sol-a-trap-05,344,222.0,0
v11b,hard-sol-a-trap-06,341,219.9,0
v11b,hard-sol-a-trap-08,268,240.3,0
v11b,hard-sol-a-trap-10,196,220.5,0
v11b,hard-sol-a-trap-13,209,220.6,0
v11b,hard-sol-a-trap-15,314,222.1,0
v11b,hard-sol-b-judge_hard-01,295,231.9,0
v11b,hard-sol-b-judge_hard-02,219,222.2,0
v11b,hard-sol-b-judge_hard-05,239,220.9,0
v11b,hard-sol-b-judge_hard-08,221,222.9,0
v11b,hard-sol-b-judge_hard-10,240,218.9,0
v11b,hard-sol-b-judge_hard-14,257,218.9,0
v11b,hard-sol-b-judge_hard-15,213,223.6,0
v11b,hard-sol-b-judge_hard-18,181,224.3,0
v11b,hard-sol-b-long_policy-01,2732,695.0,0
v11b,hard-sol-b-long_policy-02,2574,558.6,0
v11b,hard-sol-b-long_policy-05,2536,546.4,0
v11b,hard-sol-b-long_policy-06,2620,568.6,0
v11b,hard-sol-b-routing_hard-01,314,218.4,0
v11b,hard-sol-b-routing_hard-02,297,215.4,0
v11b,hard-sol-b-routing_hard-03,295,219.2,0
v11b,hard-sol-b-routing_hard-07,280,217.6,0
v11b,hard-sol-b-routing_hard-09,284,220.7,0
v11b,hard-sol-b-temporal_numeric-01,284,238.4,0
v11b,hard-sol-b-temporal_numeric-02,298,220.0,0
v11b,hard-sol-b-temporal_numeric-03,237,220.1,0
v11b,hard-sol-b-temporal_numeric-04,247,237.7,0
v11b,hard-sol-c-judge_hard-03,402,235.2,0
v11b,hard-sol-c-judge_hard-05,364,237.6,0
v11b,hard-sol-c-judge_hard-07,330,217.9,0
v11b,hard-sol-c-judge_hard-08,323,227.6,0
v11b,hard-sol-c-judge_hard-09,354,216.1,0
v11b,hard-sol-c-judge_hard-10,383,230.6,0
v11b,hard-sol-c-judge_hard-11,353,218.9,0
v11b,hard-sol-c-judge_hard-13,343,217.7,0
v11b,hard-sol-c-judge_hard-15,298,234.2,0
v11b,hard-sol-c-multi_hop-07,2442,586.9,0
v11b,hard-sol-c-multi_hop-09,2455,518.5,0
v11b,hard-sol-c-multi_hop-11,2533,573.4,0
v11b,hard-sol-c-multi_hop-12,526,227.1,0
v11b,hard-sol-c-multi_hop-13,2504,559.6,0
v12,original-policy-01-0,114,558.7,1
v12,original-policy-01-1,117,222.1,0
v12,original-policy-02-0,103,218.2,0
v12,original-policy-02-1,102,221.8,0
v12,original-policy-03-0,105,219.6,0
v12,original-policy-03-1,104,223.1,0
v12,original-policy-04-0,111,221.3,0
v12,original-policy-04-1,108,221.2,0
v12,original-policy-05-0,115,220.0,0
v12,original-policy-05-1,107,238.5,0
v12,original-policy-06-0,117,223.3,0
v12,original-policy-06-1,107,220.0,0
v12,original-intent-01-0,104,219.0,0
v12,original-intent-01-1,105,220.6,0
v12,original-intent-02-0,105,210.1,0
v12,original-intent-02-1,104,229.6,0
v12,original-intent-03-0,106,236.6,0
v12,original-intent-03-1,104,214.3,0
v12,original-intent-04-0,109,212.9,0
v12,original-intent-04-1,104,221.6,0
v12,original-intent-05-0,104,212.7,0
v12,original-intent-05-1,103,213.7,0
v12,original-intent-06-0,102,222.5,0
v12,original-intent-06-1,107,216.0,0
v12,original-ordinal-01-0,122,215.4,0
v12,original-ordinal-01-1,123,217.1,0
v12,original-ordinal-02-0,126,215.5,0
v12,original-ordinal-02-1,127,215.3,0
v12,original-ordinal-03-0,123,215.3,0
v12,original-ordinal-03-1,125,215.8,0
v12,original-ordinal-04-0,125,215.7,0
v12,original-ordinal-04-1,124,215.7,0
v12,original-ordinal-05-0,128,230.2,0
v12,original-ordinal-05-1,127,230.8,0
v12,original-ordinal-06-0,128,234.9,0
v12,original-ordinal-06-1,135,227.2,0
v12,original-extraction-01-0,93,215.0,0
v12,original-extraction-01-1,95,215.5,0
v12,original-extraction-02-0,96,216.7,0
v12,original-extraction-02-1,95,213.6,0
v12,original-extraction-03-0,99,213.0,0
v12,original-extraction-03-1,98,214.4,0
v12,original-extraction-04-0,96,212.3,0
v12,original-extraction-04-1,93,214.8,0
v12,original-extraction-05-0,96,215.6,0
v12,original-extraction-05-1,92,216.0,0
v12,original-extraction-06-0,96,236.9,0
v12,original-extraction-06-1,95,216.9,0
v12,original-adequacy-01-0,99,216.1,0
v12,original-adequacy-01-1,95,214.2,0
v12,original-adequacy-02-0,96,213.1,0
v12,original-adequacy-02-1,96,213.8,0
v12,original-adequacy-03-0,98,216.3,0
v12,original-adequacy-03-1,102,212.8,0
v12,original-adequacy-04-0,102,212.6,0
v12,original-adequacy-04-1,99,214.2,0
v12,original-adequacy-05-0,92,216.9,0
v12,original-adequacy-05-1,92,237.1,0
v12,original-adequacy-06-0,108,214.1,0
v12,original-adequacy-06-1,109,214.3,0
v12,original-routing-01-0,134,224.2,0
v12,original-routing-01-1,130,209.2,0
v12,original-routing-02-0,135,215.2,0
v12,original-routing-02-1,129,211.3,0
v12,original-routing-03-0,134,231.2,0
v12,original-routing-03-1,136,232.0,0
v12,original-routing-04-0,130,232.0,0
v12,original-routing-04-1,129,212.8,0
v12,original-routing-05-0,131,223.8,0
v12,original-routing-05-1,131,232.8,0
v12,original-routing-06-0,130,212.4,0
v12,original-routing-06-1,129,210.0,0
v12,easy-intent-00,124,231.1,0
v12,easy-intent-01,124,214.0,0
v12,easy-intent-02,127,234.1,0
v12,easy-intent-03,116,208.8,0
v12,easy-intent-04,121,226.7,0
v12,easy-intent-05,120,231.3,0
v12,easy-intent-06,112,235.4,0
v12,easy-intent-07,105,212.0,0
v12,easy-intent-08,107,217.0,0
v12,easy-intent-09,110,213.9,0
v12,easy-intent-10,108,230.8,0
v12,easy-intent-11,108,233.9,0
v12,easy-fact-00,97,214.5,0
v12,easy-fact-01,94,214.3,0
v12,easy-fact-02,102,221.4,0
v12,easy-fact-03,105,229.2,0
v12,easy-fact-04,94,233.5,0
v12,easy-fact-05,95,217.4,0
v12,easy-fact-06,115,215.1,0
v12,easy-fact-07,90,235.0,0
v12,easy-fact-08,86,230.8,0
v12,easy-fact-09,86,215.1,0
v12,easy-fact-10,95,237.8,0
v12,easy-fact-11,96,212.5,0
v12,easy-extraction-00,80,219.4,0
v12,easy-extraction-01,82,237.1,0
v12,easy-extraction-02,83,213.4,0
v12,easy-extraction-03,84,224.7,0
v12,easy-extraction-04,82,214.2,0
v12,easy-extraction-05,82,216.2,0
v12,easy-extraction-06,75,236.6,0
v12,easy-extraction-07,73,225.2,0
v12,easy-extraction-08,82,213.8,0
v12,easy-extraction-09,84,214.8,0
v12,easy-extraction-10,80,224.7,0
v12,easy-extraction-11,86,215.5,0
v12,easy-tool_selection-00,115,223.7,0
v12,easy-tool_selection-01,116,216.3,0
v12,easy-tool_selection-02,119,217.0,0
v12,easy-tool_selection-03,117,217.6,0
v12,easy-tool_selection-04,113,214.9,0
v12,easy-tool_selection-05,119,238.8,0
v12,easy-tool_selection-06,123,231.7,0
v12,easy-tool_selection-07,123,214.3,0
v12,easy-tool_selection-08,122,212.8,0
v12,easy-tool_selection-09,119,213.5,0
v12,easy-tool_selection-10,119,213.6,0
v12,easy-tool_selection-11,122,235.5,0
v12,hard-opus-a-long_policy-01,3072,823.8,0
v12,hard-opus-a-long_policy-04,2552,528.0,0
v12,hard-opus-a-long_policy-08,2346,519.6,0
v12,hard-opus-a-long_policy-09,2479,543.0,0
v12,hard-opus-a-long_policy-11,2294,487.3,0
v12,hard-opus-a-long_policy-13,2373,518.7,0
v12,hard-opus-a-long_policy-17,2309,489.4,0
v12,hard-opus-a-long_policy-19,2292,488.1,0
v12,hard-opus-a-probability-03,426,226.5,0
v12,hard-opus-a-probability-04,1091,250.8,0
v12,hard-opus-a-probability-07,1204,276.4,0
v12,hard-opus-a-probability-08,389,219.6,0
v12,hard-opus-a-temporal_numeric-03,481,233.2,0
v12,hard-opus-a-temporal_numeric-06,523,219.8,0
v12,hard-opus-a-temporal_numeric-07,1289,281.4,0
v12,hard-opus-a-temporal_numeric-09,514,218.9,0
v12,hard-opus-a-temporal_numeric-12,592,217.8,0
v12,hard-opus-b-ambiguous-02,523,218.6,0
v12,hard-opus-b-ambiguous-03,477,220.6,0
v12,hard-opus-b-ambiguous-07,482,216.5,0
v12,hard-opus-b-ambiguous-09,620,234.9,0
v12,hard-opus-b-ambiguous-10,505,217.1,0
v12,hard-opus-b-ambiguous-11,450,219.6,0
v12,hard-opus-b-ambiguous-13,580,225.9,0
v12,hard-opus-b-multi_hop-03,2903,640.6,0
v12,hard-opus-b-multi_hop-04,2253,500.3,0
v12,hard-opus-b-multi_hop-05,2532,538.8,0
v12,hard-opus-b-multi_hop-07,2558,546.3,0
v12,hard-opus-b-multi_hop-08,2246,481.3,0
v12,hard-opus-b-probability-01,1866,402.2,0
v12,hard-opus-b-probability-02,480,215.3,0
v12,hard-opus-b-probability-03,1176,267.8,0
v12,hard-opus-b-probability-04,583,238.2,0
v12,hard-opus-b-probability-06,974,236.9,0
v12,hard-opus-b-tradeoff-01,820,226.8,0
v12,hard-opus-b-tradeoff-03,744,217.2,0
v12,hard-opus-b-tradeoff-06,783,236.0,0
v12,hard-opus-b-tradeoff-07,693,227.4,0
v12,hard-opus-b-tradeoff-08,601,231.1,0
v12,hard-opus-b-tradeoff-12,571,218.0,0
v12,hard-opus-c-long_policy-02,3072,703.0,0
v12,hard-opus-c-long_policy-03,3072,728.7,0
v12,hard-opus-c-long_policy-04,3072,731.5,0
v12,hard-opus-c-long_policy-05,3072,714.3,0
v12,hard-opus-c-long_policy-08,3072,690.1,0
v12,hard-opus-c-long_policy-10,3072,691.8,0
v12,hard-opus-c-long_policy-11,3072,711.6,0
v12,hard-opus-c-probability-03,553,219.3,0
v12,hard-opus-c-temporal_numeric-02,929,236.6,0
v12,hard-opus-c-temporal_numeric-03,850,217.2,0
v12,hard-opus-c-temporal_numeric-04,761,239.8,0
v12,hard-opus-c-temporal_numeric-06,961,216.0,0
v12,hard-opus-c-temporal_numeric-08,970,227.5,0
v12,hard-opus-c-temporal_numeric-12,801,217.1,0
v12,hard-sol-a-adversarial-01,273,237.9,0
v12,hard-sol-a-adversarial-06,244,231.3,0
v12,hard-sol-a-adversarial-07,289,220.7,0
v12,hard-sol-a-adversarial-08,225,220.7,0
v12,hard-sol-a-adversarial-09,233,219.4,0
v12,hard-sol-a-adversarial-11,294,218.5,0
v12,hard-sol-a-multi_hop-01,2558,561.9,0
v12,hard-sol-a-multi_hop-02,2597,569.6,0
v12,hard-sol-a-multi_hop-05,2513,550.1,0
v12,hard-sol-a-multi_hop-07,2499,548.1,0
v12,hard-sol-a-multi_hop-08,2471,525.9,0
v12,hard-sol-a-multi_hop-09,2479,541.1,0
v12,hard-sol-a-multi_hop-10,2537,556.2,0
v12,hard-sol-a-multi_hop-12,2489,545.3,0
v12,hard-sol-a-trap-02,295,220.9,0
v12,hard-sol-a-trap-04,202,234.6,0
v12,hard-sol-a-trap-05,344,218.7,0
v12,hard-sol-a-trap-06,341,218.5,0
v12,hard-sol-a-trap-08,268,219.5,0
v12,hard-sol-a-trap-10,196,236.8,0
v12,hard-sol-a-trap-13,209,219.8,0
v12,hard-sol-a-trap-15,314,218.1,0
v12,hard-sol-b-judge_hard-01,295,217.0,0
v12,hard-sol-b-judge_hard-02,219,241.2,0
v12,hard-sol-b-judge_hard-05,239,215.9,0
v12,hard-sol-b-judge_hard-08,221,226.8,0
v12,hard-sol-b-judge_hard-10,240,215.6,0
v12,hard-sol-b-judge_hard-14,257,228.6,0
v12,hard-sol-b-judge_hard-15,213,223.5,0
v12,hard-sol-b-judge_hard-18,181,224.2,0
v12,hard-sol-b-long_policy-01,2732,690.1,0
v12,hard-sol-b-long_policy-02,2574,575.4,0
v12,hard-sol-b-long_policy-05,2536,545.0,0
v12,hard-sol-b-long_policy-06,2620,578.1,0
v12,hard-sol-b-routing_hard-01,314,228.9,0
v12,hard-sol-b-routing_hard-02,297,230.3,0
v12,hard-sol-b-routing_hard-03,295,232.0,0
v12,hard-sol-b-routing_hard-07,280,217.5,0
v12,hard-sol-b-routing_hard-09,284,219.1,0
v12,hard-sol-b-temporal_numeric-01,284,237.0,0
v12,hard-sol-b-temporal_numeric-02,298,228.9,0
v12,hard-sol-b-temporal_numeric-03,237,217.7,0
v12,hard-sol-b-temporal_numeric-04,247,225.7,0
v12,hard-sol-c-judge_hard-03,402,230.4,0
v12,hard-sol-c-judge_hard-05,364,215.9,0
v12,hard-sol-c-judge_hard-07,330,237.3,0
v12,hard-sol-c-judge_hard-08,323,244.6,0
v12,hard-sol-c-judge_hard-09,354,229.8,0
v12,hard-sol-c-judge_hard-10,383,230.0,0
v12,hard-sol-c-judge_hard-11,353,216.6,0
v12,hard-sol-c-judge_hard-13,343,219.4,0
v12,hard-sol-c-judge_hard-15,298,217.5,0
v12,hard-sol-c-multi_hop-07,2442,629.9,0
v12,hard-sol-c-multi_hop-09,2455,531.7,0
v12,hard-sol-c-multi_hop-11,2533,547.9,0
v12,hard-sol-c-multi_hop-12,526,244.2,0
v12,hard-sol-c-multi_hop-13,2504,554.5,0
v13,original-policy-01-0,125,7444.5,1
v13,original-policy-01-1,128,97.7,0
v13,original-policy-02-0,114,97.1,0
v13,original-policy-02-1,113,96.4,0
v13,original-policy-03-0,116,104.1,0
v13,original-policy-03-1,115,109.5,0
v13,original-policy-04-0,122,98.7,0
v13,original-policy-04-1,119,102.3,0
v13,original-policy-05-0,126,102.1,0
v13,original-policy-05-1,118,102.5,0
v13,original-policy-06-0,128,108.8,0
v13,original-policy-06-1,118,100.9,0
v13,original-intent-01-0,113,100.6,0
v13,original-intent-01-1,114,96.5,0
v13,original-intent-02-0,114,110.6,0
v13,original-intent-02-1,113,105.2,0
v13,original-intent-03-0,115,110.5,0
v13,original-intent-03-1,113,109.6,0
v13,original-intent-04-0,118,100.4,0
v13,original-intent-04-1,113,94.6,0
v13,original-intent-05-0,113,95.7,0
v13,original-intent-05-1,112,99.1,0
v13,original-intent-06-0,111,96.1,0
v13,original-intent-06-1,116,119.8,0
v13,original-ordinal-01-0,131,99.5,0
v13,original-ordinal-01-1,132,123.6,0
v13,original-ordinal-02-0,135,106.3,0
v13,original-ordinal-02-1,136,100.5,0
v13,original-ordinal-03-0,132,97.9,0
v13,original-ordinal-03-1,134,111.8,0
v13,original-ordinal-04-0,134,108.1,0
v13,original-ordinal-04-1,133,108.1,0
v13,original-ordinal-05-0,137,95.6,0
v13,original-ordinal-05-1,136,96.7,0
v13,original-ordinal-06-0,137,122.2,0
v13,original-ordinal-06-1,144,103.8,0
v13,original-extraction-01-0,102,108.5,0
v13,original-extraction-01-1,104,113.5,0
v13,original-extraction-02-0,105,98.0,0
v13,original-extraction-02-1,104,116.9,0
v13,original-extraction-03-0,108,105.9,0
v13,original-extraction-03-1,107,104.0,0
v13,original-extraction-04-0,105,98.1,0
v13,original-extraction-04-1,102,119.7,0
v13,original-extraction-05-0,105,99.9,0
v13,original-extraction-05-1,101,103.7,0
v13,original-extraction-06-0,105,96.7,0
v13,original-extraction-06-1,104,96.8,0
v13,original-adequacy-01-0,107,95.1,0
v13,original-adequacy-01-1,103,111.5,0
v13,original-adequacy-02-0,104,110.5,0
v13,original-adequacy-02-1,105,128.9,0
v13,original-adequacy-03-0,107,99.3,0
v13,original-adequacy-03-1,111,98.2,0
v13,original-adequacy-04-0,111,116.1,0
v13,original-adequacy-04-1,108,97.8,0
v13,original-adequacy-05-0,100,103.3,0
v13,original-adequacy-05-1,101,97.4,0
v13,original-adequacy-06-0,116,95.4,0
v13,original-adequacy-06-1,118,96.5,0
v13,original-routing-01-0,143,98.5,0
v13,original-routing-01-1,139,101.3,0
v13,original-routing-02-0,144,97.2,0
v13,original-routing-02-1,138,108.0,0
v13,original-routing-03-0,143,96.7,0
v13,original-routing-03-1,145,118.0,0
v13,original-routing-04-0,139,99.4,0
v13,original-routing-04-1,138,113.9,0
v13,original-routing-05-0,140,96.4,0
v13,original-routing-05-1,140,98.3,0
v13,original-routing-06-0,139,111.4,0
v13,original-routing-06-1,138,108.3,0
v13,easy-intent-00,133,98.2,0
v13,easy-intent-01,133,97.0,0
v13,easy-intent-02,136,111.4,0
v13,easy-intent-03,125,107.1,0
v13,easy-intent-04,130,96.8,0
v13,easy-intent-05,129,96.0,0
v13,easy-intent-06,121,97.9,0
v13,easy-intent-07,114,111.4,0
v13,easy-intent-08,116,97.1,0
v13,easy-intent-09,119,99.0,0
v13,easy-intent-10,117,105.0,0
v13,easy-intent-11,117,107.9,0
v13,easy-fact-00,105,110.0,0
v13,easy-fact-01,103,99.8,0
v13,easy-fact-02,111,96.0,0
v13,easy-fact-03,114,95.5,0
v13,easy-fact-04,103,99.5,0
v13,easy-fact-05,104,97.8,0
v13,easy-fact-06,124,105.5,0
v13,easy-fact-07,99,106.2,0
v13,easy-fact-08,95,108.4,0
v13,easy-fact-09,95,97.2,0
v13,easy-fact-10,104,95.4,0
v13,easy-fact-11,105,98.8,0
v13,easy-extraction-00,89,96.8,0
v13,easy-extraction-01,91,98.9,0
v13,easy-extraction-02,92,112.6,0
v13,easy-extraction-03,93,98.7,0
v13,easy-extraction-04,91,99.9,0
v13,easy-extraction-05,91,99.3,0
v13,easy-extraction-06,84,116.0,0
v13,easy-extraction-07,82,102.1,0
v13,easy-extraction-08,91,101.4,0
v13,easy-extraction-09,93,111.2,0
v13,easy-extraction-10,89,97.2,0
v13,easy-extraction-11,95,99.1,0
v13,easy-tool_selection-00,124,122.4,0
v13,easy-tool_selection-01,125,120.9,0
v13,easy-tool_selection-02,128,108.0,0
v13,easy-tool_selection-03,126,100.0,0
v13,easy-tool_selection-04,122,98.0,0
v13,easy-tool_selection-05,128,98.6,0
v13,easy-tool_selection-06,132,96.7,0
v13,easy-tool_selection-07,132,106.2,0
v13,easy-tool_selection-08,131,123.5,0
v13,easy-tool_selection-09,128,100.4,0
v13,easy-tool_selection-10,128,98.6,0
v13,easy-tool_selection-11,131,104.1,0
v13,hard-opus-a-long_policy-01,3072,395.0,0
v13,hard-opus-a-long_policy-04,2628,265.0,0
v13,hard-opus-a-long_policy-08,2402,230.4,0
v13,hard-opus-a-long_policy-09,2530,237.1,0
v13,hard-opus-a-long_policy-11,2349,227.1,0
v13,hard-opus-a-long_policy-13,2441,230.9,0
v13,hard-opus-a-long_policy-17,2363,233.0,0
v13,hard-opus-a-long_policy-19,2340,225.6,0
v13,hard-opus-a-probability-03,444,112.2,0
v13,hard-opus-a-probability-04,1107,121.5,0
v13,hard-opus-a-probability-07,1221,144.9,0
v13,hard-opus-a-probability-08,406,98.4,0
v13,hard-opus-a-temporal_numeric-03,502,103.2,0
v13,hard-opus-a-temporal_numeric-06,537,99.8,0
v13,hard-opus-a-temporal_numeric-07,1308,164.1,0
v13,hard-opus-a-temporal_numeric-09,534,125.8,0
v13,hard-opus-a-temporal_numeric-12,607,119.5,0
v13,hard-opus-b-ambiguous-02,543,105.3,0
v13,hard-opus-b-ambiguous-03,497,99.2,0
v13,hard-opus-b-ambiguous-07,500,100.3,0
v13,hard-opus-b-ambiguous-09,638,102.7,0
v13,hard-opus-b-ambiguous-10,565,99.5,0
v13,hard-opus-b-ambiguous-11,467,119.6,0
v13,hard-opus-b-ambiguous-13,605,117.4,0
v13,hard-opus-b-multi_hop-03,2968,313.9,0
v13,hard-opus-b-multi_hop-04,2352,225.9,0
v13,hard-opus-b-multi_hop-05,2603,272.1,0
v13,hard-opus-b-multi_hop-07,2647,266.6,0
v13,hard-opus-b-multi_hop-08,2327,235.8,0
v13,hard-opus-b-probability-01,1922,198.7,0
v13,hard-opus-b-probability-02,503,113.1,0
v13,hard-opus-b-probability-03,1228,144.2,0
v13,hard-opus-b-probability-04,605,112.3,0
v13,hard-opus-b-probability-06,1022,115.1,0
v13,hard-opus-b-tradeoff-01,845,103.9,0
v13,hard-opus-b-tradeoff-03,763,116.3,0
v13,hard-opus-b-tradeoff-06,805,107.3,0
v13,hard-opus-b-tradeoff-07,723,102.1,0
v13,hard-opus-b-tradeoff-08,616,115.3,0
v13,hard-opus-b-tradeoff-12,598,101.7,0
v13,hard-opus-c-long_policy-02,3072,298.2,0
v13,hard-opus-c-long_policy-03,3072,316.4,0
v13,hard-opus-c-long_policy-04,3072,297.1,0
v13,hard-opus-c-long_policy-05,3072,298.4,0
v13,hard-opus-c-long_policy-08,3072,303.8,0
v13,hard-opus-c-long_policy-10,3072,311.9,0
v13,hard-opus-c-long_policy-11,3072,311.6,0
v13,hard-opus-c-probability-03,553,97.7,0
v13,hard-opus-c-temporal_numeric-02,951,132.8,0
v13,hard-opus-c-temporal_numeric-03,874,113.5,0
v13,hard-opus-c-temporal_numeric-04,789,117.8,0
v13,hard-opus-c-temporal_numeric-06,992,130.8,0
v13,hard-opus-c-temporal_numeric-08,993,136.7,0
v13,hard-opus-c-temporal_numeric-12,827,114.6,0
v13,hard-sol-a-adversarial-01,287,98.3,0
v13,hard-sol-a-adversarial-06,256,105.1,0
v13,hard-sol-a-adversarial-07,303,103.4,0
v13,hard-sol-a-adversarial-08,233,119.3,0
v13,hard-sol-a-adversarial-09,247,118.8,0
v13,hard-sol-a-adversarial-11,308,105.6,0
v13,hard-sol-a-multi_hop-01,2717,280.6,0
v13,hard-sol-a-multi_hop-02,2765,293.5,0
v13,hard-sol-a-multi_hop-05,2677,289.0,0
v13,hard-sol-a-multi_hop-07,2658,278.0,0
v13,hard-sol-a-multi_hop-08,2628,265.8,0
v13,hard-sol-a-multi_hop-09,2642,266.3,0
v13,hard-sol-a-multi_hop-10,2706,269.7,0
v13,hard-sol-a-multi_hop-12,2653,279.8,0
v13,hard-sol-a-trap-02,307,113.4,0
v13,hard-sol-a-trap-04,213,116.9,0
v13,hard-sol-a-trap-05,358,98.7,0
v13,hard-sol-a-trap-06,355,111.1,0
v13,hard-sol-a-trap-08,282,99.5,0
v13,hard-sol-a-trap-10,209,109.6,0
v13,hard-sol-a-trap-13,221,120.4,0
v13,hard-sol-a-trap-15,323,103.3,0
v13,hard-sol-b-judge_hard-01,309,101.9,0
v13,hard-sol-b-judge_hard-02,233,100.0,0
v13,hard-sol-b-judge_hard-05,253,99.4,0
v13,hard-sol-b-judge_hard-08,235,118.0,0
v13,hard-sol-b-judge_hard-10,254,100.9,0
v13,hard-sol-b-judge_hard-14,271,122.3,0
v13,hard-sol-b-judge_hard-15,227,99.8,0
v13,hard-sol-b-judge_hard-18,195,99.8,0
v13,hard-sol-b-long_policy-01,2745,310.9,0
v13,hard-sol-b-long_policy-02,2596,263.1,0
v13,hard-sol-b-long_policy-05,2557,237.0,0
v13,hard-sol-b-long_policy-06,2640,266.9,0
v13,hard-sol-b-routing_hard-01,337,102.2,0
v13,hard-sol-b-routing_hard-02,320,100.2,0
v13,hard-sol-b-routing_hard-03,318,96.7,0
v13,hard-sol-b-routing_hard-07,301,111.2,0
v13,hard-sol-b-routing_hard-09,307,97.3,0
v13,hard-sol-b-temporal_numeric-01,300,108.0,0
v13,hard-sol-b-temporal_numeric-02,313,120.4,0
v13,hard-sol-b-temporal_numeric-03,252,121.9,0
v13,hard-sol-b-temporal_numeric-04,262,100.0,0
v13,hard-sol-c-judge_hard-03,416,123.2,0
v13,hard-sol-c-judge_hard-05,378,98.8,0
v13,hard-sol-c-judge_hard-07,342,97.2,0
v13,hard-sol-c-judge_hard-08,337,98.7,0
v13,hard-sol-c-judge_hard-09,367,109.9,0
v13,hard-sol-c-judge_hard-10,396,119.0,0
v13,hard-sol-c-judge_hard-11,367,122.6,0
v13,hard-sol-c-judge_hard-13,357,98.2,0
v13,hard-sol-c-judge_hard-15,312,99.4,0
v13,hard-sol-c-multi_hop-07,2534,248.8,0
v13,hard-sol-c-multi_hop-09,2553,247.1,0
v13,hard-sol-c-multi_hop-11,2631,266.3,0
v13,hard-sol-c-multi_hop-12,550,117.1,0
v13,hard-sol-c-multi_hop-13,2602,264.9,0
v14,original-policy-01-0,125,7422.1,1
v14,original-policy-01-1,128,124.5,0
v14,original-policy-02-0,114,110.9,0
v14,original-policy-02-1,113,111.0,0
v14,original-policy-03-0,116,103.7,0
v14,original-policy-03-1,115,120.3,0
v14,original-policy-04-0,122,103.1,0
v14,original-policy-04-1,119,102.2,0
v14,original-policy-05-0,126,118.9,0
v14,original-policy-05-1,118,117.9,0
v14,original-policy-06-0,128,102.1,0
v14,original-policy-06-1,118,118.3,0
v14,original-intent-01-0,113,102.8,0
v14,original-intent-01-1,114,101.4,0
v14,original-intent-02-0,114,118.9,0
v14,original-intent-02-1,113,103.7,0
v14,original-intent-03-0,115,103.9,0
v14,original-intent-03-1,113,101.1,0
v14,original-intent-04-0,118,118.5,0
v14,original-intent-04-1,113,101.0,0
v14,original-intent-05-0,113,103.5,0
v14,original-intent-05-1,112,119.3,0
v14,original-intent-06-0,111,118.1,0
v14,original-intent-06-1,116,122.8,0
v14,original-ordinal-01-0,131,104.0,0
v14,original-ordinal-01-1,132,99.7,0
v14,original-ordinal-02-0,135,100.4,0
v14,original-ordinal-02-1,136,118.4,0
v14,original-ordinal-03-0,132,113.2,0
v14,original-ordinal-03-1,134,103.0,0
v14,original-ordinal-04-0,134,113.7,0
v14,original-ordinal-04-1,133,110.5,0
v14,original-ordinal-05-0,137,103.5,0
v14,original-ordinal-05-1,136,116.0,0
v14,original-ordinal-06-0,137,102.4,0
v14,original-ordinal-06-1,144,121.3,0
v14,original-extraction-01-0,102,109.4,0
v14,original-extraction-01-1,104,122.4,0
v14,original-extraction-02-0,105,119.4,0
v14,original-extraction-02-1,104,123.4,0
v14,original-extraction-03-0,108,112.9,0
v14,original-extraction-03-1,107,121.3,0
v14,original-extraction-04-0,105,127.9,0
v14,original-extraction-04-1,102,106.1,0
v14,original-extraction-05-0,105,115.6,0
v14,original-extraction-05-1,101,110.6,0
v14,original-extraction-06-0,105,118.5,0
v14,original-extraction-06-1,104,104.0,0
v14,original-adequacy-01-0,107,117.2,0
v14,original-adequacy-01-1,103,107.1,0
v14,original-adequacy-02-0,104,101.3,0
v14,original-adequacy-02-1,105,99.7,0
v14,original-adequacy-03-0,107,118.1,0
v14,original-adequacy-03-1,111,104.3,0
v14,original-adequacy-04-0,111,109.0,0
v14,original-adequacy-04-1,108,103.3,0
v14,original-adequacy-05-0,100,111.2,0
v14,original-adequacy-05-1,101,109.6,0
v14,original-adequacy-06-0,116,115.9,0
v14,original-adequacy-06-1,118,102.3,0
v14,original-routing-01-0,143,102.6,0
v14,original-routing-01-1,139,103.5,0
v14,original-routing-02-0,144,103.1,0
v14,original-routing-02-1,138,110.9,0
v14,original-routing-03-0,143,98.2,0
v14,original-routing-03-1,145,111.2,0
v14,original-routing-04-0,139,99.7,0
v14,original-routing-04-1,138,103.8,0
v14,original-routing-05-0,140,116.9,0
v14,original-routing-05-1,140,101.4,0
v14,original-routing-06-0,139,114.9,0
v14,original-routing-06-1,138,100.5,0
v14,easy-intent-00,133,112.3,0
v14,easy-intent-01,133,99.8,0
v14,easy-intent-02,136,103.5,0
v14,easy-intent-03,125,103.4,0
v14,easy-intent-04,130,114.5,0
v14,easy-intent-05,129,114.0,0
v14,easy-intent-06,121,114.4,0
v14,easy-intent-07,114,100.9,0
v14,easy-intent-08,116,101.7,0
v14,easy-intent-09,119,107.5,0
v14,easy-intent-10,117,101.1,0
v14,easy-intent-11,117,100.3,0
v14,easy-fact-00,105,118.1,0
v14,easy-fact-01,103,112.2,0
v14,easy-fact-02,111,98.0,0
v14,easy-fact-03,114,107.4,0
v14,easy-fact-04,103,104.0,0
v14,easy-fact-05,104,103.5,0
v14,easy-fact-06,124,103.4,0
v14,easy-fact-07,99,101.8,0
v14,easy-fact-08,95,113.8,0
v14,easy-fact-09,95,101.9,0
v14,easy-fact-10,104,102.1,0
v14,easy-fact-11,105,119.9,0
v14,easy-extraction-00,89,105.2,0
v14,easy-extraction-01,91,102.1,0
v14,easy-extraction-02,92,115.0,0
v14,easy-extraction-03,93,101.7,0
v14,easy-extraction-04,91,103.8,0
v14,easy-extraction-05,91,105.1,0
v14,easy-extraction-06,84,107.9,0
v14,easy-extraction-07,82,105.9,0
v14,easy-extraction-08,91,121.7,0
v14,easy-extraction-09,93,105.3,0
v14,easy-extraction-10,89,105.5,0
v14,easy-extraction-11,95,97.5,0
v14,easy-tool_selection-00,124,115.0,0
v14,easy-tool_selection-01,125,102.1,0
v14,easy-tool_selection-02,128,102.3,0
v14,easy-tool_selection-03,126,101.8,0
v14,easy-tool_selection-04,122,102.0,0
v14,easy-tool_selection-05,128,117.8,0
v14,easy-tool_selection-06,132,108.4,0
v14,easy-tool_selection-07,132,116.0,0
v14,easy-tool_selection-08,131,126.2,0
v14,easy-tool_selection-09,128,107.0,0
v14,easy-tool_selection-10,128,104.8,0
v14,easy-tool_selection-11,131,105.4,0
v14,hard-opus-a-long_policy-01,3072,421.5,0
v14,hard-opus-a-long_policy-04,2628,276.5,0
v14,hard-opus-a-long_policy-08,2402,238.4,0
v14,hard-opus-a-long_policy-09,2530,245.7,0
v14,hard-opus-a-long_policy-11,2349,234.5,0
v14,hard-opus-a-long_policy-13,2441,254.3,0
v14,hard-opus-a-long_policy-17,2363,235.9,0
v14,hard-opus-a-long_policy-19,2340,235.1,0
v14,hard-opus-a-probability-03,444,105.0,0
v14,hard-opus-a-probability-04,1107,127.7,0
v14,hard-opus-a-probability-07,1221,139.8,0
v14,hard-opus-a-probability-08,406,105.8,0
v14,hard-opus-a-temporal_numeric-03,502,102.7,0
v14,hard-opus-a-temporal_numeric-06,537,105.2,0
v14,hard-opus-a-temporal_numeric-07,1308,151.4,0
v14,hard-opus-a-temporal_numeric-09,534,123.3,0
v14,hard-opus-a-temporal_numeric-12,607,117.4,0
v14,hard-opus-b-ambiguous-02,543,102.9,0
v14,hard-opus-b-ambiguous-03,497,120.0,0
v14,hard-opus-b-ambiguous-07,500,112.6,0
v14,hard-opus-b-ambiguous-09,638,105.6,0
v14,hard-opus-b-ambiguous-10,565,121.7,0
v14,hard-opus-b-ambiguous-11,467,104.3,0
v14,hard-opus-b-ambiguous-13,605,104.0,0
v14,hard-opus-b-multi_hop-03,2968,313.0,0
v14,hard-opus-b-multi_hop-04,2352,244.0,0
v14,hard-opus-b-multi_hop-05,2603,285.1,0
v14,hard-opus-b-multi_hop-07,2647,278.3,0
v14,hard-opus-b-multi_hop-08,2327,244.0,0
v14,hard-opus-b-probability-01,1922,208.0,0
v14,hard-opus-b-probability-02,503,103.7,0
v14,hard-opus-b-probability-03,1228,132.9,0
v14,hard-opus-b-probability-04,605,108.5,0
v14,hard-opus-b-probability-06,1022,135.3,0
v14,hard-opus-b-tradeoff-01,845,109.4,0
v14,hard-opus-b-tradeoff-03,763,111.4,0
v14,hard-opus-b-tradeoff-06,805,123.9,0
v14,hard-opus-b-tradeoff-07,723,106.2,0
v14,hard-opus-b-tradeoff-08,616,109.3,0
v14,hard-opus-b-tradeoff-12,598,124.3,0
v14,hard-opus-c-long_policy-02,3072,319.7,0
v14,hard-opus-c-long_policy-03,3072,332.7,0
v14,hard-opus-c-long_policy-04,3072,313.7,0
v14,hard-opus-c-long_policy-05,3072,318.9,0
v14,hard-opus-c-long_policy-08,3072,308.6,0
v14,hard-opus-c-long_policy-10,3072,309.5,0
v14,hard-opus-c-long_policy-11,3072,309.8,0
v14,hard-opus-c-probability-03,553,113.7,0
v14,hard-opus-c-temporal_numeric-02,951,117.6,0
v14,hard-opus-c-temporal_numeric-03,874,109.5,0
v14,hard-opus-c-temporal_numeric-04,789,107.6,0
v14,hard-opus-c-temporal_numeric-06,992,130.5,0
v14,hard-opus-c-temporal_numeric-08,993,119.4,0
v14,hard-opus-c-temporal_numeric-12,827,110.1,0
v14,hard-sol-a-adversarial-01,287,113.5,0
v14,hard-sol-a-adversarial-06,256,105.8,0
v14,hard-sol-a-adversarial-07,303,103.8,0
v14,hard-sol-a-adversarial-08,233,117.5,0
v14,hard-sol-a-adversarial-09,247,118.1,0
v14,hard-sol-a-adversarial-11,308,121.2,0
v14,hard-sol-a-multi_hop-01,2717,281.2,0
v14,hard-sol-a-multi_hop-02,2765,283.8,0
v14,hard-sol-a-multi_hop-05,2677,298.5,0
v14,hard-sol-a-multi_hop-07,2658,277.1,0
v14,hard-sol-a-multi_hop-08,2628,274.8,0
v14,hard-sol-a-multi_hop-09,2642,276.9,0
v14,hard-sol-a-multi_hop-10,2706,281.5,0
v14,hard-sol-a-multi_hop-12,2653,277.8,0
v14,hard-sol-a-trap-02,307,102.6,0
v14,hard-sol-a-trap-04,213,118.1,0
v14,hard-sol-a-trap-05,358,107.8,0
v14,hard-sol-a-trap-06,355,109.0,0
v14,hard-sol-a-trap-08,282,123.3,0
v14,hard-sol-a-trap-10,209,121.4,0
v14,hard-sol-a-trap-13,221,104.1,0
v14,hard-sol-a-trap-15,323,104.8,0
v14,hard-sol-b-judge_hard-01,309,113.8,0
v14,hard-sol-b-judge_hard-02,233,123.3,0
v14,hard-sol-b-judge_hard-05,253,109.0,0
v14,hard-sol-b-judge_hard-08,235,107.8,0
v14,hard-sol-b-judge_hard-10,254,105.4,0
v14,hard-sol-b-judge_hard-14,271,103.8,0
v14,hard-sol-b-judge_hard-15,227,105.2,0
v14,hard-sol-b-judge_hard-18,195,105.4,0
v14,hard-sol-b-long_policy-01,2745,354.0,0
v14,hard-sol-b-long_policy-02,2596,291.5,0
v14,hard-sol-b-long_policy-05,2557,246.7,0
v14,hard-sol-b-long_policy-06,2640,276.3,0
v14,hard-sol-b-routing_hard-01,337,104.8,0
v14,hard-sol-b-routing_hard-02,320,106.1,0
v14,hard-sol-b-routing_hard-03,318,113.0,0
v14,hard-sol-b-routing_hard-07,301,103.6,0
v14,hard-sol-b-routing_hard-09,307,102.1,0
v14,hard-sol-b-temporal_numeric-01,300,103.6,0
v14,hard-sol-b-temporal_numeric-02,313,117.6,0
v14,hard-sol-b-temporal_numeric-03,252,118.5,0
v14,hard-sol-b-temporal_numeric-04,262,120.6,0
v14,hard-sol-c-judge_hard-03,416,118.9,0
v14,hard-sol-c-judge_hard-05,378,104.9,0
v14,hard-sol-c-judge_hard-07,342,99.8,0
v14,hard-sol-c-judge_hard-08,337,102.9,0
v14,hard-sol-c-judge_hard-09,367,117.0,0
v14,hard-sol-c-judge_hard-10,396,115.2,0
v14,hard-sol-c-judge_hard-11,367,118.3,0
v14,hard-sol-c-judge_hard-13,357,106.0,0
v14,hard-sol-c-judge_hard-15,312,110.8,0
v14,hard-sol-c-multi_hop-07,2534,260.8,0
v14,hard-sol-c-multi_hop-09,2553,244.4,0
v14,hard-sol-c-multi_hop-11,2631,290.7,0
v14,hard-sol-c-multi_hop-12,550,104.2,0
v14,hard-sol-c-multi_hop-13,2602,293.8,0
v15,original-policy-01-0,125,7119.3,1
v15,original-policy-01-1,128,103.1,0
v15,original-policy-02-0,114,107.3,0
v15,original-policy-02-1,113,105.5,0
v15,original-policy-03-0,116,109.0,0
v15,original-policy-03-1,115,105.9,0
v15,original-policy-04-0,122,101.0,0
v15,original-policy-04-1,119,110.8,0
v15,original-policy-05-0,126,100.7,0
v15,original-policy-05-1,118,114.9,0
v15,original-policy-06-0,128,113.1,0
v15,original-policy-06-1,118,107.7,0
v15,original-intent-01-0,113,105.9,0
v15,original-intent-01-1,114,104.6,0
v15,original-intent-02-0,114,117.2,0
v15,original-intent-02-1,113,103.7,0
v15,original-intent-03-0,115,112.9,0
v15,original-intent-03-1,113,104.9,0
v15,original-intent-04-0,118,113.1,0
v15,original-intent-04-1,113,105.5,0
v15,original-intent-05-0,113,102.5,0
v15,original-intent-05-1,112,103.8,0
v15,original-intent-06-0,111,105.9,0
v15,original-intent-06-1,116,111.7,0
v15,original-ordinal-01-0,131,106.8,0
v15,original-ordinal-01-1,132,104.8,0
v15,original-ordinal-02-0,135,105.9,0
v15,original-ordinal-02-1,136,103.6,0
v15,original-ordinal-03-0,132,105.5,0
v15,original-ordinal-03-1,134,104.1,0
v15,original-ordinal-04-0,134,103.7,0
v15,original-ordinal-04-1,133,104.5,0
v15,original-ordinal-05-0,137,103.8,0
v15,original-ordinal-05-1,136,105.7,0
v15,original-ordinal-06-0,137,108.4,0
v15,original-ordinal-06-1,144,103.3,0
v15,original-extraction-01-0,102,113.1,0
v15,original-extraction-01-1,104,107.4,0
v15,original-extraction-02-0,105,109.4,0
v15,original-extraction-02-1,104,105.7,0
v15,original-extraction-03-0,108,107.9,0
v15,original-extraction-03-1,107,106.4,0
v15,original-extraction-04-0,105,108.3,0
v15,original-extraction-04-1,102,105.1,0
v15,original-extraction-05-0,105,106.4,0
v15,original-extraction-05-1,101,115.2,0
v15,original-extraction-06-0,105,106.2,0
v15,original-extraction-06-1,104,109.0,0
v15,original-adequacy-01-0,107,106.6,0
v15,original-adequacy-01-1,103,109.8,0
v15,original-adequacy-02-0,104,108.0,0
v15,original-adequacy-02-1,105,107.8,0
v15,original-adequacy-03-0,107,106.6,0
v15,original-adequacy-03-1,111,106.2,0
v15,original-adequacy-04-0,111,107.2,0
v15,original-adequacy-04-1,108,109.1,0
v15,original-adequacy-05-0,100,103.3,0
v15,original-adequacy-05-1,101,120.5,0
v15,original-adequacy-06-0,116,104.3,0
v15,original-adequacy-06-1,118,103.0,0
v15,original-routing-01-0,143,100.4,0
v15,original-routing-01-1,139,107.5,0
v15,original-routing-02-0,144,108.4,0
v15,original-routing-02-1,138,107.7,0
v15,original-routing-03-0,143,105.7,0
v15,original-routing-03-1,145,106.1,0
v15,original-routing-04-0,139,106.2,0
v15,original-routing-04-1,138,103.3,0
v15,original-routing-05-0,140,105.8,0
v15,original-routing-05-1,140,103.8,0
v15,original-routing-06-0,139,105.1,0
v15,original-routing-06-1,138,123.2,0
v15,easy-intent-00,133,105.2,0
v15,easy-intent-01,133,123.0,0
v15,easy-intent-02,136,106.1,0
v15,easy-intent-03,125,105.1,0
v15,easy-intent-04,130,100.5,0
v15,easy-intent-05,129,107.7,0
v15,easy-intent-06,121,107.1,0
v15,easy-intent-07,114,103.9,0
v15,easy-intent-08,116,120.3,0
v15,easy-intent-09,119,103.3,0
v15,easy-intent-10,117,105.6,0
v15,easy-intent-11,117,106.6,0
v15,easy-fact-00,105,113.4,0
v15,easy-fact-01,103,103.9,0
v15,easy-fact-02,111,125.9,0
v15,easy-fact-03,114,104.9,0
v15,easy-fact-04,103,111.6,0
v15,easy-fact-05,104,116.4,0
v15,easy-fact-06,124,107.9,0
v15,easy-fact-07,99,103.7,0
v15,easy-fact-08,95,111.1,0
v15,easy-fact-09,95,105.5,0
v15,easy-fact-10,104,108.0,0
v15,easy-fact-11,105,110.1,0
v15,easy-extraction-00,89,105.8,0
v15,easy-extraction-01,91,107.8,0
v15,easy-extraction-02,92,122.6,0
v15,easy-extraction-03,93,105.6,0
v15,easy-extraction-04,91,123.4,0
v15,easy-extraction-05,91,106.1,0
v15,easy-extraction-06,84,104.7,0
v15,easy-extraction-07,82,103.5,0
v15,easy-extraction-08,91,112.7,0
v15,easy-extraction-09,93,117.7,0
v15,easy-extraction-10,89,107.9,0
v15,easy-extraction-11,95,104.4,0
v15,easy-tool_selection-00,124,105.3,0
v15,easy-tool_selection-01,125,109.6,0
v15,easy-tool_selection-02,128,121.0,0
v15,easy-tool_selection-03,126,109.1,0
v15,easy-tool_selection-04,122,107.9,0
v15,easy-tool_selection-05,128,104.5,0
v15,easy-tool_selection-06,132,104.9,0
v15,easy-tool_selection-07,132,105.1,0
v15,easy-tool_selection-08,131,109.5,0
v15,easy-tool_selection-09,128,105.7,0
v15,easy-tool_selection-10,128,99.8,0
v15,easy-tool_selection-11,131,113.4,0
v15,hard-opus-a-long_policy-01,3072,437.5,0
v15,hard-opus-a-long_policy-04,2628,265.6,0
v15,hard-opus-a-long_policy-08,2402,229.1,0
v15,hard-opus-a-long_policy-09,2530,241.2,0
v15,hard-opus-a-long_policy-11,2349,226.3,0
v15,hard-opus-a-long_policy-13,2441,231.1,0
v15,hard-opus-a-long_policy-17,2363,227.3,0
v15,hard-opus-a-long_policy-19,2340,226.2,0
v15,hard-opus-a-probability-03,444,108.1,0
v15,hard-opus-a-probability-04,1107,119.9,0
v15,hard-opus-a-probability-07,1221,127.4,0
v15,hard-opus-a-probability-08,406,110.4,0
v15,hard-opus-a-temporal_numeric-03,502,117.0,0
v15,hard-opus-a-temporal_numeric-06,537,106.5,0
v15,hard-opus-a-temporal_numeric-07,1308,147.0,0
v15,hard-opus-a-temporal_numeric-09,534,107.7,0
v15,hard-opus-a-temporal_numeric-12,607,109.5,0
v15,hard-opus-b-ambiguous-02,543,110.3,0
v15,hard-opus-b-ambiguous-03,497,110.3,0
v15,hard-opus-b-ambiguous-07,500,109.8,0
v15,hard-opus-b-ambiguous-09,638,121.9,0
v15,hard-opus-b-ambiguous-10,565,110.8,0
v15,hard-opus-b-ambiguous-11,467,111.0,0
v15,hard-opus-b-ambiguous-13,605,109.0,0
v15,hard-opus-b-multi_hop-03,2968,292.8,0
v15,hard-opus-b-multi_hop-04,2352,229.6,0
v15,hard-opus-b-multi_hop-05,2603,264.4,0
v15,hard-opus-b-multi_hop-07,2647,285.5,0
v15,hard-opus-b-multi_hop-08,2327,237.4,0
v15,hard-opus-b-probability-01,1922,202.7,0
v15,hard-opus-b-probability-02,503,105.2,0
v15,hard-opus-b-probability-03,1228,127.2,0
v15,hard-opus-b-probability-04,605,108.9,0
v15,hard-opus-b-probability-06,1022,116.0,0
v15,hard-opus-b-tradeoff-01,845,109.5,0
v15,hard-opus-b-tradeoff-03,763,125.1,0
v15,hard-opus-b-tradeoff-06,805,117.9,0
v15,hard-opus-b-tradeoff-07,723,110.1,0
v15,hard-opus-b-tradeoff-08,616,109.0,0
v15,hard-opus-b-tradeoff-12,598,104.5,0
v15,hard-opus-c-long_policy-02,3072,298.8,0
v15,hard-opus-c-long_policy-03,3072,297.6,0
v15,hard-opus-c-long_policy-04,3072,298.3,0
v15,hard-opus-c-long_policy-05,3072,303.6,0
v15,hard-opus-c-long_policy-08,3072,310.4,0
v15,hard-opus-c-long_policy-10,3072,310.1,0
v15,hard-opus-c-long_policy-11,3072,309.0,0
v15,hard-opus-c-probability-03,553,122.9,0
v15,hard-opus-c-temporal_numeric-02,951,112.6,0
v15,hard-opus-c-temporal_numeric-03,874,116.8,0
v15,hard-opus-c-temporal_numeric-04,789,115.9,0
v15,hard-opus-c-temporal_numeric-06,992,127.1,0
v15,hard-opus-c-temporal_numeric-08,993,115.1,0
v15,hard-opus-c-temporal_numeric-12,827,122.3,0
v15,hard-sol-a-adversarial-01,287,108.3,0
v15,hard-sol-a-adversarial-06,256,109.0,0
v15,hard-sol-a-adversarial-07,303,112.6,0
v15,hard-sol-a-adversarial-08,233,108.0,0
v15,hard-sol-a-adversarial-09,247,104.2,0
v15,hard-sol-a-adversarial-11,308,104.7,0
v15,hard-sol-a-multi_hop-01,2717,270.8,0
v15,hard-sol-a-multi_hop-02,2765,286.5,0
v15,hard-sol-a-multi_hop-05,2677,268.5,0
v15,hard-sol-a-multi_hop-07,2658,268.4,0
v15,hard-sol-a-multi_hop-08,2628,277.8,0
v15,hard-sol-a-multi_hop-09,2642,279.9,0
v15,hard-sol-a-multi_hop-10,2706,269.9,0
v15,hard-sol-a-multi_hop-12,2653,267.2,0
v15,hard-sol-a-trap-02,307,104.2,0
v15,hard-sol-a-trap-04,213,121.7,0
v15,hard-sol-a-trap-05,358,121.0,0
v15,hard-sol-a-trap-06,355,105.3,0
v15,hard-sol-a-trap-08,282,116.1,0
v15,hard-sol-a-trap-10,209,103.7,0
v15,hard-sol-a-trap-13,221,100.9,0
v15,hard-sol-a-trap-15,323,106.7,0
v15,hard-sol-b-judge_hard-01,309,106.3,0
v15,hard-sol-b-judge_hard-02,233,108.7,0
v15,hard-sol-b-judge_hard-05,253,114.1,0
v15,hard-sol-b-judge_hard-08,235,111.9,0
v15,hard-sol-b-judge_hard-10,254,118.8,0
v15,hard-sol-b-judge_hard-14,271,116.8,0
v15,hard-sol-b-judge_hard-15,227,124.1,0
v15,hard-sol-b-judge_hard-18,195,111.4,0
v15,hard-sol-b-long_policy-01,2745,321.8,0
v15,hard-sol-b-long_policy-02,2596,263.2,0
v15,hard-sol-b-long_policy-05,2557,237.5,0
v15,hard-sol-b-long_policy-06,2640,266.3,0
v15,hard-sol-b-routing_hard-01,337,104.7,0
v15,hard-sol-b-routing_hard-02,320,104.0,0
v15,hard-sol-b-routing_hard-03,318,106.3,0
v15,hard-sol-b-routing_hard-07,301,117.0,0
v15,hard-sol-b-routing_hard-09,307,124.2,0
v15,hard-sol-b-temporal_numeric-01,300,124.7,0
v15,hard-sol-b-temporal_numeric-02,313,112.9,0
v15,hard-sol-b-temporal_numeric-03,252,106.5,0
v15,hard-sol-b-temporal_numeric-04,262,108.6,0
v15,hard-sol-c-judge_hard-03,416,109.8,0
v15,hard-sol-c-judge_hard-05,378,108.2,0
v15,hard-sol-c-judge_hard-07,342,116.7,0
v15,hard-sol-c-judge_hard-08,337,110.8,0
v15,hard-sol-c-judge_hard-09,367,127.4,0
v15,hard-sol-c-judge_hard-10,396,108.3,0
v15,hard-sol-c-judge_hard-11,367,108.1,0
v15,hard-sol-c-judge_hard-13,357,114.8,0
v15,hard-sol-c-judge_hard-15,312,122.4,0
v15,hard-sol-c-multi_hop-07,2534,240.7,0
v15,hard-sol-c-multi_hop-09,2553,252.7,0
v15,hard-sol-c-multi_hop-11,2631,265.5,0
v15,hard-sol-c-multi_hop-12,550,121.5,0
v15,hard-sol-c-multi_hop-13,2602,262.3,0
v16,original-policy-01-0,125,7131.2,1
v16,original-policy-01-1,128,103.7,0
v16,original-policy-02-0,114,100.9,0
v16,original-policy-02-1,113,114.6,0
v16,original-policy-03-0,116,114.5,0
v16,original-policy-03-1,115,100.7,0
v16,original-policy-04-0,122,99.0,0
v16,original-policy-04-1,119,117.0,0
v16,original-policy-05-0,126,103.2,0
v16,original-policy-05-1,118,111.6,0
v16,original-policy-06-0,128,102.3,0
v16,original-policy-06-1,118,124.9,0
v16,original-intent-01-0,113,105.6,0
v16,original-intent-01-1,114,116.5,0
v16,original-intent-02-0,114,104.5,0
v16,original-intent-02-1,113,102.7,0
v16,original-intent-03-0,115,98.9,0
v16,original-intent-03-1,113,101.2,0
v16,original-intent-04-0,118,101.7,0
v16,original-intent-04-1,113,120.5,0
v16,original-intent-05-0,113,100.8,0
v16,original-intent-05-1,112,101.4,0
v16,original-intent-06-0,111,101.1,0
v16,original-intent-06-1,116,101.2,0
v16,original-ordinal-01-0,131,121.3,0
v16,original-ordinal-01-1,132,102.4,0
v16,original-ordinal-02-0,135,101.7,0
v16,original-ordinal-02-1,136,121.1,0
v16,original-ordinal-03-0,132,101.8,0
v16,original-ordinal-03-1,134,102.3,0
v16,original-ordinal-04-0,134,116.1,0
v16,original-ordinal-04-1,133,114.4,0
v16,original-ordinal-05-0,137,100.9,0
v16,original-ordinal-05-1,136,101.3,0
v16,original-ordinal-06-0,137,101.4,0
v16,original-ordinal-06-1,144,113.1,0
v16,original-extraction-01-0,102,116.3,0
v16,original-extraction-01-1,104,100.7,0
v16,original-extraction-02-0,105,115.7,0
v16,original-extraction-02-1,104,102.4,0
v16,original-extraction-03-0,108,100.3,0
v16,original-extraction-03-1,107,100.9,0
v16,original-extraction-04-0,105,103.6,0
v16,original-extraction-04-1,102,115.7,0
v16,original-extraction-05-0,105,101.7,0
v16,original-extraction-05-1,101,102.6,0
v16,original-extraction-06-0,105,119.8,0
v16,original-extraction-06-1,104,99.9,0
v16,original-adequacy-01-0,107,108.5,0
v16,original-adequacy-01-1,103,122.4,0
v16,original-adequacy-02-0,104,103.3,0
v16,original-adequacy-02-1,105,103.2,0
v16,original-adequacy-03-0,107,103.3,0
v16,original-adequacy-03-1,111,102.4,0
v16,original-adequacy-04-0,111,101.0,0
v16,original-adequacy-04-1,108,102.1,0
v16,original-adequacy-05-0,100,102.6,0
v16,original-adequacy-05-1,101,100.3,0
v16,original-adequacy-06-0,116,100.0,0
v16,original-adequacy-06-1,118,102.7,0
v16,original-routing-01-0,143,103.2,0
v16,original-routing-01-1,139,102.3,0
v16,original-routing-02-0,144,114.0,0
v16,original-routing-02-1,138,119.5,0
v16,original-routing-03-0,143,101.5,0
v16,original-routing-03-1,145,104.5,0
v16,original-routing-04-0,139,118.7,0
v16,original-routing-04-1,138,101.3,0
v16,original-routing-05-0,140,107.3,0
v16,original-routing-05-1,140,102.2,0
v16,original-routing-06-0,139,102.2,0
v16,original-routing-06-1,138,112.4,0
v16,easy-intent-00,133,103.0,0
v16,easy-intent-01,133,108.5,0
v16,easy-intent-02,136,112.7,0
v16,easy-intent-03,125,111.6,0
v16,easy-intent-04,130,102.2,0
v16,easy-intent-05,129,101.6,0
v16,easy-intent-06,121,112.2,0
v16,easy-intent-07,114,100.9,0
v16,easy-intent-08,116,100.3,0
v16,easy-intent-09,119,117.3,0
v16,easy-intent-10,117,100.9,0
v16,easy-intent-11,117,101.9,0
v16,easy-fact-00,105,104.0,0
v16,easy-fact-01,103,103.2,0
v16,easy-fact-02,111,101.3,0
v16,easy-fact-03,114,101.7,0
v16,easy-fact-04,103,102.7,0
v16,easy-fact-05,104,103.3,0
v16,easy-fact-06,124,118.2,0
v16,easy-fact-07,99,102.1,0
v16,easy-fact-08,95,97.7,0
v16,easy-fact-09,95,116.7,0
v16,easy-fact-10,104,102.4,0
v16,easy-fact-11,105,102.7,0
v16,easy-extraction-00,89,121.3,0
v16,easy-extraction-01,91,122.9,0
v16,easy-extraction-02,92,120.1,0
v16,easy-extraction-03,93,104.0,0
v16,easy-extraction-04,91,115.5,0
v16,easy-extraction-05,91,108.5,0
v16,easy-extraction-06,84,103.5,0
v16,easy-extraction-07,82,103.3,0
v16,easy-extraction-08,91,123.2,0
v16,easy-extraction-09,93,101.5,0
v16,easy-extraction-10,89,103.2,0
v16,easy-extraction-11,95,101.1,0
v16,easy-tool_selection-00,124,99.7,0
v16,easy-tool_selection-01,125,102.9,0
v16,easy-tool_selection-02,128,117.6,0
v16,easy-tool_selection-03,126,102.2,0
v16,easy-tool_selection-04,122,116.4,0
v16,easy-tool_selection-05,128,100.9,0
v16,easy-tool_selection-06,132,102.1,0
v16,easy-tool_selection-07,132,102.5,0
v16,easy-tool_selection-08,131,119.5,0
v16,easy-tool_selection-09,128,123.2,0
v16,easy-tool_selection-10,128,108.7,0
v16,easy-tool_selection-11,131,117.5,0
v16,hard-opus-a-long_policy-01,3072,407.1,0
v16,hard-opus-a-long_policy-04,2628,284.9,0
v16,hard-opus-a-long_policy-08,2402,230.8,0
v16,hard-opus-a-long_policy-09,2530,237.2,0
v16,hard-opus-a-long_policy-11,2349,226.6,0
v16,hard-opus-a-long_policy-13,2441,231.6,0
v16,hard-opus-a-long_policy-17,2363,227.6,0
v16,hard-opus-a-long_policy-19,2340,226.6,0
v16,hard-opus-a-probability-03,444,104.3,0
v16,hard-opus-a-probability-04,1107,133.2,0
v16,hard-opus-a-probability-07,1221,127.6,0
v16,hard-opus-a-probability-08,406,103.4,0
v16,hard-opus-a-temporal_numeric-03,502,120.0,0
v16,hard-opus-a-temporal_numeric-06,537,105.9,0
v16,hard-opus-a-temporal_numeric-07,1308,146.3,0
v16,hard-opus-a-temporal_numeric-09,534,105.5,0
v16,hard-opus-a-temporal_numeric-12,607,108.6,0
v16,hard-opus-b-ambiguous-02,543,106.4,0
v16,hard-opus-b-ambiguous-03,497,106.3,0
v16,hard-opus-b-ambiguous-07,500,104.2,0
v16,hard-opus-b-ambiguous-09,638,107.5,0
v16,hard-opus-b-ambiguous-10,565,110.8,0
v16,hard-opus-b-ambiguous-11,467,107.4,0
v16,hard-opus-b-ambiguous-13,605,105.9,0
v16,hard-opus-b-multi_hop-03,2968,291.3,0
v16,hard-opus-b-multi_hop-04,2352,225.9,0
v16,hard-opus-b-multi_hop-05,2603,263.6,0
v16,hard-opus-b-multi_hop-07,2647,265.6,0
v16,hard-opus-b-multi_hop-08,2327,225.9,0
v16,hard-opus-b-probability-01,1922,193.7,0
v16,hard-opus-b-probability-02,503,103.6,0
v16,hard-opus-b-probability-03,1228,126.2,0
v16,hard-opus-b-probability-04,605,105.0,0
v16,hard-opus-b-probability-06,1022,113.8,0
v16,hard-opus-b-tradeoff-01,845,106.2,0
v16,hard-opus-b-tradeoff-03,763,117.0,0
v16,hard-opus-b-tradeoff-06,805,105.1,0
v16,hard-opus-b-tradeoff-07,723,116.9,0
v16,hard-opus-b-tradeoff-08,616,105.7,0
v16,hard-opus-b-tradeoff-12,598,103.9,0
v16,hard-opus-c-long_policy-02,3072,309.3,0
v16,hard-opus-c-long_policy-03,3072,297.6,0
v16,hard-opus-c-long_policy-04,3072,317.3,0
v16,hard-opus-c-long_policy-05,3072,297.9,0
v16,hard-opus-c-long_policy-08,3072,298.5,0
v16,hard-opus-c-long_policy-10,3072,309.6,0
v16,hard-opus-c-long_policy-11,3072,298.1,0
v16,hard-opus-c-probability-03,553,122.9,0
v16,hard-opus-c-temporal_numeric-02,951,112.5,0
v16,hard-opus-c-temporal_numeric-03,874,106.1,0
v16,hard-opus-c-temporal_numeric-04,789,107.5,0
v16,hard-opus-c-temporal_numeric-06,992,112.9,0
v16,hard-opus-c-temporal_numeric-08,993,116.0,0
v16,hard-opus-c-temporal_numeric-12,827,108.0,0
v16,hard-sol-a-adversarial-01,287,105.3,0
v16,hard-sol-a-adversarial-06,256,106.4,0
v16,hard-sol-a-adversarial-07,303,116.1,0
v16,hard-sol-a-adversarial-08,233,103.6,0
v16,hard-sol-a-adversarial-09,247,104.0,0
v16,hard-sol-a-adversarial-11,308,119.4,0
v16,hard-sol-a-multi_hop-01,2717,270.9,0
v16,hard-sol-a-multi_hop-02,2765,273.5,0
v16,hard-sol-a-multi_hop-05,2677,289.3,0
v16,hard-sol-a-multi_hop-07,2658,267.3,0
v16,hard-sol-a-multi_hop-08,2628,266.1,0
v16,hard-sol-a-multi_hop-09,2642,266.9,0
v16,hard-sol-a-multi_hop-10,2706,271.4,0
v16,hard-sol-a-multi_hop-12,2653,268.2,0
v16,hard-sol-a-trap-02,307,99.9,0
v16,hard-sol-a-trap-04,213,114.6,0
v16,hard-sol-a-trap-05,358,113.4,0
v16,hard-sol-a-trap-06,355,113.8,0
v16,hard-sol-a-trap-08,282,103.1,0
v16,hard-sol-a-trap-10,209,103.1,0
v16,hard-sol-a-trap-13,221,118.9,0
v16,hard-sol-a-trap-15,323,103.2,0
v16,hard-sol-b-judge_hard-01,309,103.0,0
v16,hard-sol-b-judge_hard-02,233,104.4,0
v16,hard-sol-b-judge_hard-05,253,121.8,0
v16,hard-sol-b-judge_hard-08,235,105.0,0
v16,hard-sol-b-judge_hard-10,254,105.9,0
v16,hard-sol-b-judge_hard-14,271,117.6,0
v16,hard-sol-b-judge_hard-15,227,103.7,0
v16,hard-sol-b-judge_hard-18,195,116.7,0
v16,hard-sol-b-long_policy-01,2745,312.3,0
v16,hard-sol-b-long_policy-02,2596,262.7,0
v16,hard-sol-b-long_policy-05,2557,238.1,0
v16,hard-sol-b-long_policy-06,2640,265.8,0
v16,hard-sol-b-routing_hard-01,337,103.1,0
v16,hard-sol-b-routing_hard-02,320,112.6,0
v16,hard-sol-b-routing_hard-03,318,103.4,0
v16,hard-sol-b-routing_hard-07,301,102.7,0
v16,hard-sol-b-routing_hard-09,307,119.0,0
v16,hard-sol-b-temporal_numeric-01,300,105.2,0
v16,hard-sol-b-temporal_numeric-02,313,104.1,0
v16,hard-sol-b-temporal_numeric-03,252,104.1,0
v16,hard-sol-b-temporal_numeric-04,262,104.1,0
v16,hard-sol-c-judge_hard-03,416,106.6,0
v16,hard-sol-c-judge_hard-05,378,107.6,0
v16,hard-sol-c-judge_hard-07,342,107.1,0
v16,hard-sol-c-judge_hard-08,337,102.4,0
v16,hard-sol-c-judge_hard-09,367,115.9,0
v16,hard-sol-c-judge_hard-10,396,103.9,0
v16,hard-sol-c-judge_hard-11,367,98.2,0
v16,hard-sol-c-judge_hard-13,357,103.8,0
v16,hard-sol-c-judge_hard-15,312,103.7,0
v16,hard-sol-c-multi_hop-07,2534,238.5,0
v16,hard-sol-c-multi_hop-09,2553,238.0,0
v16,hard-sol-c-multi_hop-11,2631,278.9,0
v16,hard-sol-c-multi_hop-12,550,113.1,0
v16,hard-sol-c-multi_hop-13,2602,280.2,0
v17,original-policy-01-0,125,7072.8,1
v17,original-policy-01-1,128,98.7,0
v17,original-policy-02-0,114,97.5,0
v17,original-policy-02-1,113,94.7,0
v17,original-policy-03-0,116,105.5,0
v17,original-policy-03-1,115,94.9,0
v17,original-policy-04-0,122,108.2,0
v17,original-policy-04-1,119,97.7,0
v17,original-policy-05-0,126,110.4,0
v17,original-policy-05-1,118,94.7,0
v17,original-policy-06-0,128,96.5,0
v17,original-policy-06-1,118,109.4,0
v17,original-intent-01-0,113,96.8,0
v17,original-intent-01-1,114,112.1,0
v17,original-intent-02-0,114,96.1,0
v17,original-intent-02-1,113,102.1,0
v17,original-intent-03-0,115,98.1,0
v17,original-intent-03-1,113,94.7,0
v17,original-intent-04-0,118,95.5,0
v17,original-intent-04-1,113,94.7,0
v17,original-intent-05-0,113,95.6,0
v17,original-intent-05-1,112,105.8,0
v17,original-intent-06-0,111,113.5,0
v17,original-intent-06-1,116,96.1,0
v17,original-ordinal-01-0,131,99.6,0
v17,original-ordinal-01-1,132,96.9,0
v17,original-ordinal-02-0,135,116.1,0
v17,original-ordinal-02-1,136,95.6,0
v17,original-ordinal-03-0,132,96.5,0
v17,original-ordinal-03-1,134,94.0,0
v17,original-ordinal-04-0,134,96.3,0
v17,original-ordinal-04-1,133,95.2,0
v17,original-ordinal-05-0,137,108.4,0
v17,original-ordinal-05-1,136,98.1,0
v17,original-ordinal-06-0,137,114.5,0
v17,original-ordinal-06-1,144,96.3,0
v17,original-extraction-01-0,102,96.3,0
v17,original-extraction-01-1,104,111.0,0
v17,original-extraction-02-0,105,110.6,0
v17,original-extraction-02-1,104,109.7,0
v17,original-extraction-03-0,108,107.7,0
v17,original-extraction-03-1,107,98.2,0
v17,original-extraction-04-0,105,98.0,0
v17,original-extraction-04-1,102,96.4,0
v17,original-extraction-05-0,105,99.9,0
v17,original-extraction-05-1,101,111.7,0
v17,original-extraction-06-0,105,101.9,0
v17,original-extraction-06-1,104,96.1,0
v17,original-adequacy-01-0,107,95.4,0
v17,original-adequacy-01-1,103,115.1,0
v17,original-adequacy-02-0,104,98.3,0
v17,original-adequacy-02-1,105,118.0,0
v17,original-adequacy-03-0,107,98.0,0
v17,original-adequacy-03-1,111,106.9,0
v17,original-adequacy-04-0,111,97.0,0
v17,original-adequacy-04-1,108,97.1,0
v17,original-adequacy-05-0,100,102.7,0
v17,original-adequacy-05-1,101,96.1,0
v17,original-adequacy-06-0,116,109.4,0
v17,original-adequacy-06-1,118,96.3,0
v17,original-routing-01-0,143,119.5,0
v17,original-routing-01-1,139,112.3,0
v17,original-routing-02-0,144,97.7,0
v17,original-routing-02-1,138,101.9,0
v17,original-routing-03-0,143,109.4,0
v17,original-routing-03-1,145,97.5,0
v17,original-routing-04-0,139,100.1,0
v17,original-routing-04-1,138,98.0,0
v17,original-routing-05-0,140,97.5,0
v17,original-routing-05-1,140,95.6,0
v17,original-routing-06-0,139,99.8,0
v17,original-routing-06-1,138,98.6,0
v17,easy-intent-00,133,97.5,0
v17,easy-intent-01,133,97.7,0
v17,easy-intent-02,136,95.7,0
v17,easy-intent-03,125,95.1,0
v17,easy-intent-04,130,99.1,0
v17,easy-intent-05,129,96.1,0
v17,easy-intent-06,121,114.1,0
v17,easy-intent-07,114,93.8,0
v17,easy-intent-08,116,96.8,0
v17,easy-intent-09,119,109.5,0
v17,easy-intent-10,117,97.3,0
v17,easy-intent-11,117,96.5,0
v17,easy-fact-00,105,98.0,0
v17,easy-fact-01,103,111.3,0
v17,easy-fact-02,111,110.2,0
v17,easy-fact-03,114,112.1,0
v17,easy-fact-04,103,98.4,0
v17,easy-fact-05,104,95.7,0
v17,easy-fact-06,124,107.1,0
v17,easy-fact-07,99,113.4,0
v17,easy-fact-08,95,97.5,0
v17,easy-fact-09,95,96.4,0
v17,easy-fact-10,104,96.8,0
v17,easy-fact-11,105,99.0,0
v17,easy-extraction-00,89,98.2,0
v17,easy-extraction-01,91,98.8,0
v17,easy-extraction-02,92,107.9,0
v17,easy-extraction-03,93,106.9,0
v17,easy-extraction-04,91,109.8,0
v17,easy-extraction-05,91,97.7,0
v17,easy-extraction-06,84,95.8,0
v17,easy-extraction-07,82,99.6,0
v17,easy-extraction-08,91,101.4,0
v17,easy-extraction-09,93,95.9,0
v17,easy-extraction-10,89,97.2,0
v17,easy-extraction-11,95,103.4,0
v17,easy-tool_selection-00,124,108.4,0
v17,easy-tool_selection-01,125,108.1,0
v17,easy-tool_selection-02,128,97.4,0
v17,easy-tool_selection-03,126,94.0,0
v17,easy-tool_selection-04,122,96.5,0
v17,easy-tool_selection-05,128,94.6,0
v17,easy-tool_selection-06,132,107.9,0
v17,easy-tool_selection-07,132,94.5,0
v17,easy-tool_selection-08,131,108.7,0
v17,easy-tool_selection-09,128,96.2,0
v17,easy-tool_selection-10,128,102.2,0
v17,easy-tool_selection-11,131,95.5,0
v17,hard-opus-a-long_policy-01,3072,376.7,0
v17,hard-opus-a-long_policy-04,2628,287.5,0
v17,hard-opus-a-long_policy-08,2402,226.8,0
v17,hard-opus-a-long_policy-09,2530,234.1,0
v17,hard-opus-a-long_policy-11,2349,239.1,0
v17,hard-opus-a-long_policy-13,2441,229.9,0
v17,hard-opus-a-long_policy-17,2363,241.3,0
v17,hard-opus-a-long_policy-19,2340,224.6,0
v17,hard-opus-a-probability-03,444,96.7,0
v17,hard-opus-a-probability-04,1107,118.8,0
v17,hard-opus-a-probability-07,1221,132.6,0
v17,hard-opus-a-probability-08,406,97.2,0
v17,hard-opus-a-temporal_numeric-03,502,96.9,0
v17,hard-opus-a-temporal_numeric-06,537,97.7,0
v17,hard-opus-a-temporal_numeric-07,1308,145.3,0
v17,hard-opus-a-temporal_numeric-09,534,98.2,0
v17,hard-opus-a-temporal_numeric-12,607,100.5,0
v17,hard-opus-b-ambiguous-02,543,119.8,0
v17,hard-opus-b-ambiguous-03,497,96.7,0
v17,hard-opus-b-ambiguous-07,500,97.9,0
v17,hard-opus-b-ambiguous-09,638,99.3,0
v17,hard-opus-b-ambiguous-10,565,98.6,0
v17,hard-opus-b-ambiguous-11,467,97.9,0
v17,hard-opus-b-ambiguous-13,605,100.6,0
v17,hard-opus-b-multi_hop-03,2968,289.9,0
v17,hard-opus-b-multi_hop-04,2352,224.3,0
v17,hard-opus-b-multi_hop-05,2603,262.4,0
v17,hard-opus-b-multi_hop-07,2647,264.8,0
v17,hard-opus-b-multi_hop-08,2327,223.8,0
v17,hard-opus-b-probability-01,1922,205.2,0
v17,hard-opus-b-probability-02,503,99.4,0
v17,hard-opus-b-probability-03,1228,126.3,0
v17,hard-opus-b-probability-04,605,98.3,0
v17,hard-opus-b-probability-06,1022,113.6,0
v17,hard-opus-b-tradeoff-01,845,105.1,0
v17,hard-opus-b-tradeoff-03,763,104.5,0
v17,hard-opus-b-tradeoff-06,805,104.4,0
v17,hard-opus-b-tradeoff-07,723,122.3,0
v17,hard-opus-b-tradeoff-08,616,99.4,0
v17,hard-opus-b-tradeoff-12,598,100.3,0
v17,hard-opus-c-long_policy-02,3072,296.3,0
v17,hard-opus-c-long_policy-03,3072,295.7,0
v17,hard-opus-c-long_policy-04,3072,295.7,0
v17,hard-opus-c-long_policy-05,3072,295.2,0
v17,hard-opus-c-long_policy-08,3072,312.0,0
v17,hard-opus-c-long_policy-10,3072,312.9,0
v17,hard-opus-c-long_policy-11,3072,296.5,0
v17,hard-opus-c-probability-03,553,100.5,0
v17,hard-opus-c-temporal_numeric-02,951,130.9,0
v17,hard-opus-c-temporal_numeric-03,874,105.0,0
v17,hard-opus-c-temporal_numeric-04,789,102.9,0
v17,hard-opus-c-temporal_numeric-06,992,112.2,0
v17,hard-opus-c-temporal_numeric-08,993,112.2,0
v17,hard-opus-c-temporal_numeric-12,827,105.2,0
v17,hard-sol-a-adversarial-01,287,98.4,0
v17,hard-sol-a-adversarial-06,256,101.8,0
v17,hard-sol-a-adversarial-07,303,95.7,0
v17,hard-sol-a-adversarial-08,233,100.3,0
v17,hard-sol-a-adversarial-09,247,97.3,0
v17,hard-sol-a-adversarial-11,308,97.5,0
v17,hard-sol-a-multi_hop-01,2717,289.9,0
v17,hard-sol-a-multi_hop-02,2765,271.3,0
v17,hard-sol-a-multi_hop-05,2677,275.8,0
v17,hard-sol-a-multi_hop-07,2658,266.8,0
v17,hard-sol-a-multi_hop-08,2628,265.4,0
v17,hard-sol-a-multi_hop-09,2642,265.1,0
v17,hard-sol-a-multi_hop-10,2706,283.0,0
v17,hard-sol-a-multi_hop-12,2653,266.3,0
v17,hard-sol-a-trap-02,307,109.3,0
v17,hard-sol-a-trap-04,213,107.3,0
v17,hard-sol-a-trap-05,358,107.4,0
v17,hard-sol-a-trap-06,355,98.6,0
v17,hard-sol-a-trap-08,282,100.1,0
v17,hard-sol-a-trap-10,209,99.1,0
v17,hard-sol-a-trap-13,221,101.3,0
v17,hard-sol-a-trap-15,323,105.5,0
v17,hard-sol-b-judge_hard-01,309,107.5,0
v17,hard-sol-b-judge_hard-02,233,96.8,0
v17,hard-sol-b-judge_hard-05,253,98.5,0
v17,hard-sol-b-judge_hard-08,235,109.6,0
v17,hard-sol-b-judge_hard-10,254,96.1,0
v17,hard-sol-b-judge_hard-14,271,112.4,0
v17,hard-sol-b-judge_hard-15,227,99.6,0
v17,hard-sol-b-judge_hard-18,195,99.4,0
v17,hard-sol-b-long_policy-01,2745,344.6,0
v17,hard-sol-b-long_policy-02,2596,263.4,0
v17,hard-sol-b-long_policy-05,2557,254.2,0
v17,hard-sol-b-long_policy-06,2640,264.7,0
v17,hard-sol-b-routing_hard-01,337,99.0,0
v17,hard-sol-b-routing_hard-02,320,96.9,0
v17,hard-sol-b-routing_hard-03,318,98.3,0
v17,hard-sol-b-routing_hard-07,301,98.4,0
v17,hard-sol-b-routing_hard-09,307,100.9,0
v17,hard-sol-b-temporal_numeric-01,300,102.3,0
v17,hard-sol-b-temporal_numeric-02,313,100.3,0
v17,hard-sol-b-temporal_numeric-03,252,109.7,0
v17,hard-sol-b-temporal_numeric-04,262,96.7,0
v17,hard-sol-c-judge_hard-03,416,96.8,0
v17,hard-sol-c-judge_hard-05,378,99.8,0
v17,hard-sol-c-judge_hard-07,342,95.4,0
v17,hard-sol-c-judge_hard-08,337,98.0,0
v17,hard-sol-c-judge_hard-09,367,99.1,0
v17,hard-sol-c-judge_hard-10,396,100.9,0
v17,hard-sol-c-judge_hard-11,367,98.2,0
v17,hard-sol-c-judge_hard-13,357,107.6,0
v17,hard-sol-c-judge_hard-15,312,97.2,0
v17,hard-sol-c-multi_hop-07,2534,239.0,0
v17,hard-sol-c-multi_hop-09,2553,244.6,0
v17,hard-sol-c-multi_hop-11,2631,264.6,0
v17,hard-sol-c-multi_hop-12,550,97.9,0
v17,hard-sol-c-multi_hop-13,2602,263.7,0
v18,original-policy-01-0,125,7692.7,1
v18,original-policy-01-1,128,103.3,0
v18,original-policy-02-0,114,97.4,0
v18,original-policy-02-1,113,98.7,0
v18,original-policy-03-0,116,97.1,0
v18,original-policy-03-1,115,105.0,0
v18,original-policy-04-0,122,112.2,0
v18,original-policy-04-1,119,95.9,0
v18,original-policy-05-0,126,108.7,0
v18,original-policy-05-1,118,96.7,0
v18,original-policy-06-0,128,99.9,0
v18,original-policy-06-1,118,102.3,0
v18,original-intent-01-0,113,99.8,0
v18,original-intent-01-1,114,100.6,0
v18,original-intent-02-0,114,115.9,0
v18,original-intent-02-1,113,97.2,0
v18,original-intent-03-0,115,97.5,0
v18,original-intent-03-1,113,95.7,0
v18,original-intent-04-0,118,118.7,0
v18,original-intent-04-1,113,97.0,0
v18,original-intent-05-0,113,103.0,0
v18,original-intent-05-1,112,96.6,0
v18,original-intent-06-0,111,119.7,0
v18,original-intent-06-1,116,101.7,0
v18,original-ordinal-01-0,131,114.8,0
v18,original-ordinal-01-1,132,303.7,0
v18,original-ordinal-02-0,135,102.5,0
v18,original-ordinal-02-1,136,110.3,0
v18,original-ordinal-03-0,132,108.8,0
v18,original-ordinal-03-1,134,112.3,0
v18,original-ordinal-04-0,134,99.6,0
v18,original-ordinal-04-1,133,104.0,0
v18,original-ordinal-05-0,137,102.2,0
v18,original-ordinal-05-1,136,121.7,0
v18,original-ordinal-06-0,137,114.1,0
v18,original-ordinal-06-1,144,111.9,0
v18,original-extraction-01-0,102,118.6,0
v18,original-extraction-01-1,104,102.0,0
v18,original-extraction-02-0,105,99.3,0
v18,original-extraction-02-1,104,101.2,0
v18,original-extraction-03-0,108,98.6,0
v18,original-extraction-03-1,107,97.8,0
v18,original-extraction-04-0,105,99.8,0
v18,original-extraction-04-1,102,104.9,0
v18,original-extraction-05-0,105,115.1,0
v18,original-extraction-05-1,101,113.9,0
v18,original-extraction-06-0,105,96.9,0
v18,original-extraction-06-1,104,98.1,0
v18,original-adequacy-01-0,107,101.1,0
v18,original-adequacy-01-1,103,102.1,0
v18,original-adequacy-02-0,104,99.7,0
v18,original-adequacy-02-1,105,100.0,0
v18,original-adequacy-03-0,107,99.3,0
v18,original-adequacy-03-1,111,98.3,0
v18,original-adequacy-04-0,111,101.6,0
v18,original-adequacy-04-1,108,103.8,0
v18,original-adequacy-05-0,100,104.4,0
v18,original-adequacy-05-1,101,114.0,0
v18,original-adequacy-06-0,116,117.6,0
v18,original-adequacy-06-1,118,104.6,0
v18,original-routing-01-0,143,104.6,0
v18,original-routing-01-1,139,113.8,0
v18,original-routing-02-0,144,101.8,0
v18,original-routing-02-1,138,111.4,0
v18,original-routing-03-0,143,100.1,0
v18,original-routing-03-1,145,99.1,0
v18,original-routing-04-0,139,111.4,0
v18,original-routing-04-1,138,113.8,0
v18,original-routing-05-0,140,111.1,0
v18,original-routing-05-1,140,117.0,0
v18,original-routing-06-0,139,112.4,0
v18,original-routing-06-1,138,99.9,0
v18,easy-intent-00,133,99.1,0
v18,easy-intent-01,133,118.2,0
v18,easy-intent-02,136,100.5,0
v18,easy-intent-03,125,99.3,0
v18,easy-intent-04,130,108.0,0
v18,easy-intent-05,129,102.7,0
v18,easy-intent-06,121,110.1,0
v18,easy-intent-07,114,99.2,0
v18,easy-intent-08,116,97.8,0
v18,easy-intent-09,119,111.4,0
v18,easy-intent-10,117,101.0,0
v18,easy-intent-11,117,97.6,0
v18,easy-fact-00,105,100.7,0
v18,easy-fact-01,103,103.1,0
v18,easy-fact-02,111,97.5,0
v18,easy-fact-03,114,113.8,0
v18,easy-fact-04,103,102.8,0
v18,easy-fact-05,104,117.2,0
v18,easy-fact-06,124,101.2,0
v18,easy-fact-07,99,101.2,0
v18,easy-fact-08,95,100.5,0
v18,easy-fact-09,95,101.9,0
v18,easy-fact-10,104,100.5,0
v18,easy-fact-11,105,103.3,0
v18,easy-extraction-00,89,105.3,0
v18,easy-extraction-01,91,119.9,0
v18,easy-extraction-02,92,114.1,0
v18,easy-extraction-03,93,102.5,0
v18,easy-extraction-04,91,101.9,0
v18,easy-extraction-05,91,102.9,0
v18,easy-extraction-06,84,102.7,0
v18,easy-extraction-07,82,102.4,0
v18,easy-extraction-08,91,100.1,0
v18,easy-extraction-09,93,100.1,0
v18,easy-extraction-10,89,102.0,0
v18,easy-extraction-11,95,112.3,0
v18,easy-tool_selection-00,124,110.0,0
v18,easy-tool_selection-01,125,116.5,0
v18,easy-tool_selection-02,128,113.2,0
v18,easy-tool_selection-03,126,101.6,0
v18,easy-tool_selection-04,122,109.4,0
v18,easy-tool_selection-05,128,115.1,0
v18,easy-tool_selection-06,132,105.0,0
v18,easy-tool_selection-07,132,101.1,0
v18,easy-tool_selection-08,131,101.2,0
v18,easy-tool_selection-09,128,96.4,0
v18,easy-tool_selection-10,128,97.7,0
v18,easy-tool_selection-11,131,100.1,0
v18,hard-opus-a-long_policy-01,3072,440.6,0
v18,hard-opus-a-long_policy-04,2628,276.2,0
v18,hard-opus-a-long_policy-08,2402,245.7,0
v18,hard-opus-a-long_policy-09,2530,239.1,0
v18,hard-opus-a-long_policy-11,2349,230.4,0
v18,hard-opus-a-long_policy-13,2441,234.9,0
v18,hard-opus-a-long_policy-17,2363,242.3,0
v18,hard-opus-a-long_policy-19,2340,232.8,0
v18,hard-opus-a-probability-03,444,100.4,0
v18,hard-opus-a-probability-04,1107,132.6,0
v18,hard-opus-a-probability-07,1221,128.2,0
v18,hard-opus-a-probability-08,406,101.3,0
v18,hard-opus-a-temporal_numeric-03,502,105.1,0
v18,hard-opus-a-temporal_numeric-06,537,115.7,0
v18,hard-opus-a-temporal_numeric-07,1308,161.8,0
v18,hard-opus-a-temporal_numeric-09,534,119.7,0
v18,hard-opus-a-temporal_numeric-12,607,109.2,0
v18,hard-opus-b-ambiguous-02,543,102.5,0
v18,hard-opus-b-ambiguous-03,497,102.6,0
v18,hard-opus-b-ambiguous-07,500,122.8,0
v18,hard-opus-b-ambiguous-09,638,102.4,0
v18,hard-opus-b-ambiguous-10,565,102.3,0
v18,hard-opus-b-ambiguous-11,467,106.4,0
v18,hard-opus-b-ambiguous-13,605,100.5,0
v18,hard-opus-b-multi_hop-03,2968,309.4,0
v18,hard-opus-b-multi_hop-04,2352,230.1,0
v18,hard-opus-b-multi_hop-05,2603,270.8,0
v18,hard-opus-b-multi_hop-07,2647,274.3,0
v18,hard-opus-b-multi_hop-08,2327,252.1,0
v18,hard-opus-b-probability-01,1922,197.6,0
v18,hard-opus-b-probability-02,503,103.0,0
v18,hard-opus-b-probability-03,1228,130.0,0
v18,hard-opus-b-probability-04,605,101.3,0
v18,hard-opus-b-probability-06,1022,115.8,0
v18,hard-opus-b-tradeoff-01,845,106.8,0
v18,hard-opus-b-tradeoff-03,763,114.9,0
v18,hard-opus-b-tradeoff-06,805,113.2,0
v18,hard-opus-b-tradeoff-07,723,108.9,0
v18,hard-opus-b-tradeoff-08,616,103.6,0
v18,hard-opus-b-tradeoff-12,598,103.2,0
v18,hard-opus-c-long_policy-02,3072,302.6,0
v18,hard-opus-c-long_policy-03,3072,303.2,0
v18,hard-opus-c-long_policy-04,3072,308.6,0
v18,hard-opus-c-long_policy-05,3072,301.1,0
v18,hard-opus-c-long_policy-08,3072,299.9,0
v18,hard-opus-c-long_policy-10,3072,318.1,0
v18,hard-opus-c-long_policy-11,3072,300.5,0
v18,hard-opus-c-probability-03,553,118.9,0
v18,hard-opus-c-temporal_numeric-02,951,114.6,0
v18,hard-opus-c-temporal_numeric-03,874,119.3,0
v18,hard-opus-c-temporal_numeric-04,789,105.2,0
v18,hard-opus-c-temporal_numeric-06,992,116.8,0
v18,hard-opus-c-temporal_numeric-08,993,121.8,0
v18,hard-opus-c-temporal_numeric-12,827,108.9,0
v18,hard-sol-a-adversarial-01,287,118.2,0
v18,hard-sol-a-adversarial-06,256,101.1,0
v18,hard-sol-a-adversarial-07,303,114.8,0
v18,hard-sol-a-adversarial-08,233,101.6,0
v18,hard-sol-a-adversarial-09,247,115.6,0
v18,hard-sol-a-adversarial-11,308,100.5,0
v18,hard-sol-a-multi_hop-01,2717,282.5,0
v18,hard-sol-a-multi_hop-02,2765,279.0,0
v18,hard-sol-a-multi_hop-05,2677,288.2,0
v18,hard-sol-a-multi_hop-07,2658,271.2,0
v18,hard-sol-a-multi_hop-08,2628,295.5,0
v18,hard-sol-a-multi_hop-09,2642,278.6,0
v18,hard-sol-a-multi_hop-10,2706,272.1,0
v18,hard-sol-a-multi_hop-12,2653,274.0,0
v18,hard-sol-a-trap-02,307,101.3,0
v18,hard-sol-a-trap-04,213,129.7,0
v18,hard-sol-a-trap-05,358,104.1,0
v18,hard-sol-a-trap-06,355,103.8,0
v18,hard-sol-a-trap-08,282,105.8,0
v18,hard-sol-a-trap-10,209,105.8,0
v18,hard-sol-a-trap-13,221,104.6,0
v18,hard-sol-a-trap-15,323,118.1,0
v18,hard-sol-b-judge_hard-01,309,120.0,0
v18,hard-sol-b-judge_hard-02,233,117.4,0
v18,hard-sol-b-judge_hard-05,253,117.0,0
v18,hard-sol-b-judge_hard-08,235,120.0,0
v18,hard-sol-b-judge_hard-10,254,105.3,0
v18,hard-sol-b-judge_hard-14,271,117.5,0
v18,hard-sol-b-judge_hard-15,227,103.5,0
v18,hard-sol-b-judge_hard-18,195,103.0,0
v18,hard-sol-b-long_policy-01,2745,300.5,0
v18,hard-sol-b-long_policy-02,2596,265.9,0
v18,hard-sol-b-long_policy-05,2557,241.9,0
v18,hard-sol-b-long_policy-06,2640,289.8,0
v18,hard-sol-b-routing_hard-01,337,105.0,0
v18,hard-sol-b-routing_hard-02,320,102.0,0
v18,hard-sol-b-routing_hard-03,318,122.6,0
v18,hard-sol-b-routing_hard-07,301,123.7,0
v18,hard-sol-b-routing_hard-09,307,105.9,0
v18,hard-sol-b-temporal_numeric-01,300,113.0,0
v18,hard-sol-b-temporal_numeric-02,313,102.1,0
v18,hard-sol-b-temporal_numeric-03,252,100.3,0
v18,hard-sol-b-temporal_numeric-04,262,104.2,0
v18,hard-sol-c-judge_hard-03,416,111.1,0
v18,hard-sol-c-judge_hard-05,378,114.9,0
v18,hard-sol-c-judge_hard-07,342,103.1,0
v18,hard-sol-c-judge_hard-08,337,111.9,0
v18,hard-sol-c-judge_hard-09,367,114.2,0
v18,hard-sol-c-judge_hard-10,396,121.8,0
v18,hard-sol-c-judge_hard-11,367,114.1,0
v18,hard-sol-c-judge_hard-13,357,123.8,0
v18,hard-sol-c-judge_hard-15,312,100.2,0
v18,hard-sol-c-multi_hop-07,2534,234.3,0
v18,hard-sol-c-multi_hop-09,2553,234.7,0
v18,hard-sol-c-multi_hop-11,2631,275.3,0
v18,hard-sol-c-multi_hop-12,550,102.8,0
v18,hard-sol-c-multi_hop-13,2602,278.1,0
v19,original-policy-01-0,125,8124.0,1
v19,original-policy-01-1,128,107.1,0
v19,original-policy-02-0,114,106.0,0
v19,original-policy-02-1,113,124.5,0
v19,original-policy-03-0,116,118.6,0
v19,original-policy-03-1,115,103.3,0
v19,original-policy-04-0,122,98.9,0
v19,original-policy-04-1,119,102.7,0
v19,original-policy-05-0,126,109.0,0
v19,original-policy-05-1,118,100.3,0
v19,original-policy-06-0,128,119.5,0
v19,original-policy-06-1,118,104.5,0
v19,original-intent-01-0,113,100.7,0
v19,original-intent-01-1,114,104.2,0
v19,original-intent-02-0,114,114.8,0
v19,original-intent-02-1,113,114.7,0
v19,original-intent-03-0,115,118.7,0
v19,original-intent-03-1,113,113.9,0
v19,original-intent-04-0,118,119.5,0
v19,original-intent-04-1,113,100.8,0
v19,original-intent-05-0,113,101.6,0
v19,original-intent-05-1,112,110.7,0
v19,original-intent-06-0,111,120.6,0
v19,original-intent-06-1,116,112.1,0
v19,original-ordinal-01-0,131,117.9,0
v19,original-ordinal-01-1,132,105.2,0
v19,original-ordinal-02-0,135,120.2,0
v19,original-ordinal-02-1,136,105.0,0
v19,original-ordinal-03-0,132,102.1,0
v19,original-ordinal-03-1,134,100.0,0
v19,original-ordinal-04-0,134,125.3,0
v19,original-ordinal-04-1,133,115.1,0
v19,original-ordinal-05-0,137,122.2,0
v19,original-ordinal-05-1,136,127.1,0
v19,original-ordinal-06-0,137,124.9,0
v19,original-ordinal-06-1,144,110.4,0
v19,original-extraction-01-0,102,106.3,0
v19,original-extraction-01-1,104,103.2,0
v19,original-extraction-02-0,105,126.4,0
v19,original-extraction-02-1,104,107.5,0
v19,original-extraction-03-0,108,126.9,0
v19,original-extraction-03-1,107,108.1,0
v19,original-extraction-04-0,105,116.8,0
v19,original-extraction-04-1,102,113.5,0
v19,original-extraction-05-0,105,103.8,0
v19,original-extraction-05-1,101,124.4,0
v19,original-extraction-06-0,105,102.5,0
v19,original-extraction-06-1,104,102.0,0
v19,original-adequacy-01-0,107,105.8,0
v19,original-adequacy-01-1,103,114.8,0
v19,original-adequacy-02-0,104,115.9,0
v19,original-adequacy-02-1,105,102.8,0
v19,original-adequacy-03-0,107,103.4,0
v19,original-adequacy-03-1,111,119.0,0
v19,original-adequacy-04-0,111,103.9,0
v19,original-adequacy-04-1,108,101.6,0
v19,original-adequacy-05-0,100,124.1,0
v19,original-adequacy-05-1,101,116.9,0
v19,original-adequacy-06-0,116,117.5,0
v19,original-adequacy-06-1,118,109.2,0
v19,original-routing-01-0,143,99.8,0
v19,original-routing-01-1,139,101.5,0
v19,original-routing-02-0,144,102.2,0
v19,original-routing-02-1,138,100.5,0
v19,original-routing-03-0,143,123.5,0
v19,original-routing-03-1,145,100.4,0
v19,original-routing-04-0,139,99.7,0
v19,original-routing-04-1,138,107.8,0
v19,original-routing-05-0,140,102.3,0
v19,original-routing-05-1,140,101.4,0
v19,original-routing-06-0,139,125.6,0
v19,original-routing-06-1,138,105.5,0
v19,easy-intent-00,133,105.5,0
v19,easy-intent-01,133,118.0,0
v19,easy-intent-02,136,108.3,0
v19,easy-intent-03,125,102.9,0
v19,easy-intent-04,130,113.9,0
v19,easy-intent-05,129,117.2,0
v19,easy-intent-06,121,118.7,0
v19,easy-intent-07,114,124.3,0
v19,easy-intent-08,116,115.6,0
v19,easy-intent-09,119,100.3,0
v19,easy-intent-10,117,124.8,0
v19,easy-intent-11,117,114.4,0
v19,easy-fact-00,105,113.6,0
v19,easy-fact-01,103,119.4,0
v19,easy-fact-02,111,115.4,0
v19,easy-fact-03,114,107.1,0
v19,easy-fact-04,103,107.1,0
v19,easy-fact-05,104,122.7,0
v19,easy-fact-06,124,113.3,0
v19,easy-fact-07,99,113.2,0
v19,easy-fact-08,95,103.0,0
v19,easy-fact-09,95,102.6,0
v19,easy-fact-10,104,119.5,0
v19,easy-fact-11,105,117.9,0
v19,easy-extraction-00,89,113.0,0
v19,easy-extraction-01,91,112.1,0
v19,easy-extraction-02,92,112.4,0
v19,easy-extraction-03,93,114.6,0
v19,easy-extraction-04,91,115.3,0
v19,easy-extraction-05,91,118.9,0
v19,easy-extraction-06,84,99.2,0
v19,easy-extraction-07,82,125.1,0
v19,easy-extraction-08,91,109.7,0
v19,easy-extraction-09,93,128.5,0
v19,easy-extraction-10,89,113.8,0
v19,easy-extraction-11,95,101.1,0
v19,easy-tool_selection-00,124,124.1,0
v19,easy-tool_selection-01,125,116.2,0
v19,easy-tool_selection-02,128,104.0,0
v19,easy-tool_selection-03,126,98.0,0
v19,easy-tool_selection-04,122,99.1,0
v19,easy-tool_selection-05,128,96.8,0
v19,easy-tool_selection-06,132,118.3,0
v19,easy-tool_selection-07,132,115.9,0
v19,easy-tool_selection-08,131,102.2,0
v19,easy-tool_selection-09,128,120.9,0
v19,easy-tool_selection-10,128,102.9,0
v19,easy-tool_selection-11,131,100.2,0
v19,hard-opus-a-long_policy-01,3072,441.5,0
v19,hard-opus-a-long_policy-04,2628,273.1,0
v19,hard-opus-a-long_policy-08,2402,243.6,0
v19,hard-opus-a-long_policy-09,2530,253.7,0
v19,hard-opus-a-long_policy-11,2349,228.0,0
v19,hard-opus-a-long_policy-13,2441,234.3,0
v19,hard-opus-a-long_policy-17,2363,230.2,0
v19,hard-opus-a-long_policy-19,2340,231.6,0
v19,hard-opus-a-probability-03,444,107.5,0
v19,hard-opus-a-probability-04,1107,145.9,0
v19,hard-opus-a-probability-07,1221,150.8,0
v19,hard-opus-a-probability-08,406,103.5,0
v19,hard-opus-a-temporal_numeric-03,502,114.1,0
v19,hard-opus-a-temporal_numeric-06,537,138.9,0
v19,hard-opus-a-temporal_numeric-07,1308,165.1,0
v19,hard-opus-a-temporal_numeric-09,534,102.2,0
v19,hard-opus-a-temporal_numeric-12,607,119.3,0
v19,hard-opus-b-ambiguous-02,543,122.8,0
v19,hard-opus-b-ambiguous-03,497,115.0,0
v19,hard-opus-b-ambiguous-07,500,104.7,0
v19,hard-opus-b-ambiguous-09,638,121.5,0
v19,hard-opus-b-ambiguous-10,565,125.0,0
v19,hard-opus-b-ambiguous-11,467,117.0,0
v19,hard-opus-b-ambiguous-13,605,128.9,0
v19,hard-opus-b-multi_hop-03,2968,318.0,0
v19,hard-opus-b-multi_hop-04,2352,247.2,0
v19,hard-opus-b-multi_hop-05,2603,268.6,0
v19,hard-opus-b-multi_hop-07,2647,281.8,0
v19,hard-opus-b-multi_hop-08,2327,228.2,0
v19,hard-opus-b-probability-01,1922,200.7,0
v19,hard-opus-b-probability-02,503,108.7,0
v19,hard-opus-b-probability-03,1228,128.8,0
v19,hard-opus-b-probability-04,605,129.6,0
v19,hard-opus-b-probability-06,1022,138.5,0
v19,hard-opus-b-tradeoff-01,845,118.4,0
v19,hard-opus-b-tradeoff-03,763,111.7,0
v19,hard-opus-b-tradeoff-06,805,113.4,0
v19,hard-opus-b-tradeoff-07,723,113.6,0
v19,hard-opus-b-tradeoff-08,616,107.8,0
v19,hard-opus-b-tradeoff-12,598,124.4,0
v19,hard-opus-c-long_policy-02,3072,320.4,0
v19,hard-opus-c-long_policy-03,3072,315.1,0
v19,hard-opus-c-long_policy-04,3072,301.7,0
v19,hard-opus-c-long_policy-05,3072,301.5,0
v19,hard-opus-c-long_policy-08,3072,303.2,0
v19,hard-opus-c-long_policy-10,3072,303.5,0
v19,hard-opus-c-long_policy-11,3072,302.9,0
v19,hard-opus-c-probability-03,553,126.8,0
v19,hard-opus-c-temporal_numeric-02,951,113.7,0
v19,hard-opus-c-temporal_numeric-03,874,114.6,0
v19,hard-opus-c-temporal_numeric-04,789,106.5,0
v19,hard-opus-c-temporal_numeric-06,992,139.2,0
v19,hard-opus-c-temporal_numeric-08,993,130.0,0
v19,hard-opus-c-temporal_numeric-12,827,133.5,0
v19,hard-sol-a-adversarial-01,287,128.7,0
v19,hard-sol-a-adversarial-06,256,126.1,0
v19,hard-sol-a-adversarial-07,303,117.1,0
v19,hard-sol-a-adversarial-08,233,105.6,0
v19,hard-sol-a-adversarial-09,247,129.4,0
v19,hard-sol-a-adversarial-11,308,124.9,0
v19,hard-sol-a-multi_hop-01,2717,299.1,0
v19,hard-sol-a-multi_hop-02,2765,278.6,0
v19,hard-sol-a-multi_hop-05,2677,272.2,0
v19,hard-sol-a-multi_hop-07,2658,281.6,0
v19,hard-sol-a-multi_hop-08,2628,270.6,0
v19,hard-sol-a-multi_hop-09,2642,286.2,0
v19,hard-sol-a-multi_hop-10,2706,299.2,0
v19,hard-sol-a-multi_hop-12,2653,274.1,0
v19,hard-sol-a-trap-02,307,99.6,0
v19,hard-sol-a-trap-04,213,122.1,0
v19,hard-sol-a-trap-05,358,114.9,0
v19,hard-sol-a-trap-06,355,104.2,0
v19,hard-sol-a-trap-08,282,114.1,0
v19,hard-sol-a-trap-10,209,110.8,0
v19,hard-sol-a-trap-13,221,111.0,0
v19,hard-sol-a-trap-15,323,100.7,0
v19,hard-sol-b-judge_hard-01,309,125.8,0
v19,hard-sol-b-judge_hard-02,233,114.1,0
v19,hard-sol-b-judge_hard-05,253,99.5,0
v19,hard-sol-b-judge_hard-08,235,117.6,0
v19,hard-sol-b-judge_hard-10,254,110.8,0
v19,hard-sol-b-judge_hard-14,271,112.1,0
v19,hard-sol-b-judge_hard-15,227,106.0,0
v19,hard-sol-b-judge_hard-18,195,105.0,0
v19,hard-sol-b-long_policy-01,2745,306.8,0
v19,hard-sol-b-long_policy-02,2596,268.5,0
v19,hard-sol-b-long_policy-05,2557,257.4,0
v19,hard-sol-b-long_policy-06,2640,285.9,0
v19,hard-sol-b-routing_hard-01,337,126.4,0
v19,hard-sol-b-routing_hard-02,320,103.4,0
v19,hard-sol-b-routing_hard-03,318,105.1,0
v19,hard-sol-b-routing_hard-07,301,112.5,0
v19,hard-sol-b-routing_hard-09,307,101.5,0
v19,hard-sol-b-temporal_numeric-01,300,117.9,0
v19,hard-sol-b-temporal_numeric-02,313,113.7,0
v19,hard-sol-b-temporal_numeric-03,252,113.8,0
v19,hard-sol-b-temporal_numeric-04,262,107.8,0
v19,hard-sol-c-judge_hard-03,416,126.5,0
v19,hard-sol-c-judge_hard-05,378,124.5,0
v19,hard-sol-c-judge_hard-07,342,114.9,0
v19,hard-sol-c-judge_hard-08,337,126.1,0
v19,hard-sol-c-judge_hard-09,367,107.0,0
v19,hard-sol-c-judge_hard-10,396,114.2,0
v19,hard-sol-c-judge_hard-11,367,116.9,0
v19,hard-sol-c-judge_hard-13,357,108.1,0
v19,hard-sol-c-judge_hard-15,312,119.5,0
v19,hard-sol-c-multi_hop-07,2534,248.7,0
v19,hard-sol-c-multi_hop-09,2553,239.5,0
v19,hard-sol-c-multi_hop-11,2631,291.4,0
v19,hard-sol-c-multi_hop-12,550,107.2,0
v19,hard-sol-c-multi_hop-13,2602,268.9,0
v5 @1024,original-policy-01-0,114,582.9,1
v5 @1024,original-policy-01-1,117,238.8,0
v5 @1024,original-policy-02-0,103,249.4,0
v5 @1024,original-policy-02-1,102,236.2,0
v5 @1024,original-policy-03-0,105,251.2,0
v5 @1024,original-policy-03-1,104,249.5,0
v5 @1024,original-policy-04-0,111,249.4,0
v5 @1024,original-policy-04-1,108,250.8,0
v5 @1024,original-policy-05-0,115,249.9,0
v5 @1024,original-policy-05-1,107,248.8,0
v5 @1024,original-policy-06-0,117,244.1,0
v5 @1024,original-policy-06-1,107,236.0,0
v5 @1024,original-intent-01-0,104,233.4,0
v5 @1024,original-intent-01-1,105,243.0,0
v5 @1024,original-intent-02-0,105,234.6,0
v5 @1024,original-intent-02-1,104,234.0,0
v5 @1024,original-intent-03-0,106,234.7,0
v5 @1024,original-intent-03-1,104,240.3,0
v5 @1024,original-intent-04-0,109,254.3,0
v5 @1024,original-intent-04-1,104,248.1,0
v5 @1024,original-intent-05-0,104,250.8,0
v5 @1024,original-intent-05-1,103,235.8,0
v5 @1024,original-intent-06-0,102,246.7,0
v5 @1024,original-intent-06-1,107,244.2,0
v5 @1024,original-ordinal-01-0,122,245.7,0
v5 @1024,original-ordinal-01-1,123,242.8,0
v5 @1024,original-ordinal-02-0,126,248.7,0
v5 @1024,original-ordinal-02-1,127,236.8,0
v5 @1024,original-ordinal-03-0,123,260.7,0
v5 @1024,original-ordinal-03-1,125,248.1,0
v5 @1024,original-ordinal-04-0,125,249.3,0
v5 @1024,original-ordinal-04-1,124,236.5,0
v5 @1024,original-ordinal-05-0,128,240.5,0
v5 @1024,original-ordinal-05-1,127,233.7,0
v5 @1024,original-ordinal-06-0,128,238.7,0
v5 @1024,original-ordinal-06-1,135,238.3,0
v5 @1024,original-extraction-01-0,93,242.8,0
v5 @1024,original-extraction-01-1,95,237.1,0
v5 @1024,original-extraction-02-0,96,258.8,0
v5 @1024,original-extraction-02-1,95,240.6,0
v5 @1024,original-extraction-03-0,99,257.3,0
v5 @1024,original-extraction-03-1,98,234.6,0
v5 @1024,original-extraction-04-0,96,234.6,0
v5 @1024,original-extraction-04-1,93,238.2,0
v5 @1024,original-extraction-05-0,96,230.1,0
v5 @1024,original-extraction-05-1,92,242.3,0
v5 @1024,original-extraction-06-0,96,236.3,0
v5 @1024,original-extraction-06-1,95,236.7,0
v5 @1024,original-adequacy-01-0,99,237.2,0
v5 @1024,original-adequacy-01-1,95,246.6,0
v5 @1024,original-adequacy-02-0,96,236.9,0
v5 @1024,original-adequacy-02-1,96,235.0,0
v5 @1024,original-adequacy-03-0,98,257.5,0
v5 @1024,original-adequacy-03-1,102,240.6,0
v5 @1024,original-adequacy-04-0,102,239.8,0
v5 @1024,original-adequacy-04-1,99,251.1,0
v5 @1024,original-adequacy-05-0,92,254.7,0
v5 @1024,original-adequacy-05-1,92,235.1,0
v5 @1024,original-adequacy-06-0,108,236.6,0
v5 @1024,original-adequacy-06-1,109,237.5,0
v5 @1024,original-routing-01-0,134,235.6,0
v5 @1024,original-routing-01-1,130,236.5,0
v5 @1024,original-routing-02-0,135,235.1,0
v5 @1024,original-routing-02-1,129,246.0,0
v5 @1024,original-routing-03-0,134,253.7,0
v5 @1024,original-routing-03-1,136,247.3,0
v5 @1024,original-routing-04-0,130,230.5,0
v5 @1024,original-routing-04-1,129,231.3,0
v5 @1024,original-routing-05-0,131,235.8,0
v5 @1024,original-routing-05-1,131,237.5,0
v5 @1024,original-routing-06-0,130,231.8,0
v5 @1024,original-routing-06-1,129,243.0,0
v5 @1024,easy-intent-00,124,236.6,0
v5 @1024,easy-intent-01,124,240.8,0
v5 @1024,easy-intent-02,127,235.8,0
v5 @1024,easy-intent-03,116,230.0,0
v5 @1024,easy-intent-04,121,234.2,0
v5 @1024,easy-intent-05,120,235.7,0
v5 @1024,easy-intent-06,112,239.1,0
v5 @1024,easy-intent-07,105,247.5,0
v5 @1024,easy-intent-08,107,237.1,0
v5 @1024,easy-intent-09,110,256.2,0
v5 @1024,easy-intent-10,108,233.6,0
v5 @1024,easy-intent-11,108,234.2,0
v5 @1024,easy-fact-00,97,252.1,0
v5 @1024,easy-fact-01,94,246.0,0
v5 @1024,easy-fact-02,102,249.9,0
v5 @1024,easy-fact-03,105,249.9,0
v5 @1024,easy-fact-04,94,240.0,0
v5 @1024,easy-fact-05,95,257.2,0
v5 @1024,easy-fact-06,115,247.2,0
v5 @1024,easy-fact-07,90,234.9,0
v5 @1024,easy-fact-08,86,258.1,0
v5 @1024,easy-fact-09,86,231.1,0
v5 @1024,easy-fact-10,95,255.2,0
v5 @1024,easy-fact-11,96,239.1,0
v5 @1024,easy-extraction-00,80,229.6,0
v5 @1024,easy-extraction-01,82,252.6,0
v5 @1024,easy-extraction-02,83,234.4,0
v5 @1024,easy-extraction-03,84,235.8,0
v5 @1024,easy-extraction-04,82,257.5,0
v5 @1024,easy-extraction-05,82,241.4,0
v5 @1024,easy-extraction-06,75,249.9,0
v5 @1024,easy-extraction-07,73,233.3,0
v5 @1024,easy-extraction-08,82,238.4,0
v5 @1024,easy-extraction-09,84,239.5,0
v5 @1024,easy-extraction-10,80,242.3,0
v5 @1024,easy-extraction-11,86,255.1,0
v5 @1024,easy-tool_selection-00,115,254.6,0
v5 @1024,easy-tool_selection-01,116,238.2,0
v5 @1024,easy-tool_selection-02,119,237.3,0
v5 @1024,easy-tool_selection-03,117,236.7,0
v5 @1024,easy-tool_selection-04,113,243.3,0
v5 @1024,easy-tool_selection-05,119,230.7,0
v5 @1024,easy-tool_selection-06,123,254.2,0
v5 @1024,easy-tool_selection-07,123,245.7,0
v5 @1024,easy-tool_selection-08,122,239.5,0
v5 @1024,easy-tool_selection-09,119,232.5,0
v5 @1024,easy-tool_selection-10,119,251.4,0
v5 @1024,easy-tool_selection-11,122,238.0,0
v5 @1024,hard-opus-a-long_policy-01,1032,345.7,0
v5 @1024,hard-opus-a-long_policy-04,1032,279.2,0
v5 @1024,hard-opus-a-long_policy-08,1032,282.9,0
v5 @1024,hard-opus-a-long_policy-09,1032,259.4,0
v5 @1024,hard-opus-a-long_policy-11,1032,253.5,0
v5 @1024,hard-opus-a-long_policy-13,1032,261.7,0
v5 @1024,hard-opus-a-long_policy-17,1032,255.3,0
v5 @1024,hard-opus-a-long_policy-19,1032,260.6,0
v5 @1024,hard-opus-a-probability-03,426,242.2,0
v5 @1024,hard-opus-a-probability-04,1024,259.0,0
v5 @1024,hard-opus-a-probability-07,1032,255.0,0
v5 @1024,hard-opus-a-probability-08,389,233.8,0
v5 @1024,hard-opus-a-temporal_numeric-03,481,246.6,0
v5 @1024,hard-opus-a-temporal_numeric-06,523,232.8,0
v5 @1024,hard-opus-a-temporal_numeric-07,1032,258.4,0
v5 @1024,hard-opus-a-temporal_numeric-09,514,245.7,0
v5 @1024,hard-opus-a-temporal_numeric-12,592,239.0,0
v5 @1024,hard-opus-b-ambiguous-02,523,233.8,0
v5 @1024,hard-opus-b-ambiguous-03,477,231.1,0
v5 @1024,hard-opus-b-ambiguous-07,482,232.0,0
v5 @1024,hard-opus-b-ambiguous-09,620,252.3,0
v5 @1024,hard-opus-b-ambiguous-10,505,237.2,0
v5 @1024,hard-opus-b-ambiguous-11,450,237.0,0
v5 @1024,hard-opus-b-ambiguous-13,580,246.5,0
v5 @1024,hard-opus-b-multi_hop-03,1032,260.6,0
v5 @1024,hard-opus-b-multi_hop-04,1032,260.4,0
v5 @1024,hard-opus-b-multi_hop-05,1032,255.6,0
v5 @1024,hard-opus-b-multi_hop-07,1032,278.8,0
v5 @1024,hard-opus-b-multi_hop-08,1032,253.9,0
v5 @1024,hard-opus-b-probability-01,1032,254.1,0
v5 @1024,hard-opus-b-probability-02,480,245.4,0
v5 @1024,hard-opus-b-probability-03,1032,257.3,0
v5 @1024,hard-opus-b-probability-04,583,249.2,0
v5 @1024,hard-opus-b-probability-06,974,260.2,0
v5 @1024,hard-opus-b-tradeoff-01,820,249.5,0
v5 @1024,hard-opus-b-tradeoff-03,744,235.2,0
v5 @1024,hard-opus-b-tradeoff-06,783,243.6,0
v5 @1024,hard-opus-b-tradeoff-07,693,232.1,0
v5 @1024,hard-opus-b-tradeoff-08,601,232.5,0
v5 @1024,hard-opus-b-tradeoff-12,571,242.5,0
v5 @1024,hard-opus-c-long_policy-02,1032,256.8,0
v5 @1024,hard-opus-c-long_policy-03,1032,261.7,0
v5 @1024,hard-opus-c-long_policy-04,1032,268.1,0
v5 @1024,hard-opus-c-long_policy-05,1032,277.3,0
v5 @1024,hard-opus-c-long_policy-08,1032,262.3,0
v5 @1024,hard-opus-c-long_policy-10,1032,261.7,0
v5 @1024,hard-opus-c-long_policy-11,1032,263.4,0
v5 @1024,hard-opus-c-probability-03,553,251.7,0
v5 @1024,hard-opus-c-temporal_numeric-02,929,234.6,0
v5 @1024,hard-opus-c-temporal_numeric-03,850,247.9,0
v5 @1024,hard-opus-c-temporal_numeric-04,761,251.9,0
v5 @1024,hard-opus-c-temporal_numeric-06,961,253.5,0
v5 @1024,hard-opus-c-temporal_numeric-08,970,239.9,0
v5 @1024,hard-opus-c-temporal_numeric-12,801,248.9,0
v5 @1024,hard-sol-a-adversarial-01,273,237.2,0
v5 @1024,hard-sol-a-adversarial-06,244,236.6,0
v5 @1024,hard-sol-a-adversarial-07,289,247.5,0
v5 @1024,hard-sol-a-adversarial-08,225,236.0,0
v5 @1024,hard-sol-a-adversarial-09,233,235.2,0
v5 @1024,hard-sol-a-adversarial-11,294,234.5,0
v5 @1024,hard-sol-a-multi_hop-01,1032,254.4,0
v5 @1024,hard-sol-a-multi_hop-02,1032,258.2,0
v5 @1024,hard-sol-a-multi_hop-05,1032,255.0,0
v5 @1024,hard-sol-a-multi_hop-07,1032,262.1,0
v5 @1024,hard-sol-a-multi_hop-08,1032,264.0,0
v5 @1024,hard-sol-a-multi_hop-09,1032,265.2,0
v5 @1024,hard-sol-a-multi_hop-10,1032,277.5,0
v5 @1024,hard-sol-a-multi_hop-12,1032,260.7,0
v5 @1024,hard-sol-a-trap-02,295,256.2,0
v5 @1024,hard-sol-a-trap-04,202,235.6,0
v5 @1024,hard-sol-a-trap-05,344,250.8,0
v5 @1024,hard-sol-a-trap-06,341,234.4,0
v5 @1024,hard-sol-a-trap-08,268,244.4,0
v5 @1024,hard-sol-a-trap-10,196,234.3,0
v5 @1024,hard-sol-a-trap-13,209,240.8,0
v5 @1024,hard-sol-a-trap-15,314,234.0,0
v5 @1024,hard-sol-b-judge_hard-01,295,235.2,0
v5 @1024,hard-sol-b-judge_hard-02,219,235.0,0
v5 @1024,hard-sol-b-judge_hard-05,239,256.9,0
v5 @1024,hard-sol-b-judge_hard-08,221,248.6,0
v5 @1024,hard-sol-b-judge_hard-10,240,230.6,0
v5 @1024,hard-sol-b-judge_hard-14,257,256.2,0
v5 @1024,hard-sol-b-judge_hard-15,213,234.1,0
v5 @1024,hard-sol-b-judge_hard-18,181,230.7,0
v5 @1024,hard-sol-b-long_policy-01,1032,334.3,0
v5 @1024,hard-sol-b-long_policy-02,1032,267.4,0
v5 @1024,hard-sol-b-long_policy-05,1032,282.6,0
v5 @1024,hard-sol-b-long_policy-06,1032,259.5,0
v5 @1024,hard-sol-b-routing_hard-01,314,231.5,0
v5 @1024,hard-sol-b-routing_hard-02,297,234.0,0
v5 @1024,hard-sol-b-routing_hard-03,295,234.6,0
v5 @1024,hard-sol-b-routing_hard-07,280,233.8,0
v5 @1024,hard-sol-b-routing_hard-09,284,231.8,0
v5 @1024,hard-sol-b-temporal_numeric-01,284,240.5,0
v5 @1024,hard-sol-b-temporal_numeric-02,298,249.7,0
v5 @1024,hard-sol-b-temporal_numeric-03,237,231.5,0
v5 @1024,hard-sol-b-temporal_numeric-04,247,256.3,0
v5 @1024,hard-sol-c-judge_hard-03,402,240.1,0
v5 @1024,hard-sol-c-judge_hard-05,364,247.8,0
v5 @1024,hard-sol-c-judge_hard-07,330,245.5,0
v5 @1024,hard-sol-c-judge_hard-08,323,244.9,0
v5 @1024,hard-sol-c-judge_hard-09,354,231.2,0
v5 @1024,hard-sol-c-judge_hard-10,383,240.0,0
v5 @1024,hard-sol-c-judge_hard-11,353,245.5,0
v5 @1024,hard-sol-c-judge_hard-13,343,243.6,0
v5 @1024,hard-sol-c-judge_hard-15,298,231.2,0
v5 @1024,hard-sol-c-multi_hop-07,1032,336.1,0
v5 @1024,hard-sol-c-multi_hop-09,1032,259.7,0
v5 @1024,hard-sol-c-multi_hop-11,1032,274.2,0
v5 @1024,hard-sol-c-multi_hop-12,526,250.7,0
v5 @1024,hard-sol-c-multi_hop-13,1032,258.1,0
v5 @1024 +fix,original-policy-01-0,114,762.1,1
v5 @1024 +fix,original-policy-01-1,117,240.5,0
v5 @1024 +fix,original-policy-02-0,103,237.6,0
v5 @1024 +fix,original-policy-02-1,102,246.9,0
v5 @1024 +fix,original-policy-03-0,105,237.1,0
v5 @1024 +fix,original-policy-03-1,104,237.1,0
v5 @1024 +fix,original-policy-04-0,111,241.5,0
v5 @1024 +fix,original-policy-04-1,108,238.8,0
v5 @1024 +fix,original-policy-05-0,115,237.6,0
v5 @1024 +fix,original-policy-05-1,107,238.3,0
v5 @1024 +fix,original-policy-06-0,117,256.1,0
v5 @1024 +fix,original-policy-06-1,107,239.9,0
v5 @1024 +fix,original-intent-01-0,104,235.9,0
v5 @1024 +fix,original-intent-01-1,105,252.6,0
v5 @1024 +fix,original-intent-02-0,105,255.0,0
v5 @1024 +fix,original-intent-02-1,104,242.6,0
v5 @1024 +fix,original-intent-03-0,106,237.9,0
v5 @1024 +fix,original-intent-03-1,104,235.3,0
v5 @1024 +fix,original-intent-04-0,109,248.8,0
v5 @1024 +fix,original-intent-04-1,104,251.0,0
v5 @1024 +fix,original-intent-05-0,104,237.4,0
v5 @1024 +fix,original-intent-05-1,103,246.7,0
v5 @1024 +fix,original-intent-06-0,102,251.5,0
v5 @1024 +fix,original-intent-06-1,107,236.5,0
v5 @1024 +fix,original-ordinal-01-0,122,235.2,0
v5 @1024 +fix,original-ordinal-01-1,123,240.5,0
v5 @1024 +fix,original-ordinal-02-0,126,239.5,0
v5 @1024 +fix,original-ordinal-02-1,127,235.5,0
v5 @1024 +fix,original-ordinal-03-0,123,237.4,0
v5 @1024 +fix,original-ordinal-03-1,125,236.0,0
v5 @1024 +fix,original-ordinal-04-0,125,260.8,0
v5 @1024 +fix,original-ordinal-04-1,124,257.2,0
v5 @1024 +fix,original-ordinal-05-0,128,247.9,0
v5 @1024 +fix,original-ordinal-05-1,127,248.1,0
v5 @1024 +fix,original-ordinal-06-0,128,251.2,0
v5 @1024 +fix,original-ordinal-06-1,135,250.8,0
v5 @1024 +fix,original-extraction-01-0,93,238.5,0
v5 @1024 +fix,original-extraction-01-1,95,261.2,0
v5 @1024 +fix,original-extraction-02-0,96,248.1,0
v5 @1024 +fix,original-extraction-02-1,95,249.7,0
v5 @1024 +fix,original-extraction-03-0,99,248.5,0
v5 @1024 +fix,original-extraction-03-1,98,249.1,0
v5 @1024 +fix,original-extraction-04-0,96,234.8,0
v5 @1024 +fix,original-extraction-04-1,93,245.3,0
v5 @1024 +fix,original-extraction-05-0,96,255.9,0
v5 @1024 +fix,original-extraction-05-1,92,237.1,0
v5 @1024 +fix,original-extraction-06-0,96,235.0,0
v5 @1024 +fix,original-extraction-06-1,95,243.3,0
v5 @1024 +fix,original-adequacy-01-0,99,251.4,0
v5 @1024 +fix,original-adequacy-01-1,95,246.2,0
v5 @1024 +fix,original-adequacy-02-0,96,241.2,0
v5 @1024 +fix,original-adequacy-02-1,96,256.6,0
v5 @1024 +fix,original-adequacy-03-0,98,252.5,0
v5 @1024 +fix,original-adequacy-03-1,102,240.5,0
v5 @1024 +fix,original-adequacy-04-0,102,255.9,0
v5 @1024 +fix,original-adequacy-04-1,99,260.9,0
v5 @1024 +fix,original-adequacy-05-0,92,264.1,0
v5 @1024 +fix,original-adequacy-05-1,92,240.1,0
v5 @1024 +fix,original-adequacy-06-0,108,259.4,0
v5 @1024 +fix,original-adequacy-06-1,109,239.3,0
v5 @1024 +fix,original-routing-01-0,134,249.7,0
v5 @1024 +fix,original-routing-01-1,130,235.4,0
v5 @1024 +fix,original-routing-02-0,135,237.7,0
v5 @1024 +fix,original-routing-02-1,129,234.3,0
v5 @1024 +fix,original-routing-03-0,134,236.4,0
v5 @1024 +fix,original-routing-03-1,136,235.5,0
v5 @1024 +fix,original-routing-04-0,130,231.8,0
v5 @1024 +fix,original-routing-04-1,129,236.1,0
v5 @1024 +fix,original-routing-05-0,131,236.1,0
v5 @1024 +fix,original-routing-05-1,131,236.7,0
v5 @1024 +fix,original-routing-06-0,130,233.4,0
v5 @1024 +fix,original-routing-06-1,129,232.3,0
v5 @1024 +fix,easy-intent-00,124,240.8,0
v5 @1024 +fix,easy-intent-01,124,256.5,0
v5 @1024 +fix,easy-intent-02,127,242.8,0
v5 @1024 +fix,easy-intent-03,116,248.4,0
v5 @1024 +fix,easy-intent-04,121,250.9,0
v5 @1024 +fix,easy-intent-05,120,250.5,0
v5 @1024 +fix,easy-intent-06,112,239.0,0
v5 @1024 +fix,easy-intent-07,105,250.6,0
v5 @1024 +fix,easy-intent-08,107,251.2,0
v5 @1024 +fix,easy-intent-09,110,244.9,0
v5 @1024 +fix,easy-intent-10,108,234.1,0
v5 @1024 +fix,easy-intent-11,108,232.2,0
v5 @1024 +fix,easy-fact-00,97,251.4,0
v5 @1024 +fix,easy-fact-01,94,234.0,0
v5 @1024 +fix,easy-fact-02,102,249.4,0
v5 @1024 +fix,easy-fact-03,105,244.2,0
v5 @1024 +fix,easy-fact-04,94,237.2,0
v5 @1024 +fix,easy-fact-05,95,255.2,0
v5 @1024 +fix,easy-fact-06,115,249.4,0
v5 @1024 +fix,easy-fact-07,90,262.4,0
v5 @1024 +fix,easy-fact-08,86,232.5,0
v5 @1024 +fix,easy-fact-09,86,236.1,0
v5 @1024 +fix,easy-fact-10,95,263.3,0
v5 @1024 +fix,easy-fact-11,96,261.5,0
v5 @1024 +fix,easy-extraction-00,80,264.5,0
v5 @1024 +fix,easy-extraction-01,82,235.1,0
v5 @1024 +fix,easy-extraction-02,83,248.1,0
v5 @1024 +fix,easy-extraction-03,84,253.3,0
v5 @1024 +fix,easy-extraction-04,82,238.2,0
v5 @1024 +fix,easy-extraction-05,82,238.9,0
v5 @1024 +fix,easy-extraction-06,75,237.1,0
v5 @1024 +fix,easy-extraction-07,73,233.4,0
v5 @1024 +fix,easy-extraction-08,82,237.3,0
v5 @1024 +fix,easy-extraction-09,84,238.1,0
v5 @1024 +fix,easy-extraction-10,80,232.3,0
v5 @1024 +fix,easy-extraction-11,86,258.6,0
v5 @1024 +fix,easy-tool_selection-00,115,258.4,0
v5 @1024 +fix,easy-tool_selection-01,116,252.5,0
v5 @1024 +fix,easy-tool_selection-02,119,236.1,0
v5 @1024 +fix,easy-tool_selection-03,117,234.4,0
v5 @1024 +fix,easy-tool_selection-04,113,232.5,0
v5 @1024 +fix,easy-tool_selection-05,119,252.7,0
v5 @1024 +fix,easy-tool_selection-06,123,249.4,0
v5 @1024 +fix,easy-tool_selection-07,123,264.9,0
v5 @1024 +fix,easy-tool_selection-08,122,238.1,0
v5 @1024 +fix,easy-tool_selection-09,119,233.8,0
v5 @1024 +fix,easy-tool_selection-10,119,252.2,0
v5 @1024 +fix,easy-tool_selection-11,122,248.3,0
v5 @1024 +fix,hard-opus-a-long_policy-01,1024,329.9,0
v5 @1024 +fix,hard-opus-a-long_policy-04,1024,250.0,0
v5 @1024 +fix,hard-opus-a-long_policy-08,1024,252.8,0
v5 @1024 +fix,hard-opus-a-long_policy-09,1024,254.4,0
v5 @1024 +fix,hard-opus-a-long_policy-11,1024,266.5,0
v5 @1024 +fix,hard-opus-a-long_policy-13,1024,263.2,0
v5 @1024 +fix,hard-opus-a-long_policy-17,1024,259.5,0
v5 @1024 +fix,hard-opus-a-long_policy-19,1024,272.6,0
v5 @1024 +fix,hard-opus-a-probability-03,426,242.0,0
v5 @1024 +fix,hard-opus-a-probability-04,1024,263.1,0
v5 @1024 +fix,hard-opus-a-probability-07,1024,265.2,0
v5 @1024 +fix,hard-opus-a-probability-08,389,236.5,0
v5 @1024 +fix,hard-opus-a-temporal_numeric-03,481,236.2,0
v5 @1024 +fix,hard-opus-a-temporal_numeric-06,523,236.4,0
v5 @1024 +fix,hard-opus-a-temporal_numeric-07,1024,279.2,0
v5 @1024 +fix,hard-opus-a-temporal_numeric-09,514,238.8,0
v5 @1024 +fix,hard-opus-a-temporal_numeric-12,592,234.7,0
v5 @1024 +fix,hard-opus-b-ambiguous-02,523,234.5,0
v5 @1024 +fix,hard-opus-b-ambiguous-03,477,250.1,0
v5 @1024 +fix,hard-opus-b-ambiguous-07,482,245.2,0
v5 @1024 +fix,hard-opus-b-ambiguous-09,620,248.0,0
v5 @1024 +fix,hard-opus-b-ambiguous-10,505,238.3,0
v5 @1024 +fix,hard-opus-b-ambiguous-11,450,256.4,0
v5 @1024 +fix,hard-opus-b-ambiguous-13,580,244.8,0
v5 @1024 +fix,hard-opus-b-multi_hop-03,1024,271.5,0
v5 @1024 +fix,hard-opus-b-multi_hop-04,1024,257.0,0
v5 @1024 +fix,hard-opus-b-multi_hop-05,1024,259.9,0
v5 @1024 +fix,hard-opus-b-multi_hop-07,1024,260.7,0
v5 @1024 +fix,hard-opus-b-multi_hop-08,1024,270.4,0
v5 @1024 +fix,hard-opus-b-probability-01,1024,264.4,0
v5 @1024 +fix,hard-opus-b-probability-02,480,235.1,0
v5 @1024 +fix,hard-opus-b-probability-03,1024,260.9,0
v5 @1024 +fix,hard-opus-b-probability-04,583,236.3,0
v5 @1024 +fix,hard-opus-b-probability-06,974,268.3,0
v5 @1024 +fix,hard-opus-b-tradeoff-01,820,232.3,0
v5 @1024 +fix,hard-opus-b-tradeoff-03,744,235.0,0
v5 @1024 +fix,hard-opus-b-tradeoff-06,783,239.3,0
v5 @1024 +fix,hard-opus-b-tradeoff-07,693,232.6,0
v5 @1024 +fix,hard-opus-b-tradeoff-08,601,235.3,0
v5 @1024 +fix,hard-opus-b-tradeoff-12,571,233.9,0
v5 @1024 +fix,hard-opus-c-long_policy-02,1024,253.1,0
v5 @1024 +fix,hard-opus-c-long_policy-03,1024,247.1,0
v5 @1024 +fix,hard-opus-c-long_policy-04,1024,280.2,0
v5 @1024 +fix,hard-opus-c-long_policy-05,1024,254.3,0
v5 @1024 +fix,hard-opus-c-long_policy-08,1024,263.6,0
v5 @1024 +fix,hard-opus-c-long_policy-10,1024,251.9,0
v5 @1024 +fix,hard-opus-c-long_policy-11,1024,260.6,0
v5 @1024 +fix,hard-opus-c-probability-03,553,232.7,0
v5 @1024 +fix,hard-opus-c-temporal_numeric-02,929,260.9,0
v5 @1024 +fix,hard-opus-c-temporal_numeric-03,850,235.8,0
v5 @1024 +fix,hard-opus-c-temporal_numeric-04,761,248.4,0
v5 @1024 +fix,hard-opus-c-temporal_numeric-06,961,234.1,0
v5 @1024 +fix,hard-opus-c-temporal_numeric-08,970,243.7,0
v5 @1024 +fix,hard-opus-c-temporal_numeric-12,801,240.6,0
v5 @1024 +fix,hard-sol-a-adversarial-01,273,235.0,0
v5 @1024 +fix,hard-sol-a-adversarial-06,244,235.9,0
v5 @1024 +fix,hard-sol-a-adversarial-07,289,247.9,0
v5 @1024 +fix,hard-sol-a-adversarial-08,225,237.1,0
v5 @1024 +fix,hard-sol-a-adversarial-09,233,257.9,0
v5 @1024 +fix,hard-sol-a-adversarial-11,294,264.5,0
v5 @1024 +fix,hard-sol-a-multi_hop-01,1024,262.3,0
v5 @1024 +fix,hard-sol-a-multi_hop-02,1024,270.7,0
v5 @1024 +fix,hard-sol-a-multi_hop-05,1024,263.5,0
v5 @1024 +fix,hard-sol-a-multi_hop-07,1024,263.7,0
v5 @1024 +fix,hard-sol-a-multi_hop-08,1024,276.4,0
v5 @1024 +fix,hard-sol-a-multi_hop-09,1024,278.2,0
v5 @1024 +fix,hard-sol-a-multi_hop-10,1024,281.5,0
v5 @1024 +fix,hard-sol-a-multi_hop-12,1024,276.5,0
v5 @1024 +fix,hard-sol-a-trap-02,295,249.4,0
v5 @1024 +fix,hard-sol-a-trap-04,202,248.4,0
v5 @1024 +fix,hard-sol-a-trap-05,344,250.6,0
v5 @1024 +fix,hard-sol-a-trap-06,341,235.9,0
v5 @1024 +fix,hard-sol-a-trap-08,268,235.5,0
v5 @1024 +fix,hard-sol-a-trap-10,196,236.9,0
v5 @1024 +fix,hard-sol-a-trap-13,209,251.0,0
v5 @1024 +fix,hard-sol-a-trap-15,314,250.1,0
v5 @1024 +fix,hard-sol-b-judge_hard-01,295,234.3,0
v5 @1024 +fix,hard-sol-b-judge_hard-02,219,234.6,0
v5 @1024 +fix,hard-sol-b-judge_hard-05,239,245.0,0
v5 @1024 +fix,hard-sol-b-judge_hard-08,221,234.6,0
v5 @1024 +fix,hard-sol-b-judge_hard-10,240,252.0,0
v5 @1024 +fix,hard-sol-b-judge_hard-14,257,249.6,0
v5 @1024 +fix,hard-sol-b-judge_hard-15,213,239.4,0
v5 @1024 +fix,hard-sol-b-judge_hard-18,181,239.1,0
v5 @1024 +fix,hard-sol-b-long_policy-01,1024,296.6,0
v5 @1024 +fix,hard-sol-b-long_policy-02,1024,269.7,0
v5 @1024 +fix,hard-sol-b-long_policy-05,1024,257.3,0
v5 @1024 +fix,hard-sol-b-long_policy-06,1024,274.3,0
v5 @1024 +fix,hard-sol-b-routing_hard-01,314,249.4,0
v5 @1024 +fix,hard-sol-b-routing_hard-02,297,236.1,0
v5 @1024 +fix,hard-sol-b-routing_hard-03,295,239.3,0
v5 @1024 +fix,hard-sol-b-routing_hard-07,280,231.9,0
v5 @1024 +fix,hard-sol-b-routing_hard-09,284,256.0,0
v5 @1024 +fix,hard-sol-b-temporal_numeric-01,284,243.0,0
v5 @1024 +fix,hard-sol-b-temporal_numeric-02,298,245.2,0
v5 @1024 +fix,hard-sol-b-temporal_numeric-03,237,245.6,0
v5 @1024 +fix,hard-sol-b-temporal_numeric-04,247,246.5,0
v5 @1024 +fix,hard-sol-c-judge_hard-03,402,242.5,0
v5 @1024 +fix,hard-sol-c-judge_hard-05,364,257.8,0
v5 @1024 +fix,hard-sol-c-judge_hard-07,330,235.8,0
v5 @1024 +fix,hard-sol-c-judge_hard-08,323,253.3,0
v5 @1024 +fix,hard-sol-c-judge_hard-09,354,233.9,0
v5 @1024 +fix,hard-sol-c-judge_hard-10,383,252.7,0
v5 @1024 +fix,hard-sol-c-judge_hard-11,353,236.3,0
v5 @1024 +fix,hard-sol-c-judge_hard-13,343,233.9,0
v5 @1024 +fix,hard-sol-c-judge_hard-15,298,236.1,0
v5 @1024 +fix,hard-sol-c-multi_hop-07,1024,307.4,0
v5 @1024 +fix,hard-sol-c-multi_hop-09,1024,255.1,0
v5 @1024 +fix,hard-sol-c-multi_hop-11,1024,257.7,0
v5 @1024 +fix,hard-sol-c-multi_hop-12,526,234.8,0
v5 @1024 +fix,hard-sol-c-multi_hop-13,1024,262.7,0
v5 @4096,original-policy-01-0,114,404.4,1
v5 @4096,original-policy-01-1,117,244.4,0
v5 @4096,original-policy-02-0,103,235.5,0
v5 @4096,original-policy-02-1,102,248.7,0
v5 @4096,original-policy-03-0,105,237.8,0
v5 @4096,original-policy-03-1,104,236.2,0
v5 @4096,original-policy-04-0,111,245.5,0
v5 @4096,original-policy-04-1,108,240.9,0
v5 @4096,original-policy-05-0,115,249.8,0
v5 @4096,original-policy-05-1,107,257.8,0
v5 @4096,original-policy-06-0,117,235.4,0
v5 @4096,original-policy-06-1,107,247.5,0
v5 @4096,original-intent-01-0,104,242.7,0
v5 @4096,original-intent-01-1,105,240.3,0
v5 @4096,original-intent-02-0,105,257.2,0
v5 @4096,original-intent-02-1,104,256.9,0
v5 @4096,original-intent-03-0,106,260.6,0
v5 @4096,original-intent-03-1,104,253.6,0
v5 @4096,original-intent-04-0,109,232.4,0
v5 @4096,original-intent-04-1,104,251.8,0
v5 @4096,original-intent-05-0,104,232.5,0
v5 @4096,original-intent-05-1,103,243.5,0
v5 @4096,original-intent-06-0,102,242.9,0
v5 @4096,original-intent-06-1,107,246.0,0
v5 @4096,original-ordinal-01-0,122,255.2,0
v5 @4096,original-ordinal-01-1,123,249.6,0
v5 @4096,original-ordinal-02-0,126,236.4,0
v5 @4096,original-ordinal-02-1,127,245.4,0
v5 @4096,original-ordinal-03-0,123,233.9,0
v5 @4096,original-ordinal-03-1,125,252.5,0
v5 @4096,original-ordinal-04-0,125,239.2,0
v5 @4096,original-ordinal-04-1,124,251.2,0
v5 @4096,original-ordinal-05-0,128,245.6,0
v5 @4096,original-ordinal-05-1,127,229.7,0
v5 @4096,original-ordinal-06-0,128,245.0,0
v5 @4096,original-ordinal-06-1,135,234.2,0
v5 @4096,original-extraction-01-0,93,235.4,0
v5 @4096,original-extraction-01-1,95,245.1,0
v5 @4096,original-extraction-02-0,96,251.1,0
v5 @4096,original-extraction-02-1,95,235.0,0
v5 @4096,original-extraction-03-0,99,249.8,0
v5 @4096,original-extraction-03-1,98,244.7,0
v5 @4096,original-extraction-04-0,96,249.0,0
v5 @4096,original-extraction-04-1,93,237.2,0
v5 @4096,original-extraction-05-0,96,236.4,0
v5 @4096,original-extraction-05-1,92,243.2,0
v5 @4096,original-extraction-06-0,96,246.9,0
v5 @4096,original-extraction-06-1,95,248.3,0
v5 @4096,original-adequacy-01-0,99,241.2,0
v5 @4096,original-adequacy-01-1,95,236.8,0
v5 @4096,original-adequacy-02-0,96,251.3,0
v5 @4096,original-adequacy-02-1,96,235.8,0
v5 @4096,original-adequacy-03-0,98,243.6,0
v5 @4096,original-adequacy-03-1,102,234.3,0
v5 @4096,original-adequacy-04-0,102,238.5,0
v5 @4096,original-adequacy-04-1,99,236.4,0
v5 @4096,original-adequacy-05-0,92,251.3,0
v5 @4096,original-adequacy-05-1,92,235.3,0
v5 @4096,original-adequacy-06-0,108,246.9,0
v5 @4096,original-adequacy-06-1,109,251.7,0
v5 @4096,original-routing-01-0,134,261.1,0
v5 @4096,original-routing-01-1,130,237.6,0
v5 @4096,original-routing-02-0,135,240.0,0
v5 @4096,original-routing-02-1,129,230.2,0
v5 @4096,original-routing-03-0,134,236.0,0
v5 @4096,original-routing-03-1,136,247.7,0
v5 @4096,original-routing-04-0,130,243.3,0
v5 @4096,original-routing-04-1,129,231.8,0
v5 @4096,original-routing-05-0,131,257.1,0
v5 @4096,original-routing-05-1,131,255.7,0
v5 @4096,original-routing-06-0,130,237.4,0
v5 @4096,original-routing-06-1,129,258.0,0
v5 @4096,easy-intent-00,124,235.8,0
v5 @4096,easy-intent-01,124,259.3,0
v5 @4096,easy-intent-02,127,252.8,0
v5 @4096,easy-intent-03,116,241.4,0
v5 @4096,easy-intent-04,121,245.4,0
v5 @4096,easy-intent-05,120,237.5,0
v5 @4096,easy-intent-06,112,246.3,0
v5 @4096,easy-intent-07,105,248.1,0
v5 @4096,easy-intent-08,107,229.6,0
v5 @4096,easy-intent-09,110,240.5,0
v5 @4096,easy-intent-10,108,242.6,0
v5 @4096,easy-intent-11,108,242.8,0
v5 @4096,easy-fact-00,97,237.6,0
v5 @4096,easy-fact-01,94,247.3,0
v5 @4096,easy-fact-02,102,248.1,0
v5 @4096,easy-fact-03,105,243.7,0
v5 @4096,easy-fact-04,94,238.8,0
v5 @4096,easy-fact-05,95,258.2,0
v5 @4096,easy-fact-06,115,235.4,0
v5 @4096,easy-fact-07,90,241.4,0
v5 @4096,easy-fact-08,86,244.8,0
v5 @4096,easy-fact-09,86,252.7,0
v5 @4096,easy-fact-10,95,249.6,0
v5 @4096,easy-fact-11,96,251.6,0
v5 @4096,easy-extraction-00,80,228.0,0
v5 @4096,easy-extraction-01,82,252.1,0
v5 @4096,easy-extraction-02,83,245.2,0
v5 @4096,easy-extraction-03,84,234.9,0
v5 @4096,easy-extraction-04,82,246.4,0
v5 @4096,easy-extraction-05,82,233.2,0
v5 @4096,easy-extraction-06,75,244.0,0
v5 @4096,easy-extraction-07,73,251.3,0
v5 @4096,easy-extraction-08,82,229.3,0
v5 @4096,easy-extraction-09,84,237.1,0
v5 @4096,easy-extraction-10,80,226.3,0
v5 @4096,easy-extraction-11,86,252.8,0
v5 @4096,easy-tool_selection-00,115,244.6,0
v5 @4096,easy-tool_selection-01,116,252.9,0
v5 @4096,easy-tool_selection-02,119,247.1,0
v5 @4096,easy-tool_selection-03,117,247.4,0
v5 @4096,easy-tool_selection-04,113,252.7,0
v5 @4096,easy-tool_selection-05,119,256.8,0
v5 @4096,easy-tool_selection-06,123,247.9,0
v5 @4096,easy-tool_selection-07,123,251.9,0
v5 @4096,easy-tool_selection-08,122,236.5,0
v5 @4096,easy-tool_selection-09,119,233.6,0
v5 @4096,easy-tool_selection-10,119,245.4,0
v5 @4096,easy-tool_selection-11,122,250.6,0
v5 @4096,hard-opus-a-long_policy-01,3862,1042.9,0
v5 @4096,hard-opus-a-long_policy-04,2552,594.3,0
v5 @4096,hard-opus-a-long_policy-08,2346,530.6,0
v5 @4096,hard-opus-a-long_policy-09,2479,585.8,0
v5 @4096,hard-opus-a-long_policy-11,2294,518.7,0
v5 @4096,hard-opus-a-long_policy-13,2373,536.3,0
v5 @4096,hard-opus-a-long_policy-17,2309,502.3,0
v5 @4096,hard-opus-a-long_policy-19,2292,510.3,0
v5 @4096,hard-opus-a-probability-03,426,261.1,0
v5 @4096,hard-opus-a-probability-04,1091,275.0,0
v5 @4096,hard-opus-a-probability-07,1204,286.9,0
v5 @4096,hard-opus-a-probability-08,389,229.7,0
v5 @4096,hard-opus-a-temporal_numeric-03,481,229.9,0
v5 @4096,hard-opus-a-temporal_numeric-06,523,232.1,0
v5 @4096,hard-opus-a-temporal_numeric-07,1289,319.1,0
v5 @4096,hard-opus-a-temporal_numeric-09,514,232.5,0
v5 @4096,hard-opus-a-temporal_numeric-12,592,251.5,0
v5 @4096,hard-opus-b-ambiguous-02,523,253.9,0
v5 @4096,hard-opus-b-ambiguous-03,477,242.4,0
v5 @4096,hard-opus-b-ambiguous-07,482,255.0,0
v5 @4096,hard-opus-b-ambiguous-09,620,236.8,0
v5 @4096,hard-opus-b-ambiguous-10,505,235.5,0
v5 @4096,hard-opus-b-ambiguous-11,450,249.7,0
v5 @4096,hard-opus-b-ambiguous-13,580,229.0,0
v5 @4096,hard-opus-b-multi_hop-03,2903,666.9,0
v5 @4096,hard-opus-b-multi_hop-04,2253,494.3,0
v5 @4096,hard-opus-b-multi_hop-05,2532,570.8,0
v5 @4096,hard-opus-b-multi_hop-07,2558,589.2,0
v5 @4096,hard-opus-b-multi_hop-08,2246,495.2,0
v5 @4096,hard-opus-b-probability-01,1866,435.6,0
v5 @4096,hard-opus-b-probability-02,480,234.2,0
v5 @4096,hard-opus-b-probability-03,1176,295.1,0
v5 @4096,hard-opus-b-probability-04,583,253.1,0
v5 @4096,hard-opus-b-probability-06,974,267.5,0
v5 @4096,hard-opus-b-tradeoff-01,820,251.8,0
v5 @4096,hard-opus-b-tradeoff-03,744,248.1,0
v5 @4096,hard-opus-b-tradeoff-06,783,230.7,0
v5 @4096,hard-opus-b-tradeoff-07,693,242.4,0
v5 @4096,hard-opus-b-tradeoff-08,601,250.0,0
v5 @4096,hard-opus-b-tradeoff-12,571,236.0,0
v5 @4096,hard-opus-c-long_policy-02,3509,820.5,0
v5 @4096,hard-opus-c-long_policy-03,3448,861.1,0
v5 @4096,hard-opus-c-long_policy-04,3250,802.1,0
v5 @4096,hard-opus-c-long_policy-05,3212,803.9,0
v5 @4096,hard-opus-c-long_policy-08,3164,759.4,0
v5 @4096,hard-opus-c-long_policy-10,3557,897.5,0
v5 @4096,hard-opus-c-long_policy-11,3357,885.6,0
v5 @4096,hard-opus-c-probability-03,553,261.5,0
v5 @4096,hard-opus-c-temporal_numeric-02,929,245.5,0
v5 @4096,hard-opus-c-temporal_numeric-03,850,253.1,0
v5 @4096,hard-opus-c-temporal_numeric-04,761,242.8,0
v5 @4096,hard-opus-c-temporal_numeric-06,961,229.9,0
v5 @4096,hard-opus-c-temporal_numeric-08,970,240.6,0
v5 @4096,hard-opus-c-temporal_numeric-12,801,249.8,0
v5 @4096,hard-sol-a-adversarial-01,273,254.8,0
v5 @4096,hard-sol-a-adversarial-06,244,271.2,0
v5 @4096,hard-sol-a-adversarial-07,289,241.7,0
v5 @4096,hard-sol-a-adversarial-08,225,266.4,0
v5 @4096,hard-sol-a-adversarial-09,233,276.1,0
v5 @4096,hard-sol-a-adversarial-11,294,259.1,0
v5 @4096,hard-sol-a-multi_hop-01,2558,660.0,0
v5 @4096,hard-sol-a-multi_hop-02,2597,599.2,0
v5 @4096,hard-sol-a-multi_hop-05,2513,599.9,0
v5 @4096,hard-sol-a-multi_hop-07,2499,605.3,0
v5 @4096,hard-sol-a-multi_hop-08,2471,584.2,0
v5 @4096,hard-sol-a-multi_hop-09,2479,569.8,0
v5 @4096,hard-sol-a-multi_hop-10,2537,580.5,0
v5 @4096,hard-sol-a-multi_hop-12,2489,590.6,0
v5 @4096,hard-sol-a-trap-02,295,266.5,0
v5 @4096,hard-sol-a-trap-04,202,250.9,0
v5 @4096,hard-sol-a-trap-05,344,249.7,0
v5 @4096,hard-sol-a-trap-06,341,260.9,0
v5 @4096,hard-sol-a-trap-08,268,266.3,0
v5 @4096,hard-sol-a-trap-10,196,241.2,0
v5 @4096,hard-sol-a-trap-13,209,251.8,0
v5 @4096,hard-sol-a-trap-15,314,239.0,0
v5 @4096,hard-sol-b-judge_hard-01,295,264.0,0
v5 @4096,hard-sol-b-judge_hard-02,219,239.6,0
v5 @4096,hard-sol-b-judge_hard-05,239,251.5,0
v5 @4096,hard-sol-b-judge_hard-08,221,239.8,0
v5 @4096,hard-sol-b-judge_hard-10,240,237.6,0
v5 @4096,hard-sol-b-judge_hard-14,257,246.6,0
v5 @4096,hard-sol-b-judge_hard-15,213,277.0,0
v5 @4096,hard-sol-b-judge_hard-18,181,256.2,0
v5 @4096,hard-sol-b-long_policy-01,2732,706.1,0
v5 @4096,hard-sol-b-long_policy-02,2574,588.2,0
v5 @4096,hard-sol-b-long_policy-05,2536,575.1,0
v5 @4096,hard-sol-b-long_policy-06,2620,603.1,0
v5 @4096,hard-sol-b-routing_hard-01,314,249.8,0
v5 @4096,hard-sol-b-routing_hard-02,297,234.6,0
v5 @4096,hard-sol-b-routing_hard-03,295,248.4,0
v5 @4096,hard-sol-b-routing_hard-07,280,249.1,0
v5 @4096,hard-sol-b-routing_hard-09,284,234.2,0
v5 @4096,hard-sol-b-temporal_numeric-01,284,231.2,0
v5 @4096,hard-sol-b-temporal_numeric-02,298,227.4,0
v5 @4096,hard-sol-b-temporal_numeric-03,237,246.7,0
v5 @4096,hard-sol-b-temporal_numeric-04,247,252.6,0
v5 @4096,hard-sol-c-judge_hard-03,402,231.8,0
v5 @4096,hard-sol-c-judge_hard-05,364,230.1,0
v5 @4096,hard-sol-c-judge_hard-07,330,231.8,0
v5 @4096,hard-sol-c-judge_hard-08,323,247.7,0
v5 @4096,hard-sol-c-judge_hard-09,354,229.7,0
v5 @4096,hard-sol-c-judge_hard-10,383,230.2,0
v5 @4096,hard-sol-c-judge_hard-11,353,250.6,0
v5 @4096,hard-sol-c-judge_hard-13,343,246.2,0
v5 @4096,hard-sol-c-judge_hard-15,298,232.1,0
v5 @4096,hard-sol-c-multi_hop-07,2442,613.9,0
v5 @4096,hard-sol-c-multi_hop-09,2455,536.9,0
v5 @4096,hard-sol-c-multi_hop-11,2533,574.1,0
v5 @4096,hard-sol-c-multi_hop-12,526,246.3,0
v5 @4096,hard-sol-c-multi_hop-13,2504,571.7,0
v6 uncalibrated,original-policy-01-0,114,554.1,1
v6 uncalibrated,original-policy-01-1,117,238.0,0
v6 uncalibrated,original-policy-02-0,103,227.7,0
v6 uncalibrated,original-policy-02-1,102,228.3,0
v6 uncalibrated,original-policy-03-0,105,242.2,0
v6 uncalibrated,original-policy-03-1,104,248.3,0
v6 uncalibrated,original-policy-04-0,111,251.9,0
v6 uncalibrated,original-policy-04-1,108,243.4,0
v6 uncalibrated,original-policy-05-0,115,233.9,0
v6 uncalibrated,original-policy-05-1,107,247.1,0
v6 uncalibrated,original-policy-06-0,117,251.5,0
v6 uncalibrated,original-policy-06-1,107,235.7,0
v6 uncalibrated,original-intent-01-0,104,229.2,0
v6 uncalibrated,original-intent-01-1,105,229.0,0
v6 uncalibrated,original-intent-02-0,105,246.5,0
v6 uncalibrated,original-intent-02-1,104,228.8,0
v6 uncalibrated,original-intent-03-0,106,246.0,0
v6 uncalibrated,original-intent-03-1,104,247.9,0
v6 uncalibrated,original-intent-04-0,109,242.5,0
v6 uncalibrated,original-intent-04-1,104,230.8,0
v6 uncalibrated,original-intent-05-0,104,230.2,0
v6 uncalibrated,original-intent-05-1,103,232.9,0
v6 uncalibrated,original-intent-06-0,102,228.6,0
v6 uncalibrated,original-intent-06-1,107,234.2,0
v6 uncalibrated,original-ordinal-01-0,122,240.0,0
v6 uncalibrated,original-ordinal-01-1,123,228.9,0
v6 uncalibrated,original-ordinal-02-0,126,233.2,0
v6 uncalibrated,original-ordinal-02-1,127,228.4,0
v6 uncalibrated,original-ordinal-03-0,123,244.6,0
v6 uncalibrated,original-ordinal-03-1,125,241.4,0
v6 uncalibrated,original-ordinal-04-0,125,228.4,0
v6 uncalibrated,original-ordinal-04-1,124,232.0,0
v6 uncalibrated,original-ordinal-05-0,128,240.3,0
v6 uncalibrated,original-ordinal-05-1,127,247.8,0
v6 uncalibrated,original-ordinal-06-0,128,230.0,0
v6 uncalibrated,original-ordinal-06-1,135,232.7,0
v6 uncalibrated,original-extraction-01-0,93,230.9,0
v6 uncalibrated,original-extraction-01-1,95,227.5,0
v6 uncalibrated,original-extraction-02-0,96,230.3,0
v6 uncalibrated,original-extraction-02-1,95,233.8,0
v6 uncalibrated,original-extraction-03-0,99,233.4,0
v6 uncalibrated,original-extraction-03-1,98,234.0,0
v6 uncalibrated,original-extraction-04-0,96,229.2,0
v6 uncalibrated,original-extraction-04-1,93,234.0,0
v6 uncalibrated,original-extraction-05-0,96,229.1,0
v6 uncalibrated,original-extraction-05-1,92,229.0,0
v6 uncalibrated,original-extraction-06-0,96,233.1,0
v6 uncalibrated,original-extraction-06-1,95,250.4,0
v6 uncalibrated,original-adequacy-01-0,99,233.8,0
v6 uncalibrated,original-adequacy-01-1,95,233.6,0
v6 uncalibrated,original-adequacy-02-0,96,229.9,0
v6 uncalibrated,original-adequacy-02-1,96,248.5,0
v6 uncalibrated,original-adequacy-03-0,98,253.9,0
v6 uncalibrated,original-adequacy-03-1,102,231.5,0
v6 uncalibrated,original-adequacy-04-0,102,232.5,0
v6 uncalibrated,original-adequacy-04-1,99,234.0,0
v6 uncalibrated,original-adequacy-05-0,92,248.3,0
v6 uncalibrated,original-adequacy-05-1,92,233.2,0
v6 uncalibrated,original-adequacy-06-0,108,230.8,0
v6 uncalibrated,original-adequacy-06-1,109,230.6,0
v6 uncalibrated,original-routing-01-0,134,232.2,0
v6 uncalibrated,original-routing-01-1,130,223.0,0
v6 uncalibrated,original-routing-02-0,135,227.6,0
v6 uncalibrated,original-routing-02-1,129,236.8,0
v6 uncalibrated,original-routing-03-0,134,243.5,0
v6 uncalibrated,original-routing-03-1,136,245.4,0
v6 uncalibrated,original-routing-04-0,130,223.9,0
v6 uncalibrated,original-routing-04-1,129,224.1,0
v6 uncalibrated,original-routing-05-0,131,230.1,0
v6 uncalibrated,original-routing-05-1,131,227.3,0
v6 uncalibrated,original-routing-06-0,130,230.1,0
v6 uncalibrated,original-routing-06-1,129,223.2,0
v6 uncalibrated,easy-intent-00,124,246.6,0
v6 uncalibrated,easy-intent-01,124,229.4,0
v6 uncalibrated,easy-intent-02,127,232.8,0
v6 uncalibrated,easy-intent-03,116,224.1,0
v6 uncalibrated,easy-intent-04,121,245.9,0
v6 uncalibrated,easy-intent-05,120,227.8,0
v6 uncalibrated,easy-intent-06,112,234.2,0
v6 uncalibrated,easy-intent-07,105,227.8,0
v6 uncalibrated,easy-intent-08,107,226.9,0
v6 uncalibrated,easy-intent-09,110,249.9,0
v6 uncalibrated,easy-intent-10,108,226.5,0
v6 uncalibrated,easy-intent-11,108,234.1,0
v6 uncalibrated,easy-fact-00,97,245.3,0
v6 uncalibrated,easy-fact-01,94,231.3,0
v6 uncalibrated,easy-fact-02,102,234.6,0
v6 uncalibrated,easy-fact-03,105,232.0,0
v6 uncalibrated,easy-fact-04,94,235.8,0
v6 uncalibrated,easy-fact-05,95,235.5,0
v6 uncalibrated,easy-fact-06,115,252.5,0
v6 uncalibrated,easy-fact-07,90,242.2,0
v6 uncalibrated,easy-fact-08,86,242.8,0
v6 uncalibrated,easy-fact-09,86,228.4,0
v6 uncalibrated,easy-fact-10,95,254.3,0
v6 uncalibrated,easy-fact-11,96,246.7,0
v6 uncalibrated,easy-extraction-00,80,241.0,0
v6 uncalibrated,easy-extraction-01,82,229.6,0
v6 uncalibrated,easy-extraction-02,83,236.6,0
v6 uncalibrated,easy-extraction-03,84,248.7,0
v6 uncalibrated,easy-extraction-04,82,230.7,0
v6 uncalibrated,easy-extraction-05,82,231.7,0
v6 uncalibrated,easy-extraction-06,75,241.0,0
v6 uncalibrated,easy-extraction-07,73,230.0,0
v6 uncalibrated,easy-extraction-08,82,229.3,0
v6 uncalibrated,easy-extraction-09,84,237.7,0
v6 uncalibrated,easy-extraction-10,80,248.3,0
v6 uncalibrated,easy-extraction-11,86,230.7,0
v6 uncalibrated,easy-tool_selection-00,115,237.9,0
v6 uncalibrated,easy-tool_selection-01,116,243.9,0
v6 uncalibrated,easy-tool_selection-02,119,226.5,0
v6 uncalibrated,easy-tool_selection-03,117,229.7,0
v6 uncalibrated,easy-tool_selection-04,113,240.9,0
v6 uncalibrated,easy-tool_selection-05,119,228.7,0
v6 uncalibrated,easy-tool_selection-06,123,231.8,0
v6 uncalibrated,easy-tool_selection-07,123,230.1,0
v6 uncalibrated,easy-tool_selection-08,122,231.3,0
v6 uncalibrated,easy-tool_selection-09,119,228.9,0
v6 uncalibrated,easy-tool_selection-10,119,244.3,0
v6 uncalibrated,easy-tool_selection-11,122,229.8,0
v6 uncalibrated,hard-opus-a-long_policy-01,3072,814.4,0
v6 uncalibrated,hard-opus-a-long_policy-04,2552,549.6,0
v6 uncalibrated,hard-opus-a-long_policy-08,2346,516.1,0
v6 uncalibrated,hard-opus-a-long_policy-09,2479,530.2,0
v6 uncalibrated,hard-opus-a-long_policy-11,2294,509.3,0
v6 uncalibrated,hard-opus-a-long_policy-13,2373,506.8,0
v6 uncalibrated,hard-opus-a-long_policy-17,2309,492.7,0
v6 uncalibrated,hard-opus-a-long_policy-19,2292,490.1,0
v6 uncalibrated,hard-opus-a-probability-03,426,230.8,0
v6 uncalibrated,hard-opus-a-probability-04,1091,273.0,0
v6 uncalibrated,hard-opus-a-probability-07,1204,285.4,0
v6 uncalibrated,hard-opus-a-probability-08,389,243.1,0
v6 uncalibrated,hard-opus-a-temporal_numeric-03,481,239.3,0
v6 uncalibrated,hard-opus-a-temporal_numeric-06,523,246.7,0
v6 uncalibrated,hard-opus-a-temporal_numeric-07,1289,299.3,0
v6 uncalibrated,hard-opus-a-temporal_numeric-09,514,224.9,0
v6 uncalibrated,hard-opus-a-temporal_numeric-12,592,227.9,0
v6 uncalibrated,hard-opus-b-ambiguous-02,523,232.6,0
v6 uncalibrated,hard-opus-b-ambiguous-03,477,227.1,0
v6 uncalibrated,hard-opus-b-ambiguous-07,482,228.0,0
v6 uncalibrated,hard-opus-b-ambiguous-09,620,228.4,0
v6 uncalibrated,hard-opus-b-ambiguous-10,505,228.9,0
v6 uncalibrated,hard-opus-b-ambiguous-11,450,225.7,0
v6 uncalibrated,hard-opus-b-ambiguous-13,580,228.8,0
v6 uncalibrated,hard-opus-b-multi_hop-03,2903,645.9,0
v6 uncalibrated,hard-opus-b-multi_hop-04,2253,489.9,0
v6 uncalibrated,hard-opus-b-multi_hop-05,2532,543.6,0
v6 uncalibrated,hard-opus-b-multi_hop-07,2558,552.7,0
v6 uncalibrated,hard-opus-b-multi_hop-08,2246,495.1,0
v6 uncalibrated,hard-opus-b-probability-01,1866,422.4,0
v6 uncalibrated,hard-opus-b-probability-02,480,238.8,0
v6 uncalibrated,hard-opus-b-probability-03,1176,284.8,0
v6 uncalibrated,hard-opus-b-probability-04,583,240.0,0
v6 uncalibrated,hard-opus-b-probability-06,974,251.6,0
v6 uncalibrated,hard-opus-b-tradeoff-01,820,231.1,0
v6 uncalibrated,hard-opus-b-tradeoff-03,744,228.6,0
v6 uncalibrated,hard-opus-b-tradeoff-06,783,229.7,0
v6 uncalibrated,hard-opus-b-tradeoff-07,693,238.8,0
v6 uncalibrated,hard-opus-b-tradeoff-08,601,227.2,0
v6 uncalibrated,hard-opus-b-tradeoff-12,571,231.9,0
v6 uncalibrated,hard-opus-c-long_policy-02,3072,712.0,0
v6 uncalibrated,hard-opus-c-long_policy-03,3072,713.0,0
v6 uncalibrated,hard-opus-c-long_policy-04,3072,735.9,0
v6 uncalibrated,hard-opus-c-long_policy-05,3072,697.9,0
v6 uncalibrated,hard-opus-c-long_policy-08,3072,704.8,0
v6 uncalibrated,hard-opus-c-long_policy-10,3072,712.0,0
v6 uncalibrated,hard-opus-c-long_policy-11,3072,728.7,0
v6 uncalibrated,hard-opus-c-probability-03,553,229.7,0
v6 uncalibrated,hard-opus-c-temporal_numeric-02,929,233.5,0
v6 uncalibrated,hard-opus-c-temporal_numeric-03,850,228.3,0
v6 uncalibrated,hard-opus-c-temporal_numeric-04,761,223.7,0
v6 uncalibrated,hard-opus-c-temporal_numeric-06,961,228.3,0
v6 uncalibrated,hard-opus-c-temporal_numeric-08,970,245.9,0
v6 uncalibrated,hard-opus-c-temporal_numeric-12,801,229.7,0
v6 uncalibrated,hard-sol-a-adversarial-01,273,238.6,0
v6 uncalibrated,hard-sol-a-adversarial-06,244,239.9,0
v6 uncalibrated,hard-sol-a-adversarial-07,289,229.2,0
v6 uncalibrated,hard-sol-a-adversarial-08,225,234.8,0
v6 uncalibrated,hard-sol-a-adversarial-09,233,224.1,0
v6 uncalibrated,hard-sol-a-adversarial-11,294,237.3,0
v6 uncalibrated,hard-sol-a-multi_hop-01,2558,562.7,0
v6 uncalibrated,hard-sol-a-multi_hop-02,2597,590.0,0
v6 uncalibrated,hard-sol-a-multi_hop-05,2513,563.2,0
v6 uncalibrated,hard-sol-a-multi_hop-07,2499,550.8,0
v6 uncalibrated,hard-sol-a-multi_hop-08,2471,538.3,0
v6 uncalibrated,hard-sol-a-multi_hop-09,2479,546.3,0
v6 uncalibrated,hard-sol-a-multi_hop-10,2537,562.1,0
v6 uncalibrated,hard-sol-a-multi_hop-12,2489,559.7,0
v6 uncalibrated,hard-sol-a-trap-02,295,248.0,0
v6 uncalibrated,hard-sol-a-trap-04,202,228.8,0
v6 uncalibrated,hard-sol-a-trap-05,344,227.6,0
v6 uncalibrated,hard-sol-a-trap-06,341,232.3,0
v6 uncalibrated,hard-sol-a-trap-08,268,234.7,0
v6 uncalibrated,hard-sol-a-trap-10,196,244.9,0
v6 uncalibrated,hard-sol-a-trap-13,209,227.4,0
v6 uncalibrated,hard-sol-a-trap-15,314,228.3,0
v6 uncalibrated,hard-sol-b-judge_hard-01,295,251.4,0
v6 uncalibrated,hard-sol-b-judge_hard-02,219,232.5,0
v6 uncalibrated,hard-sol-b-judge_hard-05,239,226.9,0
v6 uncalibrated,hard-sol-b-judge_hard-08,221,246.4,0
v6 uncalibrated,hard-sol-b-judge_hard-10,240,225.3,0
v6 uncalibrated,hard-sol-b-judge_hard-14,257,243.5,0
v6 uncalibrated,hard-sol-b-judge_hard-15,213,241.8,0
v6 uncalibrated,hard-sol-b-judge_hard-18,181,230.3,0
v6 uncalibrated,hard-sol-b-long_policy-01,2732,728.5,0
v6 uncalibrated,hard-sol-b-long_policy-02,2574,562.0,0
v6 uncalibrated,hard-sol-b-long_policy-05,2536,549.1,0
v6 uncalibrated,hard-sol-b-long_policy-06,2620,584.6,0
v6 uncalibrated,hard-sol-b-routing_hard-01,314,229.1,0
v6 uncalibrated,hard-sol-b-routing_hard-02,297,246.6,0
v6 uncalibrated,hard-sol-b-routing_hard-03,295,224.9,0
v6 uncalibrated,hard-sol-b-routing_hard-07,280,223.4,0
v6 uncalibrated,hard-sol-b-routing_hard-09,284,226.3,0
v6 uncalibrated,hard-sol-b-temporal_numeric-01,284,239.8,0
v6 uncalibrated,hard-sol-b-temporal_numeric-02,298,224.1,0
v6 uncalibrated,hard-sol-b-temporal_numeric-03,237,224.9,0
v6 uncalibrated,hard-sol-b-temporal_numeric-04,247,225.6,0
v6 uncalibrated,hard-sol-c-judge_hard-03,402,224.6,0
v6 uncalibrated,hard-sol-c-judge_hard-05,364,244.6,0
v6 uncalibrated,hard-sol-c-judge_hard-07,330,227.5,0
v6 uncalibrated,hard-sol-c-judge_hard-08,323,225.7,0
v6 uncalibrated,hard-sol-c-judge_hard-09,354,227.0,0
v6 uncalibrated,hard-sol-c-judge_hard-10,383,242.6,0
v6 uncalibrated,hard-sol-c-judge_hard-11,353,222.2,0
v6 uncalibrated,hard-sol-c-judge_hard-13,343,224.7,0
v6 uncalibrated,hard-sol-c-judge_hard-15,298,227.1,0
v6 uncalibrated,hard-sol-c-multi_hop-07,2442,583.2,0
v6 uncalibrated,hard-sol-c-multi_hop-09,2455,520.1,0
v6 uncalibrated,hard-sol-c-multi_hop-11,2533,553.6,0
v6 uncalibrated,hard-sol-c-multi_hop-12,526,227.9,0
v6 uncalibrated,hard-sol-c-multi_hop-13,2504,546.9,0
v6 arm: instruct,original-policy-01-0,114,341.7,1
v6 arm: instruct,original-policy-01-1,117,356.3,0
v6 arm: instruct,original-policy-02-0,103,309.6,0
v6 arm: instruct,original-policy-02-1,102,372.4,0
v6 arm: instruct,original-policy-03-0,105,356.4,0
v6 arm: instruct,original-policy-03-1,104,373.2,0
v6 arm: instruct,original-policy-04-0,111,374.4,0
v6 arm: instruct,original-policy-04-1,108,336.1,0
v6 arm: instruct,original-policy-05-0,115,330.4,0
v6 arm: instruct,original-policy-05-1,107,351.7,0
v6 arm: instruct,original-policy-06-0,117,347.2,0
v6 arm: instruct,original-policy-06-1,107,334.7,0
v6 arm: instruct,original-intent-01-0,104,296.4,0
v6 arm: instruct,original-intent-01-1,105,257.6,0
v6 arm: instruct,original-intent-02-0,105,239.0,0
v6 arm: instruct,original-intent-02-1,104,299.9,0
v6 arm: instruct,original-intent-03-0,106,295.9,0
v6 arm: instruct,original-intent-03-1,104,324.3,0
v6 arm: instruct,original-intent-04-0,109,354.9,0
v6 arm: instruct,original-intent-04-1,104,320.9,0
v6 arm: instruct,original-intent-05-0,104,323.9,0
v6 arm: instruct,original-intent-05-1,103,359.5,0
v6 arm: instruct,original-intent-06-0,102,310.2,0
v6 arm: instruct,original-intent-06-1,107,335.6,0
v6 arm: instruct,original-ordinal-01-0,122,317.8,0
v6 arm: instruct,original-ordinal-01-1,123,328.1,0
v6 arm: instruct,original-ordinal-02-0,126,322.8,0
v6 arm: instruct,original-ordinal-02-1,127,344.9,0
v6 arm: instruct,original-ordinal-03-0,123,300.2,0
v6 arm: instruct,original-ordinal-03-1,125,325.0,0
v6 arm: instruct,original-ordinal-04-0,125,344.5,0
v6 arm: instruct,original-ordinal-04-1,124,319.5,0
v6 arm: instruct,original-ordinal-05-0,128,329.6,0
v6 arm: instruct,original-ordinal-05-1,127,334.4,0
v6 arm: instruct,original-ordinal-06-0,128,342.2,0
v6 arm: instruct,original-ordinal-06-1,135,345.7,0
v6 arm: instruct,original-extraction-01-0,93,375.1,0
v6 arm: instruct,original-extraction-01-1,95,371.7,0
v6 arm: instruct,original-extraction-02-0,96,348.9,0
v6 arm: instruct,original-extraction-02-1,95,360.7,0
v6 arm: instruct,original-extraction-03-0,99,359.4,0
v6 arm: instruct,original-extraction-03-1,98,331.0,0
v6 arm: instruct,original-extraction-04-0,96,341.1,0
v6 arm: instruct,original-extraction-04-1,93,350.2,0
v6 arm: instruct,original-extraction-05-0,96,347.7,0
v6 arm: instruct,original-extraction-05-1,92,313.4,0
v6 arm: instruct,original-extraction-06-0,96,353.9,0
v6 arm: instruct,original-extraction-06-1,95,336.2,0
v6 arm: instruct,original-adequacy-01-0,99,368.4,0
v6 arm: instruct,original-adequacy-01-1,95,361.4,0
v6 arm: instruct,original-adequacy-02-0,96,325.2,0
v6 arm: instruct,original-adequacy-02-1,96,327.4,0
v6 arm: instruct,original-adequacy-03-0,98,342.1,0
v6 arm: instruct,original-adequacy-03-1,102,363.5,0
v6 arm: instruct,original-adequacy-04-0,102,353.1,0
v6 arm: instruct,original-adequacy-04-1,99,353.1,0
v6 arm: instruct,original-adequacy-05-0,92,352.5,0
v6 arm: instruct,original-adequacy-05-1,92,361.3,0
v6 arm: instruct,original-adequacy-06-0,108,323.6,0
v6 arm: instruct,original-adequacy-06-1,109,345.8,0
v6 arm: instruct,original-routing-01-0,134,351.0,0
v6 arm: instruct,original-routing-01-1,130,328.2,0
v6 arm: instruct,original-routing-02-0,135,316.9,0
v6 arm: instruct,original-routing-02-1,129,312.3,0
v6 arm: instruct,original-routing-03-0,134,340.6,0
v6 arm: instruct,original-routing-03-1,136,323.9,0
v6 arm: instruct,original-routing-04-0,130,310.4,0
v6 arm: instruct,original-routing-04-1,129,335.8,0
v6 arm: instruct,original-routing-05-0,131,322.6,0
v6 arm: instruct,original-routing-05-1,131,342.2,0
v6 arm: instruct,original-routing-06-0,130,322.3,0
v6 arm: instruct,original-routing-06-1,129,322.2,0
v6 arm: instruct,easy-intent-00,124,304.5,0
v6 arm: instruct,easy-intent-01,124,340.2,0
v6 arm: instruct,easy-intent-02,127,367.1,0
v6 arm: instruct,easy-intent-03,116,354.0,0
v6 arm: instruct,easy-intent-04,121,353.5,0
v6 arm: instruct,easy-intent-05,120,326.2,0
v6 arm: instruct,easy-intent-06,112,342.9,0
v6 arm: instruct,easy-intent-07,105,335.1,0
v6 arm: instruct,easy-intent-08,107,335.5,0
v6 arm: instruct,easy-intent-09,110,335.9,0
v6 arm: instruct,easy-intent-10,108,333.6,0
v6 arm: instruct,easy-intent-11,108,328.5,0
v6 arm: instruct,easy-fact-00,97,331.9,0
v6 arm: instruct,easy-fact-01,94,349.6,0
v6 arm: instruct,easy-fact-02,102,351.5,0
v6 arm: instruct,easy-fact-03,105,309.0,0
v6 arm: instruct,easy-fact-04,94,327.3,0
v6 arm: instruct,easy-fact-05,95,349.1,0
v6 arm: instruct,easy-fact-06,115,355.0,0
v6 arm: instruct,easy-fact-07,90,322.6,0
v6 arm: instruct,easy-fact-08,86,334.4,0
v6 arm: instruct,easy-fact-09,86,332.1,0
v6 arm: instruct,easy-fact-10,95,345.7,0
v6 arm: instruct,easy-fact-11,96,366.6,0
v6 arm: instruct,easy-extraction-00,80,325.4,0
v6 arm: instruct,easy-extraction-01,82,338.9,0
v6 arm: instruct,easy-extraction-02,83,339.8,0
v6 arm: instruct,easy-extraction-03,84,379.6,0
v6 arm: instruct,easy-extraction-04,82,375.2,0
v6 arm: instruct,easy-extraction-05,82,336.7,0
v6 arm: instruct,easy-extraction-06,75,340.5,0
v6 arm: instruct,easy-extraction-07,73,361.8,0
v6 arm: instruct,easy-extraction-08,82,342.9,0
v6 arm: instruct,easy-extraction-09,84,298.3,0
v6 arm: instruct,easy-extraction-10,80,324.9,0
v6 arm: instruct,easy-extraction-11,86,345.4,0
v6 arm: instruct,easy-tool_selection-00,115,327.9,0
v6 arm: instruct,easy-tool_selection-01,116,326.5,0
v6 arm: instruct,easy-tool_selection-02,119,345.9,0
v6 arm: instruct,easy-tool_selection-03,117,344.7,0
v6 arm: instruct,easy-tool_selection-04,113,308.9,0
v6 arm: instruct,easy-tool_selection-05,119,329.5,0
v6 arm: instruct,easy-tool_selection-06,123,339.9,0
v6 arm: instruct,easy-tool_selection-07,123,319.5,0
v6 arm: instruct,easy-tool_selection-08,122,342.7,0
v6 arm: instruct,easy-tool_selection-09,119,312.9,0
v6 arm: instruct,easy-tool_selection-10,119,321.2,0
v6 arm: instruct,easy-tool_selection-11,122,354.0,0
v6 arm: instruct,hard-opus-a-long_policy-01,3072,1896.5,0
v6 arm: instruct,hard-opus-a-long_policy-04,2552,1459.7,0
v6 arm: instruct,hard-opus-a-long_policy-08,2346,1352.2,0
v6 arm: instruct,hard-opus-a-long_policy-09,2479,1436.3,0
v6 arm: instruct,hard-opus-a-long_policy-11,2294,1259.5,0
v6 arm: instruct,hard-opus-a-long_policy-13,2373,1307.3,0
v6 arm: instruct,hard-opus-a-long_policy-17,2309,1313.7,0
v6 arm: instruct,hard-opus-a-long_policy-19,2292,1272.6,0
v6 arm: instruct,hard-opus-a-probability-03,426,348.0,0
v6 arm: instruct,hard-opus-a-probability-04,1091,595.9,0
v6 arm: instruct,hard-opus-a-probability-07,1204,666.8,0
v6 arm: instruct,hard-opus-a-probability-08,389,347.3,0
v6 arm: instruct,hard-opus-a-temporal_numeric-03,481,394.4,0
v6 arm: instruct,hard-opus-a-temporal_numeric-06,523,403.1,0
v6 arm: instruct,hard-opus-a-temporal_numeric-07,1289,695.2,0
v6 arm: instruct,hard-opus-a-temporal_numeric-09,514,382.6,0
v6 arm: instruct,hard-opus-a-temporal_numeric-12,592,387.4,0
v6 arm: instruct,hard-opus-b-ambiguous-02,523,384.6,0
v6 arm: instruct,hard-opus-b-ambiguous-03,477,372.6,0
v6 arm: instruct,hard-opus-b-ambiguous-07,482,384.0,0
v6 arm: instruct,hard-opus-b-ambiguous-09,620,419.6,0
v6 arm: instruct,hard-opus-b-ambiguous-10,505,377.6,0
v6 arm: instruct,hard-opus-b-ambiguous-11,450,364.9,0
v6 arm: instruct,hard-opus-b-ambiguous-13,580,368.1,0
v6 arm: instruct,hard-opus-b-multi_hop-03,2903,1765.6,0
v6 arm: instruct,hard-opus-b-multi_hop-04,2253,1337.2,0
v6 arm: instruct,hard-opus-b-multi_hop-05,2532,1433.4,0
v6 arm: instruct,hard-opus-b-multi_hop-07,2558,1454.5,0
v6 arm: instruct,hard-opus-b-multi_hop-08,2246,1273.8,0
v6 arm: instruct,hard-opus-b-probability-01,1866,1034.4,0
v6 arm: instruct,hard-opus-b-probability-02,480,401.9,0
v6 arm: instruct,hard-opus-b-probability-03,1176,617.6,0
v6 arm: instruct,hard-opus-b-probability-04,583,386.9,0
v6 arm: instruct,hard-opus-b-probability-06,974,528.5,0
v6 arm: instruct,hard-opus-b-tradeoff-01,820,417.4,0
v6 arm: instruct,hard-opus-b-tradeoff-03,744,401.0,0
v6 arm: instruct,hard-opus-b-tradeoff-06,783,455.1,0
v6 arm: instruct,hard-opus-b-tradeoff-07,693,425.8,0
v6 arm: instruct,hard-opus-b-tradeoff-08,601,391.7,0
v6 arm: instruct,hard-opus-b-tradeoff-12,571,381.2,0
v6 arm: instruct,hard-opus-c-long_policy-02,3072,1893.8,0
v6 arm: instruct,hard-opus-c-long_policy-03,3072,856.9,0
v6 arm: instruct,hard-opus-c-long_policy-04,3072,1998.9,0
v6 arm: instruct,hard-opus-c-long_policy-05,3072,1951.1,0
v6 arm: instruct,hard-opus-c-long_policy-08,3072,1942.2,0
v6 arm: instruct,hard-opus-c-long_policy-10,3072,1935.4,0
v6 arm: instruct,hard-opus-c-long_policy-11,3072,1923.6,0
v6 arm: instruct,hard-opus-c-probability-03,553,357.3,0
v6 arm: instruct,hard-opus-c-temporal_numeric-02,929,492.7,0
v6 arm: instruct,hard-opus-c-temporal_numeric-03,850,463.2,0
v6 arm: instruct,hard-opus-c-temporal_numeric-04,761,420.7,0
v6 arm: instruct,hard-opus-c-temporal_numeric-06,961,479.8,0
v6 arm: instruct,hard-opus-c-temporal_numeric-08,970,526.0,0
v6 arm: instruct,hard-opus-c-temporal_numeric-12,801,431.9,0
v6 arm: instruct,hard-sol-a-adversarial-01,273,346.3,0
v6 arm: instruct,hard-sol-a-adversarial-06,244,346.0,0
v6 arm: instruct,hard-sol-a-adversarial-07,289,324.0,0
v6 arm: instruct,hard-sol-a-adversarial-08,225,325.7,0
v6 arm: instruct,hard-sol-a-adversarial-09,233,331.2,0
v6 arm: instruct,hard-sol-a-adversarial-11,294,343.0,0
v6 arm: instruct,hard-sol-a-multi_hop-01,2558,1562.3,0
v6 arm: instruct,hard-sol-a-multi_hop-02,2597,1560.2,0
v6 arm: instruct,hard-sol-a-multi_hop-05,2513,1480.6,0
v6 arm: instruct,hard-sol-a-multi_hop-07,2499,1504.1,0
v6 arm: instruct,hard-sol-a-multi_hop-08,2471,1442.0,0
v6 arm: instruct,hard-sol-a-multi_hop-09,2479,1468.9,0
v6 arm: instruct,hard-sol-a-multi_hop-10,2537,1521.1,0
v6 arm: instruct,hard-sol-a-multi_hop-12,2489,1437.9,0
v6 arm: instruct,hard-sol-a-trap-02,295,346.6,0
v6 arm: instruct,hard-sol-a-trap-04,202,301.7,0
v6 arm: instruct,hard-sol-a-trap-05,344,322.8,0
v6 arm: instruct,hard-sol-a-trap-06,341,352.9,0
v6 arm: instruct,hard-sol-a-trap-08,268,348.4,0
v6 arm: instruct,hard-sol-a-trap-10,196,296.8,0
v6 arm: instruct,hard-sol-a-trap-13,209,317.1,0
v6 arm: instruct,hard-sol-a-trap-15,314,346.9,0
v6 arm: instruct,hard-sol-b-judge_hard-01,295,330.5,0
v6 arm: instruct,hard-sol-b-judge_hard-02,219,343.4,0
v6 arm: instruct,hard-sol-b-judge_hard-05,239,325.5,0
v6 arm: instruct,hard-sol-b-judge_hard-08,221,318.5,0
v6 arm: instruct,hard-sol-b-judge_hard-10,240,331.0,0
v6 arm: instruct,hard-sol-b-judge_hard-14,257,358.1,0
v6 arm: instruct,hard-sol-b-judge_hard-15,213,310.1,0
v6 arm: instruct,hard-sol-b-judge_hard-18,181,353.4,0
v6 arm: instruct,hard-sol-b-long_policy-01,2732,1678.6,0
v6 arm: instruct,hard-sol-b-long_policy-02,2574,1496.6,0
v6 arm: instruct,hard-sol-b-long_policy-05,2536,1451.6,0
v6 arm: instruct,hard-sol-b-long_policy-06,2620,1533.9,0
v6 arm: instruct,hard-sol-b-routing_hard-01,314,317.5,0
v6 arm: instruct,hard-sol-b-routing_hard-02,297,344.4,0
v6 arm: instruct,hard-sol-b-routing_hard-03,295,312.3,0
v6 arm: instruct,hard-sol-b-routing_hard-07,280,308.3,0
v6 arm: instruct,hard-sol-b-routing_hard-09,284,347.8,0
v6 arm: instruct,hard-sol-b-temporal_numeric-01,284,337.1,0
v6 arm: instruct,hard-sol-b-temporal_numeric-02,298,318.6,0
v6 arm: instruct,hard-sol-b-temporal_numeric-03,237,315.1,0
v6 arm: instruct,hard-sol-b-temporal_numeric-04,247,342.2,0
v6 arm: instruct,hard-sol-c-judge_hard-03,402,332.9,0
v6 arm: instruct,hard-sol-c-judge_hard-05,364,325.8,0
v6 arm: instruct,hard-sol-c-judge_hard-07,330,332.1,0
v6 arm: instruct,hard-sol-c-judge_hard-08,323,333.4,0
v6 arm: instruct,hard-sol-c-judge_hard-09,354,316.8,0
v6 arm: instruct,hard-sol-c-judge_hard-10,383,325.0,0
v6 arm: instruct,hard-sol-c-judge_hard-11,353,349.8,0
v6 arm: instruct,hard-sol-c-judge_hard-13,343,320.4,0
v6 arm: instruct,hard-sol-c-judge_hard-15,298,318.2,0
v6 arm: instruct,hard-sol-c-multi_hop-07,2442,1417.6,0
v6 arm: instruct,hard-sol-c-multi_hop-09,2455,1370.6,0
v6 arm: instruct,hard-sol-c-multi_hop-11,2533,1504.1,0
v6 arm: instruct,hard-sol-c-multi_hop-12,526,381.7,0
v6 arm: instruct,hard-sol-c-multi_hop-13,2504,1500.4,0
v6 arm: lm_head,original-policy-01-0,114,738.8,1
v6 arm: lm_head,original-policy-01-1,117,329.5,0
v6 arm: lm_head,original-policy-02-0,103,323.4,0
v6 arm: lm_head,original-policy-02-1,102,360.8,0
v6 arm: lm_head,original-policy-03-0,105,367.4,0
v6 arm: lm_head,original-policy-03-1,104,299.9,0
v6 arm: lm_head,original-policy-04-0,111,354.9,0
v6 arm: lm_head,original-policy-04-1,108,367.3,0
v6 arm: lm_head,original-policy-05-0,115,380.6,0
v6 arm: lm_head,original-policy-05-1,107,369.3,0
v6 arm: lm_head,original-policy-06-0,117,332.3,0
v6 arm: lm_head,original-policy-06-1,107,350.1,0
v6 arm: lm_head,original-intent-01-0,104,330.4,0
v6 arm: lm_head,original-intent-01-1,105,378.1,0
v6 arm: lm_head,original-intent-02-0,105,365.9,0
v6 arm: lm_head,original-intent-02-1,104,333.5,0
v6 arm: lm_head,original-intent-03-0,106,313.1,0
v6 arm: lm_head,original-intent-03-1,104,345.2,0
v6 arm: lm_head,original-intent-04-0,109,333.1,0
v6 arm: lm_head,original-intent-04-1,104,311.5,0
v6 arm: lm_head,original-intent-05-0,104,332.4,0
v6 arm: lm_head,original-intent-05-1,103,350.4,0
v6 arm: lm_head,original-intent-06-0,102,347.9,0
v6 arm: lm_head,original-intent-06-1,107,329.4,0
v6 arm: lm_head,original-ordinal-01-0,122,303.0,0
v6 arm: lm_head,original-ordinal-01-1,123,334.7,0
v6 arm: lm_head,original-ordinal-02-0,126,338.9,0
v6 arm: lm_head,original-ordinal-02-1,127,306.9,0
v6 arm: lm_head,original-ordinal-03-0,123,340.7,0
v6 arm: lm_head,original-ordinal-03-1,125,359.5,0
v6 arm: lm_head,original-ordinal-04-0,125,360.2,0
v6 arm: lm_head,original-ordinal-04-1,124,302.4,0
v6 arm: lm_head,original-ordinal-05-0,128,359.1,0
v6 arm: lm_head,original-ordinal-05-1,127,343.1,0
v6 arm: lm_head,original-ordinal-06-0,128,333.8,0
v6 arm: lm_head,original-ordinal-06-1,135,333.5,0
v6 arm: lm_head,original-extraction-01-0,93,347.3,0
v6 arm: lm_head,original-extraction-01-1,95,332.6,0
v6 arm: lm_head,original-extraction-02-0,96,335.8,0
v6 arm: lm_head,original-extraction-02-1,95,341.3,0
v6 arm: lm_head,original-extraction-03-0,99,363.1,0
v6 arm: lm_head,original-extraction-03-1,98,344.1,0
v6 arm: lm_head,original-extraction-04-0,96,313.5,0
v6 arm: lm_head,original-extraction-04-1,93,349.8,0
v6 arm: lm_head,original-extraction-05-0,96,360.5,0
v6 arm: lm_head,original-extraction-05-1,92,325.1,0
v6 arm: lm_head,original-extraction-06-0,96,341.8,0
v6 arm: lm_head,original-extraction-06-1,95,355.4,0
v6 arm: lm_head,original-adequacy-01-0,99,346.9,0
v6 arm: lm_head,original-adequacy-01-1,95,330.9,0
v6 arm: lm_head,original-adequacy-02-0,96,288.9,0
v6 arm: lm_head,original-adequacy-02-1,96,338.0,0
v6 arm: lm_head,original-adequacy-03-0,98,337.1,0
v6 arm: lm_head,original-adequacy-03-1,102,280.8,0
v6 arm: lm_head,original-adequacy-04-0,102,339.5,0
v6 arm: lm_head,original-adequacy-04-1,99,343.9,0
v6 arm: lm_head,original-adequacy-05-0,92,309.5,0
v6 arm: lm_head,original-adequacy-05-1,92,343.2,0
v6 arm: lm_head,original-adequacy-06-0,108,367.1,0
v6 arm: lm_head,original-adequacy-06-1,109,356.7,0
v6 arm: lm_head,original-routing-01-0,134,347.1,0
v6 arm: lm_head,original-routing-01-1,130,305.2,0
v6 arm: lm_head,original-routing-02-0,135,341.6,0
v6 arm: lm_head,original-routing-02-1,129,325.0,0
v6 arm: lm_head,original-routing-03-0,134,329.4,0
v6 arm: lm_head,original-routing-03-1,136,288.8,0
v6 arm: lm_head,original-routing-04-0,130,312.8,0
v6 arm: lm_head,original-routing-04-1,129,331.5,0
v6 arm: lm_head,original-routing-05-0,131,334.9,0
v6 arm: lm_head,original-routing-05-1,131,294.2,0
v6 arm: lm_head,original-routing-06-0,130,321.5,0
v6 arm: lm_head,original-routing-06-1,129,317.6,0
v6 arm: lm_head,easy-intent-00,124,346.7,0
v6 arm: lm_head,easy-intent-01,124,302.6,0
v6 arm: lm_head,easy-intent-02,127,349.7,0
v6 arm: lm_head,easy-intent-03,116,330.0,0
v6 arm: lm_head,easy-intent-04,121,328.6,0
v6 arm: lm_head,easy-intent-05,120,320.0,0
v6 arm: lm_head,easy-intent-06,112,357.9,0
v6 arm: lm_head,easy-intent-07,105,329.9,0
v6 arm: lm_head,easy-intent-08,107,302.6,0
v6 arm: lm_head,easy-intent-09,110,333.0,0
v6 arm: lm_head,easy-intent-10,108,355.9,0
v6 arm: lm_head,easy-intent-11,108,345.2,0
v6 arm: lm_head,easy-fact-00,97,369.6,0
v6 arm: lm_head,easy-fact-01,94,323.5,0
v6 arm: lm_head,easy-fact-02,102,331.7,0
v6 arm: lm_head,easy-fact-03,105,371.5,0
v6 arm: lm_head,easy-fact-04,94,373.4,0
v6 arm: lm_head,easy-fact-05,95,360.9,0
v6 arm: lm_head,easy-fact-06,115,388.1,0
v6 arm: lm_head,easy-fact-07,90,313.0,0
v6 arm: lm_head,easy-fact-08,86,341.6,0
v6 arm: lm_head,easy-fact-09,86,353.9,0
v6 arm: lm_head,easy-fact-10,95,358.0,0
v6 arm: lm_head,easy-fact-11,96,304.4,0
v6 arm: lm_head,easy-extraction-00,80,303.6,0
v6 arm: lm_head,easy-extraction-01,82,352.2,0
v6 arm: lm_head,easy-extraction-02,83,324.4,0
v6 arm: lm_head,easy-extraction-03,84,341.4,0
v6 arm: lm_head,easy-extraction-04,82,326.7,0
v6 arm: lm_head,easy-extraction-05,82,359.3,0
v6 arm: lm_head,easy-extraction-06,75,337.7,0
v6 arm: lm_head,easy-extraction-07,73,315.6,0
v6 arm: lm_head,easy-extraction-08,82,340.6,0
v6 arm: lm_head,easy-extraction-09,84,365.9,0
v6 arm: lm_head,easy-extraction-10,80,305.9,0
v6 arm: lm_head,easy-extraction-11,86,296.3,0
v6 arm: lm_head,easy-tool_selection-00,115,327.7,0
v6 arm: lm_head,easy-tool_selection-01,116,321.6,0
v6 arm: lm_head,easy-tool_selection-02,119,356.7,0
v6 arm: lm_head,easy-tool_selection-03,117,316.9,0
v6 arm: lm_head,easy-tool_selection-04,113,355.3,0
v6 arm: lm_head,easy-tool_selection-05,119,356.6,0
v6 arm: lm_head,easy-tool_selection-06,123,331.9,0
v6 arm: lm_head,easy-tool_selection-07,123,361.0,0
v6 arm: lm_head,easy-tool_selection-08,122,351.0,0
v6 arm: lm_head,easy-tool_selection-09,119,339.8,0
v6 arm: lm_head,easy-tool_selection-10,119,347.4,0
v6 arm: lm_head,easy-tool_selection-11,122,361.7,0
v6 arm: lm_head,hard-opus-a-long_policy-01,3072,1927.4,0
v6 arm: lm_head,hard-opus-a-long_policy-04,2552,1512.7,0
v6 arm: lm_head,hard-opus-a-long_policy-08,2346,1405.7,0
v6 arm: lm_head,hard-opus-a-long_policy-09,2479,1323.0,0
v6 arm: lm_head,hard-opus-a-long_policy-11,2294,718.5,0
v6 arm: lm_head,hard-opus-a-long_policy-13,2373,1354.1,0
v6 arm: lm_head,hard-opus-a-long_policy-17,2309,1263.6,0
v6 arm: lm_head,hard-opus-a-long_policy-19,2292,1350.6,0
v6 arm: lm_head,hard-opus-a-probability-03,426,372.0,0
v6 arm: lm_head,hard-opus-a-probability-04,1091,577.9,0
v6 arm: lm_head,hard-opus-a-probability-07,1204,653.7,0
v6 arm: lm_head,hard-opus-a-probability-08,389,357.8,0
v6 arm: lm_head,hard-opus-a-temporal_numeric-03,481,393.3,0
v6 arm: lm_head,hard-opus-a-temporal_numeric-06,523,368.1,0
v6 arm: lm_head,hard-opus-a-temporal_numeric-07,1289,652.3,0
v6 arm: lm_head,hard-opus-a-temporal_numeric-09,514,335.3,0
v6 arm: lm_head,hard-opus-a-temporal_numeric-12,592,397.2,0
v6 arm: lm_head,hard-opus-b-ambiguous-02,523,348.7,0
v6 arm: lm_head,hard-opus-b-ambiguous-03,477,352.7,0
v6 arm: lm_head,hard-opus-b-ambiguous-07,482,394.2,0
v6 arm: lm_head,hard-opus-b-ambiguous-09,620,447.6,0
v6 arm: lm_head,hard-opus-b-ambiguous-10,505,396.4,0
v6 arm: lm_head,hard-opus-b-ambiguous-11,450,321.2,0
v6 arm: lm_head,hard-opus-b-ambiguous-13,580,354.0,0
v6 arm: lm_head,hard-opus-b-multi_hop-03,2903,1713.3,0
v6 arm: lm_head,hard-opus-b-multi_hop-04,2253,1328.8,0
v6 arm: lm_head,hard-opus-b-multi_hop-05,2532,1427.5,0
v6 arm: lm_head,hard-opus-b-multi_hop-07,2558,1399.3,0
v6 arm: lm_head,hard-opus-b-multi_hop-08,2246,1282.9,0
v6 arm: lm_head,hard-opus-b-probability-01,1866,1041.2,0
v6 arm: lm_head,hard-opus-b-probability-02,480,387.9,0
v6 arm: lm_head,hard-opus-b-probability-03,1176,583.3,0
v6 arm: lm_head,hard-opus-b-probability-04,583,379.8,0
v6 arm: lm_head,hard-opus-b-probability-06,974,483.3,0
v6 arm: lm_head,hard-opus-b-tradeoff-01,820,444.8,0
v6 arm: lm_head,hard-opus-b-tradeoff-03,744,412.8,0
v6 arm: lm_head,hard-opus-b-tradeoff-06,783,435.6,0
v6 arm: lm_head,hard-opus-b-tradeoff-07,693,347.9,0
v6 arm: lm_head,hard-opus-b-tradeoff-08,601,391.0,0
v6 arm: lm_head,hard-opus-b-tradeoff-12,571,389.3,0
v6 arm: lm_head,hard-opus-c-long_policy-02,3072,1915.7,0
v6 arm: lm_head,hard-opus-c-long_policy-03,3072,1842.8,0
v6 arm: lm_head,hard-opus-c-long_policy-04,3072,1939.0,0
v6 arm: lm_head,hard-opus-c-long_policy-05,3072,1895.4,0
v6 arm: lm_head,hard-opus-c-long_policy-08,3072,1891.2,0
v6 arm: lm_head,hard-opus-c-long_policy-10,3072,1964.8,0
v6 arm: lm_head,hard-opus-c-long_policy-11,3072,1957.2,0
v6 arm: lm_head,hard-opus-c-probability-03,553,321.4,0
v6 arm: lm_head,hard-opus-c-temporal_numeric-02,929,508.9,0
v6 arm: lm_head,hard-opus-c-temporal_numeric-03,850,474.2,0
v6 arm: lm_head,hard-opus-c-temporal_numeric-04,761,404.4,0
v6 arm: lm_head,hard-opus-c-temporal_numeric-06,961,475.9,0
v6 arm: lm_head,hard-opus-c-temporal_numeric-08,970,547.9,0
v6 arm: lm_head,hard-opus-c-temporal_numeric-12,801,462.1,0
v6 arm: lm_head,hard-sol-a-adversarial-01,273,295.5,0
v6 arm: lm_head,hard-sol-a-adversarial-06,244,335.8,0
v6 arm: lm_head,hard-sol-a-adversarial-07,289,340.3,0
v6 arm: lm_head,hard-sol-a-adversarial-08,225,300.7,0
v6 arm: lm_head,hard-sol-a-adversarial-09,233,328.9,0
v6 arm: lm_head,hard-sol-a-adversarial-11,294,332.7,0
v6 arm: lm_head,hard-sol-a-multi_hop-01,2558,1475.1,0
v6 arm: lm_head,hard-sol-a-multi_hop-02,2597,1652.5,0
v6 arm: lm_head,hard-sol-a-multi_hop-05,2513,1488.4,0
v6 arm: lm_head,hard-sol-a-multi_hop-07,2499,1571.7,0
v6 arm: lm_head,hard-sol-a-multi_hop-08,2471,1379.9,0
v6 arm: lm_head,hard-sol-a-multi_hop-09,2479,1523.9,0
v6 arm: lm_head,hard-sol-a-multi_hop-10,2537,1484.0,0
v6 arm: lm_head,hard-sol-a-multi_hop-12,2489,1423.9,0
v6 arm: lm_head,hard-sol-a-trap-02,295,341.9,0
v6 arm: lm_head,hard-sol-a-trap-04,202,347.0,0
v6 arm: lm_head,hard-sol-a-trap-05,344,335.9,0
v6 arm: lm_head,hard-sol-a-trap-06,341,334.1,0
v6 arm: lm_head,hard-sol-a-trap-08,268,343.3,0
v6 arm: lm_head,hard-sol-a-trap-10,196,349.3,0
v6 arm: lm_head,hard-sol-a-trap-13,209,354.6,0
v6 arm: lm_head,hard-sol-a-trap-15,314,308.7,0
v6 arm: lm_head,hard-sol-b-judge_hard-01,295,320.2,0
v6 arm: lm_head,hard-sol-b-judge_hard-02,219,325.8,0
v6 arm: lm_head,hard-sol-b-judge_hard-05,239,319.2,0
v6 arm: lm_head,hard-sol-b-judge_hard-08,221,291.8,0
v6 arm: lm_head,hard-sol-b-judge_hard-10,240,335.7,0
v6 arm: lm_head,hard-sol-b-judge_hard-14,257,329.3,0
v6 arm: lm_head,hard-sol-b-judge_hard-15,213,356.5,0
v6 arm: lm_head,hard-sol-b-judge_hard-18,181,323.9,0
v6 arm: lm_head,hard-sol-b-long_policy-01,2732,1713.9,0
v6 arm: lm_head,hard-sol-b-long_policy-02,2574,1532.1,0
v6 arm: lm_head,hard-sol-b-long_policy-05,2536,1431.1,0
v6 arm: lm_head,hard-sol-b-long_policy-06,2620,1517.5,0
v6 arm: lm_head,hard-sol-b-routing_hard-01,314,320.8,0
v6 arm: lm_head,hard-sol-b-routing_hard-02,297,349.2,0
v6 arm: lm_head,hard-sol-b-routing_hard-03,295,368.0,0
v6 arm: lm_head,hard-sol-b-routing_hard-07,280,288.2,0
v6 arm: lm_head,hard-sol-b-routing_hard-09,284,301.8,0
v6 arm: lm_head,hard-sol-b-temporal_numeric-01,284,316.2,0
v6 arm: lm_head,hard-sol-b-temporal_numeric-02,298,313.8,0
v6 arm: lm_head,hard-sol-b-temporal_numeric-03,237,295.6,0
v6 arm: lm_head,hard-sol-b-temporal_numeric-04,247,356.5,0
v6 arm: lm_head,hard-sol-c-judge_hard-03,402,330.9,0
v6 arm: lm_head,hard-sol-c-judge_hard-05,364,312.8,0
v6 arm: lm_head,hard-sol-c-judge_hard-07,330,369.8,0
v6 arm: lm_head,hard-sol-c-judge_hard-08,323,323.9,0
v6 arm: lm_head,hard-sol-c-judge_hard-09,354,337.7,0
v6 arm: lm_head,hard-sol-c-judge_hard-10,383,343.5,0
v6 arm: lm_head,hard-sol-c-judge_hard-11,353,320.2,0
v6 arm: lm_head,hard-sol-c-judge_hard-13,343,329.8,0
v6 arm: lm_head,hard-sol-c-judge_hard-15,298,316.1,0
v6 arm: lm_head,hard-sol-c-multi_hop-07,2442,1471.0,0
v6 arm: lm_head,hard-sol-c-multi_hop-09,2455,1318.8,0
v6 arm: lm_head,hard-sol-c-multi_hop-11,2533,1462.4,0
v6 arm: lm_head,hard-sol-c-multi_hop-12,526,387.1,0
v6 arm: lm_head,hard-sol-c-multi_hop-13,2504,1540.4,0
v6 arm: KL,original-policy-01-0,114,582.0,1
v6 arm: KL,original-policy-01-1,117,239.9,0
v6 arm: KL,original-policy-02-0,103,250.8,0
v6 arm: KL,original-policy-02-1,102,254.0,0
v6 arm: KL,original-policy-03-0,105,238.9,0
v6 arm: KL,original-policy-03-1,104,235.7,0
v6 arm: KL,original-policy-04-0,111,238.7,0
v6 arm: KL,original-policy-04-1,108,244.7,0
v6 arm: KL,original-policy-05-0,115,239.0,0
v6 arm: KL,original-policy-05-1,107,237.7,0
v6 arm: KL,original-policy-06-0,117,238.2,0
v6 arm: KL,original-policy-06-1,107,254.1,0
v6 arm: KL,original-intent-01-0,104,239.8,0
v6 arm: KL,original-intent-01-1,105,243.7,0
v6 arm: KL,original-intent-02-0,105,248.6,0
v6 arm: KL,original-intent-02-1,104,236.9,0
v6 arm: KL,original-intent-03-0,106,239.2,0
v6 arm: KL,original-intent-03-1,104,236.6,0
v6 arm: KL,original-intent-04-0,109,255.8,0
v6 arm: KL,original-intent-04-1,104,236.7,0
v6 arm: KL,original-intent-05-0,104,264.5,0
v6 arm: KL,original-intent-05-1,103,241.1,0
v6 arm: KL,original-intent-06-0,102,254.6,0
v6 arm: KL,original-intent-06-1,107,249.8,0
v6 arm: KL,original-ordinal-01-0,122,249.7,0
v6 arm: KL,original-ordinal-01-1,123,239.8,0
v6 arm: KL,original-ordinal-02-0,126,240.5,0
v6 arm: KL,original-ordinal-02-1,127,250.8,0
v6 arm: KL,original-ordinal-03-0,123,248.2,0
v6 arm: KL,original-ordinal-03-1,125,241.8,0
v6 arm: KL,original-ordinal-04-0,125,257.9,0
v6 arm: KL,original-ordinal-04-1,124,260.6,0
v6 arm: KL,original-ordinal-05-0,128,238.6,0
v6 arm: KL,original-ordinal-05-1,127,236.3,0
v6 arm: KL,original-ordinal-06-0,128,253.2,0
v6 arm: KL,original-ordinal-06-1,135,253.9,0
v6 arm: KL,original-extraction-01-0,93,241.1,0
v6 arm: KL,original-extraction-01-1,95,244.3,0
v6 arm: KL,original-extraction-02-0,96,237.1,0
v6 arm: KL,original-extraction-02-1,95,237.1,0
v6 arm: KL,original-extraction-03-0,99,240.3,0
v6 arm: KL,original-extraction-03-1,98,241.5,0
v6 arm: KL,original-extraction-04-0,96,250.4,0
v6 arm: KL,original-extraction-04-1,93,250.4,0
v6 arm: KL,original-extraction-05-0,96,249.5,0
v6 arm: KL,original-extraction-05-1,92,232.6,0
v6 arm: KL,original-extraction-06-0,96,254.1,0
v6 arm: KL,original-extraction-06-1,95,247.6,0
v6 arm: KL,original-adequacy-01-0,99,263.4,0
v6 arm: KL,original-adequacy-01-1,95,238.3,0
v6 arm: KL,original-adequacy-02-0,96,238.6,0
v6 arm: KL,original-adequacy-02-1,96,236.9,0
v6 arm: KL,original-adequacy-03-0,98,239.3,0
v6 arm: KL,original-adequacy-03-1,102,252.8,0
v6 arm: KL,original-adequacy-04-0,102,241.1,0
v6 arm: KL,original-adequacy-04-1,99,238.4,0
v6 arm: KL,original-adequacy-05-0,92,257.3,0
v6 arm: KL,original-adequacy-05-1,92,246.5,0
v6 arm: KL,original-adequacy-06-0,108,249.7,0
v6 arm: KL,original-adequacy-06-1,109,240.9,0
v6 arm: KL,original-routing-01-0,134,247.9,0
v6 arm: KL,original-routing-01-1,130,230.5,0
v6 arm: KL,original-routing-02-0,135,252.0,0
v6 arm: KL,original-routing-02-1,129,232.6,0
v6 arm: KL,original-routing-03-0,134,256.5,0
v6 arm: KL,original-routing-03-1,136,250.8,0
v6 arm: KL,original-routing-04-0,130,243.1,0
v6 arm: KL,original-routing-04-1,129,235.0,0
v6 arm: KL,original-routing-05-0,131,239.2,0
v6 arm: KL,original-routing-05-1,131,238.4,0
v6 arm: KL,original-routing-06-0,130,243.5,0
v6 arm: KL,original-routing-06-1,129,248.1,0
v6 arm: KL,easy-intent-00,124,241.4,0
v6 arm: KL,easy-intent-01,124,241.9,0
v6 arm: KL,easy-intent-02,127,257.0,0
v6 arm: KL,easy-intent-03,116,235.3,0
v6 arm: KL,easy-intent-04,121,236.8,0
v6 arm: KL,easy-intent-05,120,238.1,0
v6 arm: KL,easy-intent-06,112,238.8,0
v6 arm: KL,easy-intent-07,105,251.0,0
v6 arm: KL,easy-intent-08,107,235.7,0
v6 arm: KL,easy-intent-09,110,247.4,0
v6 arm: KL,easy-intent-10,108,236.8,0
v6 arm: KL,easy-intent-11,108,233.5,0
v6 arm: KL,easy-fact-00,97,263.1,0
v6 arm: KL,easy-fact-01,94,239.1,0
v6 arm: KL,easy-fact-02,102,251.0,0
v6 arm: KL,easy-fact-03,105,252.7,0
v6 arm: KL,easy-fact-04,94,247.6,0
v6 arm: KL,easy-fact-05,95,240.2,0
v6 arm: KL,easy-fact-06,115,255.4,0
v6 arm: KL,easy-fact-07,90,239.1,0
v6 arm: KL,easy-fact-08,86,234.4,0
v6 arm: KL,easy-fact-09,86,255.0,0
v6 arm: KL,easy-fact-10,95,252.7,0
v6 arm: KL,easy-fact-11,96,250.1,0
v6 arm: KL,easy-extraction-00,80,230.9,0
v6 arm: KL,easy-extraction-01,82,232.3,0
v6 arm: KL,easy-extraction-02,83,238.6,0
v6 arm: KL,easy-extraction-03,84,238.5,0
v6 arm: KL,easy-extraction-04,82,239.4,0
v6 arm: KL,easy-extraction-05,82,238.8,0
v6 arm: KL,easy-extraction-06,75,238.9,0
v6 arm: KL,easy-extraction-07,73,254.6,0
v6 arm: KL,easy-extraction-08,82,233.2,0
v6 arm: KL,easy-extraction-09,84,262.9,0
v6 arm: KL,easy-extraction-10,80,242.5,0
v6 arm: KL,easy-extraction-11,86,252.5,0
v6 arm: KL,easy-tool_selection-00,115,232.8,0
v6 arm: KL,easy-tool_selection-01,116,237.3,0
v6 arm: KL,easy-tool_selection-02,119,252.2,0
v6 arm: KL,easy-tool_selection-03,117,237.4,0
v6 arm: KL,easy-tool_selection-04,113,235.6,0
v6 arm: KL,easy-tool_selection-05,119,239.2,0
v6 arm: KL,easy-tool_selection-06,123,243.9,0
v6 arm: KL,easy-tool_selection-07,123,237.0,0
v6 arm: KL,easy-tool_selection-08,122,239.5,0
v6 arm: KL,easy-tool_selection-09,119,234.9,0
v6 arm: KL,easy-tool_selection-10,119,234.4,0
v6 arm: KL,easy-tool_selection-11,122,255.9,0
v6 arm: KL,hard-opus-a-long_policy-01,3072,815.6,0
v6 arm: KL,hard-opus-a-long_policy-04,2552,566.2,0
v6 arm: KL,hard-opus-a-long_policy-08,2346,518.9,0
v6 arm: KL,hard-opus-a-long_policy-09,2479,548.0,0
v6 arm: KL,hard-opus-a-long_policy-11,2294,505.0,0
v6 arm: KL,hard-opus-a-long_policy-13,2373,519.0,0
v6 arm: KL,hard-opus-a-long_policy-17,2309,509.6,0
v6 arm: KL,hard-opus-a-long_policy-19,2292,515.6,0
v6 arm: KL,hard-opus-a-probability-03,426,245.0,0
v6 arm: KL,hard-opus-a-probability-04,1091,284.9,0
v6 arm: KL,hard-opus-a-probability-07,1204,312.5,0
v6 arm: KL,hard-opus-a-probability-08,389,236.5,0
v6 arm: KL,hard-opus-a-temporal_numeric-03,481,251.8,0
v6 arm: KL,hard-opus-a-temporal_numeric-06,523,248.5,0
v6 arm: KL,hard-opus-a-temporal_numeric-07,1289,295.2,0
v6 arm: KL,hard-opus-a-temporal_numeric-09,514,237.2,0
v6 arm: KL,hard-opus-a-temporal_numeric-12,592,231.9,0
v6 arm: KL,hard-opus-b-ambiguous-02,523,235.3,0
v6 arm: KL,hard-opus-b-ambiguous-03,477,245.4,0
v6 arm: KL,hard-opus-b-ambiguous-07,482,236.6,0
v6 arm: KL,hard-opus-b-ambiguous-09,620,241.4,0
v6 arm: KL,hard-opus-b-ambiguous-10,505,236.6,0
v6 arm: KL,hard-opus-b-ambiguous-11,450,237.8,0
v6 arm: KL,hard-opus-b-ambiguous-13,580,235.0,0
v6 arm: KL,hard-opus-b-multi_hop-03,2903,684.0,0
v6 arm: KL,hard-opus-b-multi_hop-04,2253,534.2,0
v6 arm: KL,hard-opus-b-multi_hop-05,2532,574.0,0
v6 arm: KL,hard-opus-b-multi_hop-07,2558,560.0,0
v6 arm: KL,hard-opus-b-multi_hop-08,2246,501.4,0
v6 arm: KL,hard-opus-b-probability-01,1866,433.4,0
v6 arm: KL,hard-opus-b-probability-02,480,246.2,0
v6 arm: KL,hard-opus-b-probability-03,1176,290.2,0
v6 arm: KL,hard-opus-b-probability-04,583,234.6,0
v6 arm: KL,hard-opus-b-probability-06,974,258.9,0
v6 arm: KL,hard-opus-b-tradeoff-01,820,240.6,0
v6 arm: KL,hard-opus-b-tradeoff-03,744,233.6,0
v6 arm: KL,hard-opus-b-tradeoff-06,783,255.0,0
v6 arm: KL,hard-opus-b-tradeoff-07,693,258.9,0
v6 arm: KL,hard-opus-b-tradeoff-08,601,242.1,0
v6 arm: KL,hard-opus-b-tradeoff-12,571,244.4,0
v6 arm: KL,hard-opus-c-long_policy-02,3072,728.9,0
v6 arm: KL,hard-opus-c-long_policy-03,3072,736.2,0
v6 arm: KL,hard-opus-c-long_policy-04,3072,757.4,0
v6 arm: KL,hard-opus-c-long_policy-05,3072,718.7,0
v6 arm: KL,hard-opus-c-long_policy-08,3072,720.9,0
v6 arm: KL,hard-opus-c-long_policy-10,3072,715.5,0
v6 arm: KL,hard-opus-c-long_policy-11,3072,742.6,0
v6 arm: KL,hard-opus-c-probability-03,553,241.7,0
v6 arm: KL,hard-opus-c-temporal_numeric-02,929,241.8,0
v6 arm: KL,hard-opus-c-temporal_numeric-03,850,255.4,0
v6 arm: KL,hard-opus-c-temporal_numeric-04,761,261.3,0
v6 arm: KL,hard-opus-c-temporal_numeric-06,961,256.4,0
v6 arm: KL,hard-opus-c-temporal_numeric-08,970,257.1,0
v6 arm: KL,hard-opus-c-temporal_numeric-12,801,240.5,0
v6 arm: KL,hard-sol-a-adversarial-01,273,243.0,0
v6 arm: KL,hard-sol-a-adversarial-06,244,246.7,0
v6 arm: KL,hard-sol-a-adversarial-07,289,254.1,0
v6 arm: KL,hard-sol-a-adversarial-08,225,246.8,0
v6 arm: KL,hard-sol-a-adversarial-09,233,237.1,0
v6 arm: KL,hard-sol-a-adversarial-11,294,250.6,0
v6 arm: KL,hard-sol-a-multi_hop-01,2558,623.7,0
v6 arm: KL,hard-sol-a-multi_hop-02,2597,589.5,0
v6 arm: KL,hard-sol-a-multi_hop-05,2513,583.4,0
v6 arm: KL,hard-sol-a-multi_hop-07,2499,592.3,0
v6 arm: KL,hard-sol-a-multi_hop-08,2471,571.4,0
v6 arm: KL,hard-sol-a-multi_hop-09,2479,605.7,0
v6 arm: KL,hard-sol-a-multi_hop-10,2537,590.2,0
v6 arm: KL,hard-sol-a-multi_hop-12,2489,617.5,0
v6 arm: KL,hard-sol-a-trap-02,295,264.2,0
v6 arm: KL,hard-sol-a-trap-04,202,238.7,0
v6 arm: KL,hard-sol-a-trap-05,344,244.7,0
v6 arm: KL,hard-sol-a-trap-06,341,259.9,0
v6 arm: KL,hard-sol-a-trap-08,268,260.5,0
v6 arm: KL,hard-sol-a-trap-10,196,261.1,0
v6 arm: KL,hard-sol-a-trap-13,209,247.0,0
v6 arm: KL,hard-sol-a-trap-15,314,249.8,0
v6 arm: KL,hard-sol-b-judge_hard-01,295,240.3,0
v6 arm: KL,hard-sol-b-judge_hard-02,219,243.3,0
v6 arm: KL,hard-sol-b-judge_hard-05,239,252.8,0
v6 arm: KL,hard-sol-b-judge_hard-08,221,272.0,0
v6 arm: KL,hard-sol-b-judge_hard-10,240,265.1,0
v6 arm: KL,hard-sol-b-judge_hard-14,257,266.4,0
v6 arm: KL,hard-sol-b-judge_hard-15,213,263.6,0
v6 arm: KL,hard-sol-b-judge_hard-18,181,258.8,0
v6 arm: KL,hard-sol-b-long_policy-01,2732,745.5,0
v6 arm: KL,hard-sol-b-long_policy-02,2574,585.3,0
v6 arm: KL,hard-sol-b-long_policy-05,2536,602.3,0
v6 arm: KL,hard-sol-b-long_policy-06,2620,633.7,0
v6 arm: KL,hard-sol-b-routing_hard-01,314,255.4,0
v6 arm: KL,hard-sol-b-routing_hard-02,297,256.3,0
v6 arm: KL,hard-sol-b-routing_hard-03,295,247.6,0
v6 arm: KL,hard-sol-b-routing_hard-07,280,235.8,0
v6 arm: KL,hard-sol-b-routing_hard-09,284,236.9,0
v6 arm: KL,hard-sol-b-temporal_numeric-01,284,257.5,0
v6 arm: KL,hard-sol-b-temporal_numeric-02,298,260.1,0
v6 arm: KL,hard-sol-b-temporal_numeric-03,237,239.8,0
v6 arm: KL,hard-sol-b-temporal_numeric-04,247,239.1,0
v6 arm: KL,hard-sol-c-judge_hard-03,402,258.2,0
v6 arm: KL,hard-sol-c-judge_hard-05,364,254.4,0
v6 arm: KL,hard-sol-c-judge_hard-07,330,249.2,0
v6 arm: KL,hard-sol-c-judge_hard-08,323,244.3,0
v6 arm: KL,hard-sol-c-judge_hard-09,354,251.2,0
v6 arm: KL,hard-sol-c-judge_hard-10,383,242.4,0
v6 arm: KL,hard-sol-c-judge_hard-11,353,257.7,0
v6 arm: KL,hard-sol-c-judge_hard-13,343,249.4,0
v6 arm: KL,hard-sol-c-judge_hard-15,298,244.0,0
v6 arm: KL,hard-sol-c-multi_hop-07,2442,574.0,0
v6 arm: KL,hard-sol-c-multi_hop-09,2455,571.0,0
v6 arm: KL,hard-sol-c-multi_hop-11,2533,581.0,0
v6 arm: KL,hard-sol-c-multi_hop-12,526,243.8,0
v6 arm: KL,hard-sol-c-multi_hop-13,2504,612.2,0
scaling: 1.7B,original-policy-01-0,114,706.9,1
scaling: 1.7B,original-policy-01-1,117,369.6,0
scaling: 1.7B,original-policy-02-0,103,392.8,0
scaling: 1.7B,original-policy-02-1,102,391.8,0
scaling: 1.7B,original-policy-03-0,105,384.7,0
scaling: 1.7B,original-policy-03-1,104,363.8,0
scaling: 1.7B,original-policy-04-0,111,296.3,0
scaling: 1.7B,original-policy-04-1,108,344.3,0
scaling: 1.7B,original-policy-05-0,115,379.6,0
scaling: 1.7B,original-policy-05-1,107,332.9,0
scaling: 1.7B,original-policy-06-0,117,345.5,0
scaling: 1.7B,original-policy-06-1,107,379.7,0
scaling: 1.7B,original-intent-01-0,104,322.5,0
scaling: 1.7B,original-intent-01-1,105,362.5,0
scaling: 1.7B,original-intent-02-0,105,338.1,0
scaling: 1.7B,original-intent-02-1,104,366.9,0
scaling: 1.7B,original-intent-03-0,106,383.0,0
scaling: 1.7B,original-intent-03-1,104,333.8,0
scaling: 1.7B,original-intent-04-0,109,355.0,0
scaling: 1.7B,original-intent-04-1,104,346.6,0
scaling: 1.7B,original-intent-05-0,104,318.9,0
scaling: 1.7B,original-intent-05-1,103,361.6,0
scaling: 1.7B,original-intent-06-0,102,342.6,0
scaling: 1.7B,original-intent-06-1,107,326.4,0
scaling: 1.7B,original-ordinal-01-0,122,356.3,0
scaling: 1.7B,original-ordinal-01-1,123,348.4,0
scaling: 1.7B,original-ordinal-02-0,126,298.1,0
scaling: 1.7B,original-ordinal-02-1,127,327.5,0
scaling: 1.7B,original-ordinal-03-0,123,341.7,0
scaling: 1.7B,original-ordinal-03-1,125,350.8,0
scaling: 1.7B,original-ordinal-04-0,125,330.1,0
scaling: 1.7B,original-ordinal-04-1,124,311.2,0
scaling: 1.7B,original-ordinal-05-0,128,345.1,0
scaling: 1.7B,original-ordinal-05-1,127,349.5,0
scaling: 1.7B,original-ordinal-06-0,128,343.2,0
scaling: 1.7B,original-ordinal-06-1,135,350.7,0
scaling: 1.7B,original-extraction-01-0,93,369.7,0
scaling: 1.7B,original-extraction-01-1,95,381.8,0
scaling: 1.7B,original-extraction-02-0,96,365.7,0
scaling: 1.7B,original-extraction-02-1,95,342.5,0
scaling: 1.7B,original-extraction-03-0,99,377.4,0
scaling: 1.7B,original-extraction-03-1,98,372.4,0
scaling: 1.7B,original-extraction-04-0,96,358.6,0
scaling: 1.7B,original-extraction-04-1,93,346.6,0
scaling: 1.7B,original-extraction-05-0,96,359.7,0
scaling: 1.7B,original-extraction-05-1,92,370.7,0
scaling: 1.7B,original-extraction-06-0,96,356.8,0
scaling: 1.7B,original-extraction-06-1,95,291.5,0
scaling: 1.7B,original-adequacy-01-0,99,339.0,0
scaling: 1.7B,original-adequacy-01-1,95,349.1,0
scaling: 1.7B,original-adequacy-02-0,96,352.3,0
scaling: 1.7B,original-adequacy-02-1,96,345.1,0
scaling: 1.7B,original-adequacy-03-0,98,360.7,0
scaling: 1.7B,original-adequacy-03-1,102,350.6,0
scaling: 1.7B,original-adequacy-04-0,102,289.2,0
scaling: 1.7B,original-adequacy-04-1,99,365.6,0
scaling: 1.7B,original-adequacy-05-0,92,340.3,0
scaling: 1.7B,original-adequacy-05-1,92,350.7,0
scaling: 1.7B,original-adequacy-06-0,108,332.2,0
scaling: 1.7B,original-adequacy-06-1,109,354.1,0
scaling: 1.7B,original-routing-01-0,134,324.5,0
scaling: 1.7B,original-routing-01-1,130,283.1,0
scaling: 1.7B,original-routing-02-0,135,357.4,0
scaling: 1.7B,original-routing-02-1,129,338.0,0
scaling: 1.7B,original-routing-03-0,134,347.9,0
scaling: 1.7B,original-routing-03-1,136,313.4,0
scaling: 1.7B,original-routing-04-0,130,284.4,0
scaling: 1.7B,original-routing-04-1,129,315.8,0
scaling: 1.7B,original-routing-05-0,131,293.7,0
scaling: 1.7B,original-routing-05-1,131,347.3,0
scaling: 1.7B,original-routing-06-0,130,288.0,0
scaling: 1.7B,original-routing-06-1,129,331.9,0
scaling: 1.7B,easy-intent-00,124,343.2,0
scaling: 1.7B,easy-intent-01,124,360.2,0
scaling: 1.7B,easy-intent-02,127,335.5,0
scaling: 1.7B,easy-intent-03,116,290.8,0
scaling: 1.7B,easy-intent-04,121,369.8,0
scaling: 1.7B,easy-intent-05,120,340.7,0
scaling: 1.7B,easy-intent-06,112,342.8,0
scaling: 1.7B,easy-intent-07,105,336.7,0
scaling: 1.7B,easy-intent-08,107,307.3,0
scaling: 1.7B,easy-intent-09,110,340.3,0
scaling: 1.7B,easy-intent-10,108,334.0,0
scaling: 1.7B,easy-intent-11,108,338.6,0
scaling: 1.7B,easy-fact-00,97,324.5,0
scaling: 1.7B,easy-fact-01,94,361.0,0
scaling: 1.7B,easy-fact-02,102,379.8,0
scaling: 1.7B,easy-fact-03,105,363.7,0
scaling: 1.7B,easy-fact-04,94,365.8,0
scaling: 1.7B,easy-fact-05,95,305.4,0
scaling: 1.7B,easy-fact-06,115,360.8,0
scaling: 1.7B,easy-fact-07,90,324.8,0
scaling: 1.7B,easy-fact-08,86,327.5,0
scaling: 1.7B,easy-fact-09,86,355.3,0
scaling: 1.7B,easy-fact-10,95,361.2,0
scaling: 1.7B,easy-fact-11,96,376.9,0
scaling: 1.7B,easy-extraction-00,80,343.1,0
scaling: 1.7B,easy-extraction-01,82,323.6,0
scaling: 1.7B,easy-extraction-02,83,354.8,0
scaling: 1.7B,easy-extraction-03,84,364.6,0
scaling: 1.7B,easy-extraction-04,82,360.3,0
scaling: 1.7B,easy-extraction-05,82,306.9,0
scaling: 1.7B,easy-extraction-06,75,366.5,0
scaling: 1.7B,easy-extraction-07,73,321.1,0
scaling: 1.7B,easy-extraction-08,82,298.5,0
scaling: 1.7B,easy-extraction-09,84,331.1,0
scaling: 1.7B,easy-extraction-10,80,333.2,0
scaling: 1.7B,easy-extraction-11,86,330.7,0
scaling: 1.7B,easy-tool_selection-00,115,366.4,0
scaling: 1.7B,easy-tool_selection-01,116,358.5,0
scaling: 1.7B,easy-tool_selection-02,119,345.8,0
scaling: 1.7B,easy-tool_selection-03,117,360.1,0
scaling: 1.7B,easy-tool_selection-04,113,346.1,0
scaling: 1.7B,easy-tool_selection-05,119,376.5,0
scaling: 1.7B,easy-tool_selection-06,123,364.3,0
scaling: 1.7B,easy-tool_selection-07,123,365.4,0
scaling: 1.7B,easy-tool_selection-08,122,341.1,0
scaling: 1.7B,easy-tool_selection-09,119,339.3,0
scaling: 1.7B,easy-tool_selection-10,119,344.7,0
scaling: 1.7B,easy-tool_selection-11,122,364.3,0
scaling: 1.7B,hard-opus-a-long_policy-01,1024,498.7,0
scaling: 1.7B,hard-opus-a-long_policy-04,1024,551.5,0
scaling: 1.7B,hard-opus-a-long_policy-08,1024,537.5,0
scaling: 1.7B,hard-opus-a-long_policy-09,1024,531.3,0
scaling: 1.7B,hard-opus-a-long_policy-11,1024,452.8,0
scaling: 1.7B,hard-opus-a-long_policy-13,1024,549.0,0
scaling: 1.7B,hard-opus-a-long_policy-17,1024,510.4,0
scaling: 1.7B,hard-opus-a-long_policy-19,1024,571.4,0
scaling: 1.7B,hard-opus-a-probability-03,426,357.6,0
scaling: 1.7B,hard-opus-a-probability-04,1024,576.3,0
scaling: 1.7B,hard-opus-a-probability-07,1024,581.8,0
scaling: 1.7B,hard-opus-a-probability-08,389,344.9,0
scaling: 1.7B,hard-opus-a-temporal_numeric-03,481,405.1,0
scaling: 1.7B,hard-opus-a-temporal_numeric-06,523,353.4,0
scaling: 1.7B,hard-opus-a-temporal_numeric-07,1024,555.4,0
scaling: 1.7B,hard-opus-a-temporal_numeric-09,514,386.8,0
scaling: 1.7B,hard-opus-a-temporal_numeric-12,592,407.7,0
scaling: 1.7B,hard-opus-b-ambiguous-02,523,408.8,0
scaling: 1.7B,hard-opus-b-ambiguous-03,477,382.0,0
scaling: 1.7B,hard-opus-b-ambiguous-07,482,384.7,0
scaling: 1.7B,hard-opus-b-ambiguous-09,620,383.0,0
scaling: 1.7B,hard-opus-b-ambiguous-10,505,378.3,0
scaling: 1.7B,hard-opus-b-ambiguous-11,450,397.1,0
scaling: 1.7B,hard-opus-b-ambiguous-13,580,389.1,0
scaling: 1.7B,hard-opus-b-multi_hop-03,1024,525.8,0
scaling: 1.7B,hard-opus-b-multi_hop-04,1024,258.5,0
scaling: 1.7B,hard-opus-b-multi_hop-05,1024,255.7,0
scaling: 1.7B,hard-opus-b-multi_hop-07,1024,456.4,0
scaling: 1.7B,hard-opus-b-multi_hop-08,1024,550.7,0
scaling: 1.7B,hard-opus-b-probability-01,1024,539.9,0
scaling: 1.7B,hard-opus-b-probability-02,480,390.9,0
scaling: 1.7B,hard-opus-b-probability-03,1024,530.9,0
scaling: 1.7B,hard-opus-b-probability-04,583,390.9,0
scaling: 1.7B,hard-opus-b-probability-06,974,551.2,0
scaling: 1.7B,hard-opus-b-tradeoff-01,820,465.9,0
scaling: 1.7B,hard-opus-b-tradeoff-03,744,362.7,0
scaling: 1.7B,hard-opus-b-tradeoff-06,783,463.7,0
scaling: 1.7B,hard-opus-b-tradeoff-07,693,437.1,0
scaling: 1.7B,hard-opus-b-tradeoff-08,601,427.1,0
scaling: 1.7B,hard-opus-b-tradeoff-12,571,403.8,0
scaling: 1.7B,hard-opus-c-long_policy-02,1024,556.0,0
scaling: 1.7B,hard-opus-c-long_policy-03,1024,528.3,0
scaling: 1.7B,hard-opus-c-long_policy-04,1024,543.1,0
scaling: 1.7B,hard-opus-c-long_policy-05,1024,558.8,0
scaling: 1.7B,hard-opus-c-long_policy-08,1024,537.9,0
scaling: 1.7B,hard-opus-c-long_policy-10,1024,547.8,0
scaling: 1.7B,hard-opus-c-long_policy-11,1024,565.0,0
scaling: 1.7B,hard-opus-c-probability-03,553,307.1,0
scaling: 1.7B,hard-opus-c-temporal_numeric-02,929,511.5,0
scaling: 1.7B,hard-opus-c-temporal_numeric-03,850,440.0,0
scaling: 1.7B,hard-opus-c-temporal_numeric-04,761,379.2,0
scaling: 1.7B,hard-opus-c-temporal_numeric-06,961,485.3,0
scaling: 1.7B,hard-opus-c-temporal_numeric-08,970,544.1,0
scaling: 1.7B,hard-opus-c-temporal_numeric-12,801,461.2,0
scaling: 1.7B,hard-sol-a-adversarial-01,273,359.0,0
scaling: 1.7B,hard-sol-a-adversarial-06,244,352.8,0
scaling: 1.7B,hard-sol-a-adversarial-07,289,365.2,0
scaling: 1.7B,hard-sol-a-adversarial-08,225,376.9,0
scaling: 1.7B,hard-sol-a-adversarial-09,233,359.8,0
scaling: 1.7B,hard-sol-a-adversarial-11,294,339.6,0
scaling: 1.7B,hard-sol-a-multi_hop-01,1024,475.2,0
scaling: 1.7B,hard-sol-a-multi_hop-02,1024,580.4,0
scaling: 1.7B,hard-sol-a-multi_hop-05,1024,561.0,0
scaling: 1.7B,hard-sol-a-multi_hop-07,1024,521.5,0
scaling: 1.7B,hard-sol-a-multi_hop-08,1024,556.1,0
scaling: 1.7B,hard-sol-a-multi_hop-09,1024,521.5,0
scaling: 1.7B,hard-sol-a-multi_hop-10,1024,552.5,0
scaling: 1.7B,hard-sol-a-multi_hop-12,1024,591.3,0
scaling: 1.7B,hard-sol-a-trap-02,295,339.5,0
scaling: 1.7B,hard-sol-a-trap-04,202,303.6,0
scaling: 1.7B,hard-sol-a-trap-05,344,349.3,0
scaling: 1.7B,hard-sol-a-trap-06,341,349.2,0
scaling: 1.7B,hard-sol-a-trap-08,268,337.8,0
scaling: 1.7B,hard-sol-a-trap-10,196,308.1,0
scaling: 1.7B,hard-sol-a-trap-13,209,350.7,0
scaling: 1.7B,hard-sol-a-trap-15,314,350.7,0
scaling: 1.7B,hard-sol-b-judge_hard-01,295,312.1,0
scaling: 1.7B,hard-sol-b-judge_hard-02,219,328.6,0
scaling: 1.7B,hard-sol-b-judge_hard-05,239,334.6,0
scaling: 1.7B,hard-sol-b-judge_hard-08,221,357.5,0
scaling: 1.7B,hard-sol-b-judge_hard-10,240,351.3,0
scaling: 1.7B,hard-sol-b-judge_hard-14,257,308.3,0
scaling: 1.7B,hard-sol-b-judge_hard-15,213,338.8,0
scaling: 1.7B,hard-sol-b-judge_hard-18,181,387.3,0
scaling: 1.7B,hard-sol-b-long_policy-01,1024,562.5,0
scaling: 1.7B,hard-sol-b-long_policy-02,1024,589.5,0
scaling: 1.7B,hard-sol-b-long_policy-05,1024,569.1,0
scaling: 1.7B,hard-sol-b-long_policy-06,1024,574.7,0
scaling: 1.7B,hard-sol-b-routing_hard-01,314,289.8,0
scaling: 1.7B,hard-sol-b-routing_hard-02,297,339.7,0
scaling: 1.7B,hard-sol-b-routing_hard-03,295,330.8,0
scaling: 1.7B,hard-sol-b-routing_hard-07,280,330.7,0
scaling: 1.7B,hard-sol-b-routing_hard-09,284,302.9,0
scaling: 1.7B,hard-sol-b-temporal_numeric-01,284,337.1,0
scaling: 1.7B,hard-sol-b-temporal_numeric-02,298,345.5,0
scaling: 1.7B,hard-sol-b-temporal_numeric-03,237,324.6,0
scaling: 1.7B,hard-sol-b-temporal_numeric-04,247,275.8,0
scaling: 1.7B,hard-sol-c-judge_hard-03,402,338.3,0
scaling: 1.7B,hard-sol-c-judge_hard-05,364,312.2,0
scaling: 1.7B,hard-sol-c-judge_hard-07,330,288.9,0
scaling: 1.7B,hard-sol-c-judge_hard-08,323,340.4,0
scaling: 1.7B,hard-sol-c-judge_hard-09,354,327.9,0
scaling: 1.7B,hard-sol-c-judge_hard-10,383,321.7,0
scaling: 1.7B,hard-sol-c-judge_hard-11,353,314.1,0
scaling: 1.7B,hard-sol-c-judge_hard-13,343,326.4,0
scaling: 1.7B,hard-sol-c-judge_hard-15,298,324.9,0
scaling: 1.7B,hard-sol-c-multi_hop-07,1024,573.2,0
scaling: 1.7B,hard-sol-c-multi_hop-09,1024,556.4,0
scaling: 1.7B,hard-sol-c-multi_hop-11,1024,498.9,0
scaling: 1.7B,hard-sol-c-multi_hop-12,526,367.7,0
scaling: 1.7B,hard-sol-c-multi_hop-13,1024,511.3,0
scaling: 4B,original-policy-01-0,114,773.4,1
scaling: 4B,original-policy-01-1,117,440.4,0
scaling: 4B,original-policy-02-0,103,453.1,0
scaling: 4B,original-policy-02-1,102,438.1,0
scaling: 4B,original-policy-03-0,105,427.1,0
scaling: 4B,original-policy-03-1,104,443.7,0
scaling: 4B,original-policy-04-0,111,465.9,0
scaling: 4B,original-policy-04-1,108,406.2,0
scaling: 4B,original-policy-05-0,115,464.5,0
scaling: 4B,original-policy-05-1,107,443.0,0
scaling: 4B,original-policy-06-0,117,385.2,0
scaling: 4B,original-policy-06-1,107,448.8,0
scaling: 4B,original-intent-01-0,104,426.1,0
scaling: 4B,original-intent-01-1,105,411.1,0
scaling: 4B,original-intent-02-0,105,427.5,0
scaling: 4B,original-intent-02-1,104,453.3,0
scaling: 4B,original-intent-03-0,106,436.3,0
scaling: 4B,original-intent-03-1,104,440.3,0
scaling: 4B,original-intent-04-0,109,424.2,0
scaling: 4B,original-intent-04-1,104,440.9,0
scaling: 4B,original-intent-05-0,104,443.9,0
scaling: 4B,original-intent-05-1,103,397.2,0
scaling: 4B,original-intent-06-0,102,440.3,0
scaling: 4B,original-intent-06-1,107,446.8,0
scaling: 4B,original-ordinal-01-0,122,385.1,0
scaling: 4B,original-ordinal-01-1,123,410.6,0
scaling: 4B,original-ordinal-02-0,126,437.7,0
scaling: 4B,original-ordinal-02-1,127,405.4,0
scaling: 4B,original-ordinal-03-0,123,421.6,0
scaling: 4B,original-ordinal-03-1,125,470.3,0
scaling: 4B,original-ordinal-04-0,125,436.3,0
scaling: 4B,original-ordinal-04-1,124,468.2,0
scaling: 4B,original-ordinal-05-0,128,445.9,0
scaling: 4B,original-ordinal-05-1,127,434.7,0
scaling: 4B,original-ordinal-06-0,128,459.2,0
scaling: 4B,original-ordinal-06-1,135,471.0,0
scaling: 4B,original-extraction-01-0,93,470.1,0
scaling: 4B,original-extraction-01-1,95,457.0,0
scaling: 4B,original-extraction-02-0,96,420.6,0
scaling: 4B,original-extraction-02-1,95,457.9,0
scaling: 4B,original-extraction-03-0,99,442.7,0
scaling: 4B,original-extraction-03-1,98,427.1,0
scaling: 4B,original-extraction-04-0,96,457.1,0
scaling: 4B,original-extraction-04-1,93,476.3,0
scaling: 4B,original-extraction-05-0,96,449.7,0
scaling: 4B,original-extraction-05-1,92,365.3,0
scaling: 4B,original-extraction-06-0,96,456.2,0
scaling: 4B,original-extraction-06-1,95,433.4,0
scaling: 4B,original-adequacy-01-0,99,412.2,0
scaling: 4B,original-adequacy-01-1,95,443.5,0
scaling: 4B,original-adequacy-02-0,96,445.7,0
scaling: 4B,original-adequacy-02-1,96,431.3,0
scaling: 4B,original-adequacy-03-0,98,379.8,0
scaling: 4B,original-adequacy-03-1,102,472.0,0
scaling: 4B,original-adequacy-04-0,102,430.5,0
scaling: 4B,original-adequacy-04-1,99,464.5,0
scaling: 4B,original-adequacy-05-0,92,419.6,0
scaling: 4B,original-adequacy-05-1,92,477.6,0
scaling: 4B,original-adequacy-06-0,108,478.5,0
scaling: 4B,original-adequacy-06-1,109,459.0,0
scaling: 4B,original-routing-01-0,134,398.0,0
scaling: 4B,original-routing-01-1,130,429.1,0
scaling: 4B,original-routing-02-0,135,455.4,0
scaling: 4B,original-routing-02-1,129,378.5,0
scaling: 4B,original-routing-03-0,134,446.0,0
scaling: 4B,original-routing-03-1,136,454.0,0
scaling: 4B,original-routing-04-0,130,430.8,0
scaling: 4B,original-routing-04-1,129,418.3,0
scaling: 4B,original-routing-05-0,131,456.9,0
scaling: 4B,original-routing-05-1,131,448.0,0
scaling: 4B,original-routing-06-0,130,408.0,0
scaling: 4B,original-routing-06-1,129,441.4,0
scaling: 4B,easy-intent-00,124,461.2,0
scaling: 4B,easy-intent-01,124,449.6,0
scaling: 4B,easy-intent-02,127,401.1,0
scaling: 4B,easy-intent-03,116,449.7,0
scaling: 4B,easy-intent-04,121,456.7,0
scaling: 4B,easy-intent-05,120,419.7,0
scaling: 4B,easy-intent-06,112,432.2,0
scaling: 4B,easy-intent-07,105,441.9,0
scaling: 4B,easy-intent-08,107,462.7,0
scaling: 4B,easy-intent-09,110,382.7,0
scaling: 4B,easy-intent-10,108,423.3,0
scaling: 4B,easy-intent-11,108,405.1,0
scaling: 4B,easy-fact-00,97,426.3,0
scaling: 4B,easy-fact-01,94,474.8,0
scaling: 4B,easy-fact-02,102,439.7,0
scaling: 4B,easy-fact-03,105,393.1,0
scaling: 4B,easy-fact-04,94,330.8,0
scaling: 4B,easy-fact-05,95,404.2,0
scaling: 4B,easy-fact-06,115,431.9,0
scaling: 4B,easy-fact-07,90,469.1,0
scaling: 4B,easy-fact-08,86,441.4,0
scaling: 4B,easy-fact-09,86,390.2,0
scaling: 4B,easy-fact-10,95,470.5,0
scaling: 4B,easy-fact-11,96,443.2,0
scaling: 4B,easy-extraction-00,80,475.4,0
scaling: 4B,easy-extraction-01,82,442.9,0
scaling: 4B,easy-extraction-02,83,454.5,0
scaling: 4B,easy-extraction-03,84,367.4,0
scaling: 4B,easy-extraction-04,82,423.1,0
scaling: 4B,easy-extraction-05,82,418.2,0
scaling: 4B,easy-extraction-06,75,357.9,0
scaling: 4B,easy-extraction-07,73,395.6,0
scaling: 4B,easy-extraction-08,82,427.8,0
scaling: 4B,easy-extraction-09,84,437.7,0
scaling: 4B,easy-extraction-10,80,441.4,0
scaling: 4B,easy-extraction-11,86,426.7,0
scaling: 4B,easy-tool_selection-00,115,404.3,0
scaling: 4B,easy-tool_selection-01,116,455.4,0
scaling: 4B,easy-tool_selection-02,119,453.7,0
scaling: 4B,easy-tool_selection-03,117,464.6,0
scaling: 4B,easy-tool_selection-04,113,439.3,0
scaling: 4B,easy-tool_selection-05,119,483.7,0
scaling: 4B,easy-tool_selection-06,123,440.9,0
scaling: 4B,easy-tool_selection-07,123,439.2,0
scaling: 4B,easy-tool_selection-08,122,464.6,0
scaling: 4B,easy-tool_selection-09,119,459.0,0
scaling: 4B,easy-tool_selection-10,119,437.6,0
scaling: 4B,easy-tool_selection-11,122,410.9,0
scaling: 4B,hard-opus-a-long_policy-01,1024,920.4,0
scaling: 4B,hard-opus-a-long_policy-04,1024,912.8,0
scaling: 4B,hard-opus-a-long_policy-08,1024,937.0,0
scaling: 4B,hard-opus-a-long_policy-09,1024,1019.1,0
scaling: 4B,hard-opus-a-long_policy-11,1024,942.9,0
scaling: 4B,hard-opus-a-long_policy-13,1024,1056.3,0
scaling: 4B,hard-opus-a-long_policy-17,1024,947.2,0
scaling: 4B,hard-opus-a-long_policy-19,1024,1083.2,0
scaling: 4B,hard-opus-a-probability-03,426,582.9,0
scaling: 4B,hard-opus-a-probability-04,1024,1067.8,0
scaling: 4B,hard-opus-a-probability-07,1024,1050.7,0
scaling: 4B,hard-opus-a-probability-08,389,524.1,0
scaling: 4B,hard-opus-a-temporal_numeric-03,481,571.5,0
scaling: 4B,hard-opus-a-temporal_numeric-06,523,535.5,0
scaling: 4B,hard-opus-a-temporal_numeric-07,1024,1035.5,0
scaling: 4B,hard-opus-a-temporal_numeric-09,514,530.0,0
scaling: 4B,hard-opus-a-temporal_numeric-12,592,637.6,0
scaling: 4B,hard-opus-b-ambiguous-02,523,593.9,0
scaling: 4B,hard-opus-b-ambiguous-03,477,528.4,0
scaling: 4B,hard-opus-b-ambiguous-07,482,587.2,0
scaling: 4B,hard-opus-b-ambiguous-09,620,716.1,0
scaling: 4B,hard-opus-b-ambiguous-10,505,603.2,0
scaling: 4B,hard-opus-b-ambiguous-11,450,535.6,0
scaling: 4B,hard-opus-b-ambiguous-13,580,630.1,0
scaling: 4B,hard-opus-b-multi_hop-03,1024,1089.6,0
scaling: 4B,hard-opus-b-multi_hop-04,1024,1092.3,0
scaling: 4B,hard-opus-b-multi_hop-05,1024,993.9,0
scaling: 4B,hard-opus-b-multi_hop-07,1024,1003.1,0
scaling: 4B,hard-opus-b-multi_hop-08,1024,987.2,0
scaling: 4B,hard-opus-b-probability-01,1024,1075.8,0
scaling: 4B,hard-opus-b-probability-02,480,571.0,0
scaling: 4B,hard-opus-b-probability-03,1024,949.3,0
scaling: 4B,hard-opus-b-probability-04,583,593.7,0
scaling: 4B,hard-opus-b-probability-06,974,991.3,0
scaling: 4B,hard-opus-b-tradeoff-01,820,829.1,0
scaling: 4B,hard-opus-b-tradeoff-03,744,718.8,0
scaling: 4B,hard-opus-b-tradeoff-06,783,833.4,0
scaling: 4B,hard-opus-b-tradeoff-07,693,724.4,0
scaling: 4B,hard-opus-b-tradeoff-08,601,576.0,0
scaling: 4B,hard-opus-b-tradeoff-12,571,644.7,0
scaling: 4B,hard-opus-c-long_policy-02,1024,1036.8,0
scaling: 4B,hard-opus-c-long_policy-03,1024,923.7,0
scaling: 4B,hard-opus-c-long_policy-04,1024,1035.2,0
scaling: 4B,hard-opus-c-long_policy-05,1024,955.7,0
scaling: 4B,hard-opus-c-long_policy-08,1024,1023.0,0
scaling: 4B,hard-opus-c-long_policy-10,1024,901.4,0
scaling: 4B,hard-opus-c-long_policy-11,1024,1050.5,0
scaling: 4B,hard-opus-c-probability-03,553,548.6,0
scaling: 4B,hard-opus-c-temporal_numeric-02,929,965.5,0
scaling: 4B,hard-opus-c-temporal_numeric-03,850,874.6,0
scaling: 4B,hard-opus-c-temporal_numeric-04,761,675.0,0
scaling: 4B,hard-opus-c-temporal_numeric-06,961,906.4,0
scaling: 4B,hard-opus-c-temporal_numeric-08,970,1014.4,0
scaling: 4B,hard-opus-c-temporal_numeric-12,801,800.3,0
scaling: 4B,hard-sol-a-adversarial-01,273,512.4,0
scaling: 4B,hard-sol-a-adversarial-06,244,490.2,0
scaling: 4B,hard-sol-a-adversarial-07,289,502.2,0
scaling: 4B,hard-sol-a-adversarial-08,225,490.3,0
scaling: 4B,hard-sol-a-adversarial-09,233,491.9,0
scaling: 4B,hard-sol-a-adversarial-11,294,464.8,0
scaling: 4B,hard-sol-a-multi_hop-01,1024,1118.0,0
scaling: 4B,hard-sol-a-multi_hop-02,1024,1114.5,0
scaling: 4B,hard-sol-a-multi_hop-05,1024,1008.8,0
scaling: 4B,hard-sol-a-multi_hop-07,1024,1076.0,0
scaling: 4B,hard-sol-a-multi_hop-08,1024,1026.3,0
scaling: 4B,hard-sol-a-multi_hop-09,1024,1057.5,0
scaling: 4B,hard-sol-a-multi_hop-10,1024,1087.7,0
scaling: 4B,hard-sol-a-multi_hop-12,1024,1008.2,0
scaling: 4B,hard-sol-a-trap-02,295,481.8,0
scaling: 4B,hard-sol-a-trap-04,202,458.8,0
scaling: 4B,hard-sol-a-trap-05,344,441.2,0
scaling: 4B,hard-sol-a-trap-06,341,484.0,0
scaling: 4B,hard-sol-a-trap-08,268,479.7,0
scaling: 4B,hard-sol-a-trap-10,196,427.7,0
scaling: 4B,hard-sol-a-trap-13,209,450.8,0
scaling: 4B,hard-sol-a-trap-15,314,472.8,0
scaling: 4B,hard-sol-b-judge_hard-01,295,442.1,0
scaling: 4B,hard-sol-b-judge_hard-02,219,468.8,0
scaling: 4B,hard-sol-b-judge_hard-05,239,451.0,0
scaling: 4B,hard-sol-b-judge_hard-08,221,464.6,0
scaling: 4B,hard-sol-b-judge_hard-10,240,467.7,0
scaling: 4B,hard-sol-b-judge_hard-14,257,504.1,0
scaling: 4B,hard-sol-b-judge_hard-15,213,452.7,0
scaling: 4B,hard-sol-b-judge_hard-18,181,443.5,0
scaling: 4B,hard-sol-b-long_policy-01,1024,1089.2,0
scaling: 4B,hard-sol-b-long_policy-02,1024,1137.7,0
scaling: 4B,hard-sol-b-long_policy-05,1024,1079.9,0
scaling: 4B,hard-sol-b-long_policy-06,1024,1012.0,0
scaling: 4B,hard-sol-b-routing_hard-01,314,501.9,0
scaling: 4B,hard-sol-b-routing_hard-02,297,503.7,0
scaling: 4B,hard-sol-b-routing_hard-03,295,482.9,0
scaling: 4B,hard-sol-b-routing_hard-07,280,443.6,0
scaling: 4B,hard-sol-b-routing_hard-09,284,482.3,0
scaling: 4B,hard-sol-b-temporal_numeric-01,284,474.3,0
scaling: 4B,hard-sol-b-temporal_numeric-02,298,474.9,0
scaling: 4B,hard-sol-b-temporal_numeric-03,237,479.5,0
scaling: 4B,hard-sol-b-temporal_numeric-04,247,476.3,0
scaling: 4B,hard-sol-c-judge_hard-03,402,462.6,0
scaling: 4B,hard-sol-c-judge_hard-05,364,543.8,0
scaling: 4B,hard-sol-c-judge_hard-07,330,466.5,0
scaling: 4B,hard-sol-c-judge_hard-08,323,465.0,0
scaling: 4B,hard-sol-c-judge_hard-09,354,516.1,0
scaling: 4B,hard-sol-c-judge_hard-10,383,319.6,0
scaling: 4B,hard-sol-c-judge_hard-11,353,382.2,0
scaling: 4B,hard-sol-c-judge_hard-13,343,452.3,0
scaling: 4B,hard-sol-c-judge_hard-15,298,513.6,0
scaling: 4B,hard-sol-c-multi_hop-07,1024,1066.8,0
scaling: 4B,hard-sol-c-multi_hop-09,1024,1066.7,0
scaling: 4B,hard-sol-c-multi_hop-11,1024,1021.5,0
scaling: 4B,hard-sol-c-multi_hop-12,526,633.6,0
scaling: 4B,hard-sol-c-multi_hop-13,1024,1039.2,0
v14 prefix cache,original-policy-01-0,125,8419.4,1
v14 prefix cache,original-policy-01-1,128,197.5,0
v14 prefix cache,original-policy-02-0,114,219.7,0
v14 prefix cache,original-policy-02-1,113,194.1,0
v14 prefix cache,original-policy-03-0,116,200.5,0
v14 prefix cache,original-policy-03-1,115,202.9,0
v14 prefix cache,original-policy-04-0,122,209.0,0
v14 prefix cache,original-policy-04-1,119,206.5,0
v14 prefix cache,original-policy-05-0,126,187.4,0
v14 prefix cache,original-policy-05-1,118,208.9,0
v14 prefix cache,original-policy-06-0,128,204.1,0
v14 prefix cache,original-policy-06-1,118,199.1,0
v14 prefix cache,original-intent-01-0,113,190.4,0
v14 prefix cache,original-intent-01-1,114,191.1,0
v14 prefix cache,original-intent-02-0,114,203.9,0
v14 prefix cache,original-intent-02-1,113,203.0,0
v14 prefix cache,original-intent-03-0,115,195.1,0
v14 prefix cache,original-intent-03-1,113,209.7,0
v14 prefix cache,original-intent-04-0,118,212.2,0
v14 prefix cache,original-intent-04-1,113,191.6,0
v14 prefix cache,original-intent-05-0,113,192.8,0
v14 prefix cache,original-intent-05-1,112,224.9,0
v14 prefix cache,original-intent-06-0,111,193.5,0
v14 prefix cache,original-intent-06-1,116,186.8,0
v14 prefix cache,original-ordinal-01-0,131,196.0,0
v14 prefix cache,original-ordinal-01-1,132,207.6,0
v14 prefix cache,original-ordinal-02-0,135,209.7,0
v14 prefix cache,original-ordinal-02-1,136,189.5,0
v14 prefix cache,original-ordinal-03-0,132,197.2,0
v14 prefix cache,original-ordinal-03-1,134,207.9,0
v14 prefix cache,original-ordinal-04-0,134,210.5,0
v14 prefix cache,original-ordinal-04-1,133,189.2,0
v14 prefix cache,original-ordinal-05-0,137,197.9,0
v14 prefix cache,original-ordinal-05-1,136,204.1,0
v14 prefix cache,original-ordinal-06-0,137,185.2,0
v14 prefix cache,original-ordinal-06-1,144,188.7,0
v14 prefix cache,original-extraction-01-0,102,212.6,0
v14 prefix cache,original-extraction-01-1,104,218.4,0
v14 prefix cache,original-extraction-02-0,105,194.5,0
v14 prefix cache,original-extraction-02-1,104,192.5,0
v14 prefix cache,original-extraction-03-0,108,191.5,0
v14 prefix cache,original-extraction-03-1,107,194.2,0
v14 prefix cache,original-extraction-04-0,105,192.8,0
v14 prefix cache,original-extraction-04-1,102,190.8,0
v14 prefix cache,original-extraction-05-0,105,194.1,0
v14 prefix cache,original-extraction-05-1,101,207.9,0
v14 prefix cache,original-extraction-06-0,105,193.2,0
v14 prefix cache,original-extraction-06-1,104,209.8,0
v14 prefix cache,original-adequacy-01-0,107,189.8,0
v14 prefix cache,original-adequacy-01-1,103,190.7,0
v14 prefix cache,original-adequacy-02-0,104,216.6,0
v14 prefix cache,original-adequacy-02-1,105,202.0,0
v14 prefix cache,original-adequacy-03-0,107,203.0,0
v14 prefix cache,original-adequacy-03-1,111,204.6,0
v14 prefix cache,original-adequacy-04-0,111,194.0,0
v14 prefix cache,original-adequacy-04-1,108,205.4,0
v14 prefix cache,original-adequacy-05-0,100,210.3,0
v14 prefix cache,original-adequacy-05-1,101,217.2,0
v14 prefix cache,original-adequacy-06-0,116,187.6,0
v14 prefix cache,original-adequacy-06-1,118,189.1,0
v14 prefix cache,original-routing-01-0,143,190.1,0
v14 prefix cache,original-routing-01-1,139,188.1,0
v14 prefix cache,original-routing-02-0,144,208.7,0
v14 prefix cache,original-routing-02-1,138,194.0,0
v14 prefix cache,original-routing-03-0,143,194.1,0
v14 prefix cache,original-routing-03-1,145,209.5,0
v14 prefix cache,original-routing-04-0,139,208.3,0
v14 prefix cache,original-routing-04-1,138,208.7,0
v14 prefix cache,original-routing-05-0,140,185.8,0
v14 prefix cache,original-routing-05-1,140,187.5,0
v14 prefix cache,original-routing-06-0,139,192.7,0
v14 prefix cache,original-routing-06-1,138,190.4,0
v14 prefix cache,easy-intent-00,133,206.9,0
v14 prefix cache,easy-intent-01,133,191.6,0
v14 prefix cache,easy-intent-02,136,206.9,0
v14 prefix cache,easy-intent-03,125,189.8,0
v14 prefix cache,easy-intent-04,130,202.9,0
v14 prefix cache,easy-intent-05,129,190.3,0
v14 prefix cache,easy-intent-06,121,203.6,0
v14 prefix cache,easy-intent-07,114,202.3,0
v14 prefix cache,easy-intent-08,116,207.7,0
v14 prefix cache,easy-intent-09,119,192.7,0
v14 prefix cache,easy-intent-10,117,190.6,0
v14 prefix cache,easy-intent-11,117,220.5,0
v14 prefix cache,easy-fact-00,105,198.5,0
v14 prefix cache,easy-fact-01,103,208.6,0
v14 prefix cache,easy-fact-02,111,193.3,0
v14 prefix cache,easy-fact-03,114,187.2,0
v14 prefix cache,easy-fact-04,103,190.6,0
v14 prefix cache,easy-fact-05,104,194.0,0
v14 prefix cache,easy-fact-06,124,204.3,0
v14 prefix cache,easy-fact-07,99,191.1,0
v14 prefix cache,easy-fact-08,95,203.0,0
v14 prefix cache,easy-fact-09,95,194.2,0
v14 prefix cache,easy-fact-10,104,197.1,0
v14 prefix cache,easy-fact-11,105,202.0,0
v14 prefix cache,easy-extraction-00,89,188.8,0
v14 prefix cache,easy-extraction-01,91,194.8,0
v14 prefix cache,easy-extraction-02,92,192.5,0
v14 prefix cache,easy-extraction-03,93,190.4,0
v14 prefix cache,easy-extraction-04,91,185.8,0
v14 prefix cache,easy-extraction-05,91,189.4,0
v14 prefix cache,easy-extraction-06,84,207.6,0
v14 prefix cache,easy-extraction-07,82,194.3,0
v14 prefix cache,easy-extraction-08,91,190.8,0
v14 prefix cache,easy-extraction-09,93,190.8,0
v14 prefix cache,easy-extraction-10,89,208.8,0
v14 prefix cache,easy-extraction-11,95,212.2,0
v14 prefix cache,easy-tool_selection-00,124,205.3,0
v14 prefix cache,easy-tool_selection-01,125,188.9,0
v14 prefix cache,easy-tool_selection-02,128,189.0,0
v14 prefix cache,easy-tool_selection-03,126,186.2,0
v14 prefix cache,easy-tool_selection-04,122,188.6,0
v14 prefix cache,easy-tool_selection-05,128,205.0,0
v14 prefix cache,easy-tool_selection-06,132,201.5,0
v14 prefix cache,easy-tool_selection-07,132,189.4,0
v14 prefix cache,easy-tool_selection-08,131,188.4,0
v14 prefix cache,easy-tool_selection-09,128,198.7,0
v14 prefix cache,easy-tool_selection-10,128,207.1,0
v14 prefix cache,easy-tool_selection-11,131,200.1,0
v14 prefix cache,hard-opus-a-long_policy-01,3072,465.4,0
v14 prefix cache,hard-opus-a-long_policy-04,2628,337.6,0
v14 prefix cache,hard-opus-a-long_policy-08,2402,329.7,0
v14 prefix cache,hard-opus-a-long_policy-09,2530,348.2,0
v14 prefix cache,hard-opus-a-long_policy-11,2349,329.2,0
v14 prefix cache,hard-opus-a-long_policy-13,2441,323.0,0
v14 prefix cache,hard-opus-a-long_policy-17,2363,329.9,0
v14 prefix cache,hard-opus-a-long_policy-19,2340,338.0,0
v14 prefix cache,hard-opus-a-probability-03,444,233.0,0
v14 prefix cache,hard-opus-a-probability-04,1107,232.7,0
v14 prefix cache,hard-opus-a-probability-07,1221,222.4,0
v14 prefix cache,hard-opus-a-probability-08,406,200.0,0
v14 prefix cache,hard-opus-a-temporal_numeric-03,502,194.2,0
v14 prefix cache,hard-opus-a-temporal_numeric-06,537,203.9,0
v14 prefix cache,hard-opus-a-temporal_numeric-07,1308,223.1,0
v14 prefix cache,hard-opus-a-temporal_numeric-09,534,198.0,0
v14 prefix cache,hard-opus-a-temporal_numeric-12,607,212.3,0
v14 prefix cache,hard-opus-b-ambiguous-02,543,199.1,0
v14 prefix cache,hard-opus-b-ambiguous-03,497,197.0,0
v14 prefix cache,hard-opus-b-ambiguous-07,500,210.0,0
v14 prefix cache,hard-opus-b-ambiguous-09,638,227.0,0
v14 prefix cache,hard-opus-b-ambiguous-10,565,198.7,0
v14 prefix cache,hard-opus-b-ambiguous-11,467,209.3,0
v14 prefix cache,hard-opus-b-ambiguous-13,605,195.9,0
v14 prefix cache,hard-opus-b-multi_hop-03,2968,377.0,0
v14 prefix cache,hard-opus-b-multi_hop-04,2352,328.6,0
v14 prefix cache,hard-opus-b-multi_hop-05,2603,329.8,0
v14 prefix cache,hard-opus-b-multi_hop-07,2647,328.2,0
v14 prefix cache,hard-opus-b-multi_hop-08,2327,318.6,0
v14 prefix cache,hard-opus-b-probability-01,1922,282.9,0
v14 prefix cache,hard-opus-b-probability-02,503,206.9,0
v14 prefix cache,hard-opus-b-probability-03,1228,220.9,0
v14 prefix cache,hard-opus-b-probability-04,605,206.3,0
v14 prefix cache,hard-opus-b-probability-06,1022,221.2,0
v14 prefix cache,hard-opus-b-tradeoff-01,845,221.9,0
v14 prefix cache,hard-opus-b-tradeoff-03,763,194.6,0
v14 prefix cache,hard-opus-b-tradeoff-06,805,211.4,0
v14 prefix cache,hard-opus-b-tradeoff-07,723,201.9,0
v14 prefix cache,hard-opus-b-tradeoff-08,616,198.5,0
v14 prefix cache,hard-opus-b-tradeoff-12,598,194.2,0
v14 prefix cache,hard-opus-c-long_policy-02,3072,397.2,0
v14 prefix cache,hard-opus-c-long_policy-03,3072,381.4,0
v14 prefix cache,hard-opus-c-long_policy-04,3072,389.0,0
v14 prefix cache,hard-opus-c-long_policy-05,3072,380.4,0
v14 prefix cache,hard-opus-c-long_policy-08,3072,377.3,0
v14 prefix cache,hard-opus-c-long_policy-10,3072,387.8,0
v14 prefix cache,hard-opus-c-long_policy-11,3072,400.5,0
v14 prefix cache,hard-opus-c-probability-03,553,190.4,0
v14 prefix cache,hard-opus-c-temporal_numeric-02,951,219.4,0
v14 prefix cache,hard-opus-c-temporal_numeric-03,874,207.4,0
v14 prefix cache,hard-opus-c-temporal_numeric-04,789,188.2,0
v14 prefix cache,hard-opus-c-temporal_numeric-06,992,222.0,0
v14 prefix cache,hard-opus-c-temporal_numeric-08,993,202.7,0
v14 prefix cache,hard-opus-c-temporal_numeric-12,827,204.2,0
v14 prefix cache,hard-sol-a-adversarial-01,287,195.2,0
v14 prefix cache,hard-sol-a-adversarial-06,256,198.0,0
v14 prefix cache,hard-sol-a-adversarial-07,303,208.6,0
v14 prefix cache,hard-sol-a-adversarial-08,233,201.7,0
v14 prefix cache,hard-sol-a-adversarial-09,247,210.1,0
v14 prefix cache,hard-sol-a-adversarial-11,308,219.6,0
v14 prefix cache,hard-sol-a-multi_hop-01,2717,389.2,0
v14 prefix cache,hard-sol-a-multi_hop-02,2765,382.0,0
v14 prefix cache,hard-sol-a-multi_hop-05,2677,377.2,0
v14 prefix cache,hard-sol-a-multi_hop-07,2658,364.7,0
v14 prefix cache,hard-sol-a-multi_hop-08,2628,332.3,0
v14 prefix cache,hard-sol-a-multi_hop-09,2642,334.7,0
v14 prefix cache,hard-sol-a-multi_hop-10,2706,379.2,0
v14 prefix cache,hard-sol-a-multi_hop-12,2653,333.7,0
v14 prefix cache,hard-sol-a-trap-02,307,203.2,0
v14 prefix cache,hard-sol-a-trap-04,213,215.1,0
v14 prefix cache,hard-sol-a-trap-05,358,214.7,0
v14 prefix cache,hard-sol-a-trap-06,355,205.7,0
v14 prefix cache,hard-sol-a-trap-08,282,201.3,0
v14 prefix cache,hard-sol-a-trap-10,209,200.4,0
v14 prefix cache,hard-sol-a-trap-13,221,190.2,0
v14 prefix cache,hard-sol-a-trap-15,323,212.5,0
v14 prefix cache,hard-sol-b-judge_hard-01,309,198.7,0
v14 prefix cache,hard-sol-b-judge_hard-02,233,216.4,0
v14 prefix cache,hard-sol-b-judge_hard-05,253,210.2,0
v14 prefix cache,hard-sol-b-judge_hard-08,235,211.4,0
v14 prefix cache,hard-sol-b-judge_hard-10,254,193.2,0
v14 prefix cache,hard-sol-b-judge_hard-14,271,197.2,0
v14 prefix cache,hard-sol-b-judge_hard-15,227,208.7,0
v14 prefix cache,hard-sol-b-judge_hard-18,195,199.4,0
v14 prefix cache,hard-sol-b-long_policy-01,2745,441.6,0
v14 prefix cache,hard-sol-b-long_policy-02,2596,337.1,0
v14 prefix cache,hard-sol-b-long_policy-05,2557,350.5,0
v14 prefix cache,hard-sol-b-long_policy-06,2640,344.6,0
v14 prefix cache,hard-sol-b-routing_hard-01,337,204.3,0
v14 prefix cache,hard-sol-b-routing_hard-02,320,190.0,0
v14 prefix cache,hard-sol-b-routing_hard-03,318,199.4,0
v14 prefix cache,hard-sol-b-routing_hard-07,301,210.6,0
v14 prefix cache,hard-sol-b-routing_hard-09,307,193.5,0
v14 prefix cache,hard-sol-b-temporal_numeric-01,300,190.0,0
v14 prefix cache,hard-sol-b-temporal_numeric-02,313,218.2,0
v14 prefix cache,hard-sol-b-temporal_numeric-03,252,191.9,0
v14 prefix cache,hard-sol-b-temporal_numeric-04,262,192.4,0
v14 prefix cache,hard-sol-c-judge_hard-03,416,290.4,0
v14 prefix cache,hard-sol-c-judge_hard-05,378,203.7,0
v14 prefix cache,hard-sol-c-judge_hard-07,342,211.8,0
v14 prefix cache,hard-sol-c-judge_hard-08,337,208.1,0
v14 prefix cache,hard-sol-c-judge_hard-09,367,221.8,0
v14 prefix cache,hard-sol-c-judge_hard-10,396,222.6,0
v14 prefix cache,hard-sol-c-judge_hard-11,367,196.1,0
v14 prefix cache,hard-sol-c-judge_hard-13,357,210.8,0
v14 prefix cache,hard-sol-c-judge_hard-15,312,206.6,0
v14 prefix cache,hard-sol-c-multi_hop-07,2534,375.0,0
v14 prefix cache,hard-sol-c-multi_hop-09,2553,321.8,0
v14 prefix cache,hard-sol-c-multi_hop-11,2631,343.8,0
v14 prefix cache,hard-sol-c-multi_hop-12,550,205.9,0
v14 prefix cache,hard-sol-c-multi_hop-13,2602,337.2,0
decider-2b v10,original-policy-01-0,93,97.1,1
decider-2b v10,original-policy-01-1,96,71.5,0
decider-2b v10,original-policy-02-0,82,47.3,0
decider-2b v10,original-policy-02-1,81,45.5,0
decider-2b v10,original-policy-03-0,84,61.5,0
decider-2b v10,original-policy-03-1,83,45.7,0
decider-2b v10,original-policy-04-0,90,32.7,0
decider-2b v10,original-policy-04-1,87,32.7,0
decider-2b v10,original-policy-05-0,94,30.2,0
decider-2b v10,original-policy-05-1,86,31.3,0
decider-2b v10,original-policy-06-0,96,40.8,0
decider-2b v10,original-policy-06-1,86,31.0,0
decider-2b v10,original-intent-01-0,88,41.7,0
decider-2b v10,original-intent-01-1,89,29.8,0
decider-2b v10,original-intent-02-0,89,29.5,0
decider-2b v10,original-intent-02-1,88,36.2,0
decider-2b v10,original-intent-03-0,90,36.5,0
decider-2b v10,original-intent-03-1,88,40.9,0
decider-2b v10,original-intent-04-0,93,26.9,0
decider-2b v10,original-intent-04-1,88,36.2,0
decider-2b v10,original-intent-05-0,88,42.2,0
decider-2b v10,original-intent-05-1,87,35.6,0
decider-2b v10,original-intent-06-0,86,27.0,0
decider-2b v10,original-intent-06-1,91,41.3,0
decider-2b v10,original-ordinal-01-0,161,72.7,0
decider-2b v10,original-ordinal-01-1,163,60.0,0
decider-2b v10,original-ordinal-02-0,165,71.2,0
decider-2b v10,original-ordinal-02-1,166,42.3,0
decider-2b v10,original-ordinal-03-0,162,55.7,0
decider-2b v10,original-ordinal-03-1,164,42.0,0
decider-2b v10,original-ordinal-04-0,164,51.8,0
decider-2b v10,original-ordinal-04-1,163,42.6,0
decider-2b v10,original-ordinal-05-0,167,57.0,0
decider-2b v10,original-ordinal-05-1,166,52.4,0
decider-2b v10,original-ordinal-06-0,167,49.7,0
decider-2b v10,original-ordinal-06-1,174,53.3,0
decider-2b v10,original-extraction-01-0,77,33.6,0
decider-2b v10,original-extraction-01-1,79,18.0,0
decider-2b v10,original-extraction-02-0,80,17.6,0
decider-2b v10,original-extraction-02-1,79,18.2,0
decider-2b v10,original-extraction-03-0,83,18.1,0
decider-2b v10,original-extraction-03-1,82,17.8,0
decider-2b v10,original-extraction-04-0,80,18.5,0
decider-2b v10,original-extraction-04-1,77,29.3,0
decider-2b v10,original-extraction-05-0,80,17.8,0
decider-2b v10,original-extraction-05-1,76,34.4,0
decider-2b v10,original-extraction-06-0,80,17.6,0
decider-2b v10,original-extraction-06-1,79,18.5,0
decider-2b v10,original-adequacy-01-0,75,25.7,0
decider-2b v10,original-adequacy-01-1,71,18.2,0
decider-2b v10,original-adequacy-02-0,72,27.1,0
decider-2b v10,original-adequacy-02-1,73,18.0,0
decider-2b v10,original-adequacy-03-0,75,32.0,0
decider-2b v10,original-adequacy-03-1,79,17.9,0
decider-2b v10,original-adequacy-04-0,79,35.5,0
decider-2b v10,original-adequacy-04-1,76,26.9,0
decider-2b v10,original-adequacy-05-0,68,25.5,0
decider-2b v10,original-adequacy-05-1,69,33.9,0
decider-2b v10,original-adequacy-06-0,84,31.6,0
decider-2b v10,original-adequacy-06-1,86,19.3,0
decider-2b v10,original-routing-01-0,118,29.0,0
decider-2b v10,original-routing-01-1,114,19.2,0
decider-2b v10,original-routing-02-0,119,18.7,0
decider-2b v10,original-routing-02-1,113,27.6,0
decider-2b v10,original-routing-03-0,118,19.4,0
decider-2b v10,original-routing-03-1,120,18.9,0
decider-2b v10,original-routing-04-0,114,18.3,0
decider-2b v10,original-routing-04-1,113,19.2,0
decider-2b v10,original-routing-05-0,115,17.8,0
decider-2b v10,original-routing-05-1,115,17.8,0
decider-2b v10,original-routing-06-0,114,18.5,0
decider-2b v10,original-routing-06-1,113,30.4,0
decider-2b v10,easy-intent-00,108,18.8,0
decider-2b v10,easy-intent-01,108,35.2,0
decider-2b v10,easy-intent-02,111,40.7,0
decider-2b v10,easy-intent-03,100,27.9,0
decider-2b v10,easy-intent-04,105,33.1,0
decider-2b v10,easy-intent-05,104,27.6,0
decider-2b v10,easy-intent-06,96,40.0,0
decider-2b v10,easy-intent-07,89,34.7,0
decider-2b v10,easy-intent-08,91,20.2,0
decider-2b v10,easy-intent-09,94,20.1,0
decider-2b v10,easy-intent-10,92,36.7,0
decider-2b v10,easy-intent-11,92,20.1,0
decider-2b v10,easy-fact-00,73,29.4,0
decider-2b v10,easy-fact-01,71,32.6,0
decider-2b v10,easy-fact-02,79,32.2,0
decider-2b v10,easy-fact-03,82,20.3,0
decider-2b v10,easy-fact-04,71,30.6,0
decider-2b v10,easy-fact-05,72,32.9,0
decider-2b v10,easy-fact-06,92,20.2,0
decider-2b v10,easy-fact-07,67,32.4,0
decider-2b v10,easy-fact-08,63,15.8,0
decider-2b v10,easy-fact-09,63,28.2,0
decider-2b v10,easy-fact-10,72,40.8,0
decider-2b v10,easy-fact-11,73,24.0,0
decider-2b v10,easy-extraction-00,64,30.9,0
decider-2b v10,easy-extraction-01,66,23.0,0
decider-2b v10,easy-extraction-02,67,23.7,0
decider-2b v10,easy-extraction-03,68,23.3,0
decider-2b v10,easy-extraction-04,66,23.5,0
decider-2b v10,easy-extraction-05,66,23.1,0
decider-2b v10,easy-extraction-06,59,35.0,0
decider-2b v10,easy-extraction-07,57,18.5,0
decider-2b v10,easy-extraction-08,66,23.4,0
decider-2b v10,easy-extraction-09,68,22.8,0
decider-2b v10,easy-extraction-10,64,19.2,0
decider-2b v10,easy-extraction-11,70,24.0,0
decider-2b v10,easy-tool_selection-00,99,23.6,0
decider-2b v10,easy-tool_selection-01,100,23.8,0
decider-2b v10,easy-tool_selection-02,103,22.7,0
decider-2b v10,easy-tool_selection-03,101,24.1,0
decider-2b v10,easy-tool_selection-04,97,38.0,0
decider-2b v10,easy-tool_selection-05,103,24.0,0
decider-2b v10,easy-tool_selection-06,107,40.3,0
decider-2b v10,easy-tool_selection-07,107,31.9,0
decider-2b v10,easy-tool_selection-08,106,25.6,0
decider-2b v10,easy-tool_selection-09,103,24.4,0
decider-2b v10,easy-tool_selection-10,103,38.9,0
decider-2b v10,easy-tool_selection-11,106,39.6,0
decider-2b v10,hard-opus-a-long_policy-01,3911,386.8,0
decider-2b v10,hard-opus-a-long_policy-04,2603,226.9,0
decider-2b v10,hard-opus-a-long_policy-08,2377,228.7,0
decider-2b v10,hard-opus-a-long_policy-09,2506,240.4,0
decider-2b v10,hard-opus-a-long_policy-11,2318,237.8,0
decider-2b v10,hard-opus-a-long_policy-13,2410,226.7,0
decider-2b v10,hard-opus-a-long_policy-17,2338,227.6,0
decider-2b v10,hard-opus-a-long_policy-19,2309,227.4,0
decider-2b v10,hard-opus-a-probability-03,413,50.8,0
decider-2b v10,hard-opus-a-probability-04,1083,99.4,0
decider-2b v10,hard-opus-a-probability-07,1197,89.8,0
decider-2b v10,hard-opus-a-probability-08,375,51.4,0
decider-2b v10,hard-opus-a-temporal_numeric-03,471,59.4,0
decider-2b v10,hard-opus-a-temporal_numeric-06,506,50.8,0
decider-2b v10,hard-opus-a-temporal_numeric-07,1284,116.1,0
decider-2b v10,hard-opus-a-temporal_numeric-09,503,58.1,0
decider-2b v10,hard-opus-a-temporal_numeric-12,638,178.4,0
decider-2b v10,hard-opus-b-ambiguous-02,519,62.1,0
decider-2b v10,hard-opus-b-ambiguous-03,473,58.5,0
decider-2b v10,hard-opus-b-ambiguous-07,476,42.3,0
decider-2b v10,hard-opus-b-ambiguous-09,614,54.5,0
decider-2b v10,hard-opus-b-ambiguous-10,428,42.7,0
decider-2b v10,hard-opus-b-ambiguous-11,443,52.3,0
decider-2b v10,hard-opus-b-ambiguous-13,581,67.5,0
decider-2b v10,hard-opus-b-multi_hop-03,2944,238.6,0
decider-2b v10,hard-opus-b-multi_hop-04,2328,226.8,0
decider-2b v10,hard-opus-b-multi_hop-05,2642,2591.2,0
decider-2b v10,hard-opus-b-multi_hop-07,2623,227.2,0
decider-2b v10,hard-opus-b-multi_hop-08,2296,227.4,0
decider-2b v10,hard-opus-b-probability-01,1898,147.2,0
decider-2b v10,hard-opus-b-probability-02,479,43.1,0
decider-2b v10,hard-opus-b-probability-03,1197,105.4,0
decider-2b v10,hard-opus-b-probability-04,580,66.2,0
decider-2b v10,hard-opus-b-probability-06,998,90.9,0
decider-2b v10,hard-opus-b-tradeoff-01,821,79.5,0
decider-2b v10,hard-opus-b-tradeoff-03,739,60.6,0
decider-2b v10,hard-opus-b-tradeoff-06,774,94.3,0
decider-2b v10,hard-opus-b-tradeoff-07,699,61.4,0
decider-2b v10,hard-opus-b-tradeoff-08,585,53.2,0
decider-2b v10,hard-opus-b-tradeoff-12,574,53.1,0
decider-2b v10,hard-opus-c-long_policy-02,3564,299.4,0
decider-2b v10,hard-opus-c-long_policy-03,3489,300.7,0
decider-2b v10,hard-opus-c-long_policy-04,3296,317.1,0
decider-2b v10,hard-opus-c-long_policy-05,3290,287.9,0
decider-2b v10,hard-opus-c-long_policy-08,3285,298.4,0
decider-2b v10,hard-opus-c-long_policy-10,3614,301.1,0
decider-2b v10,hard-opus-c-long_policy-11,3383,301.2,0
decider-2b v10,hard-opus-c-probability-03,529,52.6,0
decider-2b v10,hard-opus-c-temporal_numeric-02,920,91.1,0
decider-2b v10,hard-opus-c-temporal_numeric-03,850,79.3,0
decider-2b v10,hard-opus-c-temporal_numeric-04,765,71.1,0
decider-2b v10,hard-opus-c-temporal_numeric-06,968,79.6,0
decider-2b v10,hard-opus-c-temporal_numeric-08,969,79.2,0
decider-2b v10,hard-opus-c-temporal_numeric-12,803,79.3,0
decider-2b v10,hard-sol-a-adversarial-01,262,28.7,0
decider-2b v10,hard-sol-a-adversarial-06,224,26.0,0
decider-2b v10,hard-sol-a-adversarial-07,278,39.8,0
decider-2b v10,hard-sol-a-adversarial-08,201,25.1,0
decider-2b v10,hard-sol-a-adversarial-09,277,77.2,0
decider-2b v10,hard-sol-a-adversarial-11,283,39.5,0
decider-2b v10,hard-sol-a-multi_hop-01,2468,227.2,0
decider-2b v10,hard-sol-a-multi_hop-02,2493,243.5,0
decider-2b v10,hard-sol-a-multi_hop-05,2412,227.8,0
decider-2b v10,hard-sol-a-multi_hop-07,2403,243.2,0
decider-2b v10,hard-sol-a-multi_hop-08,2378,227.0,0
decider-2b v10,hard-sol-a-multi_hop-09,2378,242.1,0
decider-2b v10,hard-sol-a-multi_hop-10,2428,250.3,0
decider-2b v10,hard-sol-a-multi_hop-12,2390,239.3,0
decider-2b v10,hard-sol-a-trap-02,275,40.3,0
decider-2b v10,hard-sol-a-trap-04,181,33.9,0
decider-2b v10,hard-sol-a-trap-05,388,87.6,0
decider-2b v10,hard-sol-a-trap-06,330,36.6,0
decider-2b v10,hard-sol-a-trap-08,257,33.5,0
decider-2b v10,hard-sol-a-trap-10,184,32.4,0
decider-2b v10,hard-sol-a-trap-13,189,21.4,0
decider-2b v10,hard-sol-a-trap-15,291,47.5,0
decider-2b v10,hard-sol-b-judge_hard-01,271,39.4,0
decider-2b v10,hard-sol-b-judge_hard-02,195,36.5,0
decider-2b v10,hard-sol-b-judge_hard-05,214,41.5,0
decider-2b v10,hard-sol-b-judge_hard-08,197,25.1,0
decider-2b v10,hard-sol-b-judge_hard-10,216,25.5,0
decider-2b v10,hard-sol-b-judge_hard-14,233,24.8,0
decider-2b v10,hard-sol-b-judge_hard-15,189,21.7,0
decider-2b v10,hard-sol-b-judge_hard-18,156,21.0,0
decider-2b v10,hard-sol-b-long_policy-01,2720,237.3,0
decider-2b v10,hard-sol-b-long_policy-02,2571,238.5,0
decider-2b v10,hard-sol-b-long_policy-05,2532,228.7,0
decider-2b v10,hard-sol-b-long_policy-06,2615,225.7,0
decider-2b v10,hard-sol-b-routing_hard-01,293,29.2,0
decider-2b v10,hard-sol-b-routing_hard-02,276,41.0,0
decider-2b v10,hard-sol-b-routing_hard-03,274,40.4,0
decider-2b v10,hard-sol-b-routing_hard-07,257,28.6,0
decider-2b v10,hard-sol-b-routing_hard-09,263,29.1,0
decider-2b v10,hard-sol-b-temporal_numeric-01,269,43.2,0
decider-2b v10,hard-sol-b-temporal_numeric-02,282,28.5,0
decider-2b v10,hard-sol-b-temporal_numeric-03,221,40.2,0
decider-2b v10,hard-sol-b-temporal_numeric-04,231,39.9,0
decider-2b v10,hard-sol-c-judge_hard-03,378,36.8,0
decider-2b v10,hard-sol-c-judge_hard-05,340,36.3,0
decider-2b v10,hard-sol-c-judge_hard-07,304,43.6,0
decider-2b v10,hard-sol-c-judge_hard-08,298,28.5,0
decider-2b v10,hard-sol-c-judge_hard-09,329,36.2,0
decider-2b v10,hard-sol-c-judge_hard-10,358,36.1,0
decider-2b v10,hard-sol-c-judge_hard-11,329,36.0,0
decider-2b v10,hard-sol-c-judge_hard-13,319,39.7,0
decider-2b v10,hard-sol-c-judge_hard-15,273,39.7,0
decider-2b v10,hard-sol-c-multi_hop-07,2509,226.3,0
decider-2b v10,hard-sol-c-multi_hop-09,2528,235.1,0
decider-2b v10,hard-sol-c-multi_hop-11,2606,225.6,0
decider-2b v10,hard-sol-c-multi_hop-12,525,53.1,0
decider-2b v10,hard-sol-c-multi_hop-13,2577,226.2,0
decider-2b v11,original-policy-01-0,93,123.0,1
decider-2b v11,original-policy-01-1,96,101.8,0
decider-2b v11,original-policy-02-0,82,66.1,0
decider-2b v11,original-policy-02-1,81,77.7,0
decider-2b v11,original-policy-03-0,84,44.7,0
decider-2b v11,original-policy-03-1,83,60.3,0
decider-2b v11,original-policy-04-0,90,60.1,0
decider-2b v11,original-policy-04-1,87,50.5,0
decider-2b v11,original-policy-05-0,94,31.6,0
decider-2b v11,original-policy-05-1,86,33.1,0
decider-2b v11,original-policy-06-0,96,30.3,0
decider-2b v11,original-policy-06-1,86,30.4,0
decider-2b v11,original-intent-01-0,88,46.1,0
decider-2b v11,original-intent-01-1,89,29.2,0
decider-2b v11,original-intent-02-0,89,41.9,0
decider-2b v11,original-intent-02-1,88,28.0,0
decider-2b v11,original-intent-03-0,90,28.0,0
decider-2b v11,original-intent-03-1,88,27.9,0
decider-2b v11,original-intent-04-0,93,28.3,0
decider-2b v11,original-intent-04-1,88,28.2,0
decider-2b v11,original-intent-05-0,88,44.5,0
decider-2b v11,original-intent-05-1,87,42.3,0
decider-2b v11,original-intent-06-0,86,25.0,0
decider-2b v11,original-intent-06-1,91,25.0,0
decider-2b v11,original-ordinal-01-0,161,60.5,0
decider-2b v11,original-ordinal-01-1,163,71.5,0
decider-2b v11,original-ordinal-02-0,165,73.5,0
decider-2b v11,original-ordinal-02-1,166,42.2,0
decider-2b v11,original-ordinal-03-0,162,42.8,0
decider-2b v11,original-ordinal-03-1,164,42.2,0
decider-2b v11,original-ordinal-04-0,164,42.2,0
decider-2b v11,original-ordinal-04-1,163,41.9,0
decider-2b v11,original-ordinal-05-0,167,56.5,0
decider-2b v11,original-ordinal-05-1,166,42.4,0
decider-2b v11,original-ordinal-06-0,167,43.1,0
decider-2b v11,original-ordinal-06-1,174,43.1,0
decider-2b v11,original-extraction-01-0,77,38.0,0
decider-2b v11,original-extraction-01-1,79,18.5,0
decider-2b v11,original-extraction-02-0,80,18.1,0
decider-2b v11,original-extraction-02-1,79,18.6,0
decider-2b v11,original-extraction-03-0,83,34.3,0
decider-2b v11,original-extraction-03-1,82,27.2,0
decider-2b v11,original-extraction-04-0,80,28.0,0
decider-2b v11,original-extraction-04-1,77,26.5,0
decider-2b v11,original-extraction-05-0,80,30.6,0
decider-2b v11,original-extraction-05-1,76,39.4,0
decider-2b v11,original-extraction-06-0,80,25.9,0
decider-2b v11,original-extraction-06-1,79,17.8,0
decider-2b v11,original-adequacy-01-0,75,35.4,0
decider-2b v11,original-adequacy-01-1,71,17.9,0
decider-2b v11,original-adequacy-02-0,72,34.9,0
decider-2b v11,original-adequacy-02-1,73,17.8,0
decider-2b v11,original-adequacy-03-0,75,35.5,0
decider-2b v11,original-adequacy-03-1,79,18.0,0
decider-2b v11,original-adequacy-04-0,79,35.2,0
decider-2b v11,original-adequacy-04-1,76,18.1,0
decider-2b v11,original-adequacy-05-0,68,35.3,0
decider-2b v11,original-adequacy-05-1,69,25.8,0
decider-2b v11,original-adequacy-06-0,84,18.6,0
decider-2b v11,original-adequacy-06-1,86,17.8,0
decider-2b v11,original-routing-01-0,118,25.4,0
decider-2b v11,original-routing-01-1,114,27.3,0
decider-2b v11,original-routing-02-0,119,18.3,0
decider-2b v11,original-routing-02-1,113,18.2,0
decider-2b v11,original-routing-03-0,118,18.6,0
decider-2b v11,original-routing-03-1,120,32.9,0
decider-2b v11,original-routing-04-0,114,43.2,0
decider-2b v11,original-routing-04-1,113,27.0,0
decider-2b v11,original-routing-05-0,115,18.3,0
decider-2b v11,original-routing-05-1,115,18.1,0
decider-2b v11,original-routing-06-0,114,41.7,0
decider-2b v11,original-routing-06-1,113,18.8,0
decider-2b v11,easy-intent-00,108,36.3,0
decider-2b v11,easy-intent-01,108,26.6,0
decider-2b v11,easy-intent-02,111,24.9,0
decider-2b v11,easy-intent-03,100,26.3,0
decider-2b v11,easy-intent-04,105,21.2,0
decider-2b v11,easy-intent-05,104,21.5,0
decider-2b v11,easy-intent-06,96,38.8,0
decider-2b v11,easy-intent-07,89,42.2,0
decider-2b v11,easy-intent-08,91,21.0,0
decider-2b v11,easy-intent-09,94,21.5,0
decider-2b v11,easy-intent-10,92,34.2,0
decider-2b v11,easy-intent-11,92,21.2,0
decider-2b v11,easy-fact-00,73,35.2,0
decider-2b v11,easy-fact-01,71,23.2,0
decider-2b v11,easy-fact-02,79,31.1,0
decider-2b v11,easy-fact-03,82,23.1,0
decider-2b v11,easy-fact-04,71,22.7,0
decider-2b v11,easy-fact-05,72,23.0,0
decider-2b v11,easy-fact-06,92,23.4,0
decider-2b v11,easy-fact-07,67,23.4,0
decider-2b v11,easy-fact-08,63,18.5,0
decider-2b v11,easy-fact-09,63,18.5,0
decider-2b v11,easy-fact-10,72,23.0,0
decider-2b v11,easy-fact-11,73,23.0,0
decider-2b v11,easy-extraction-00,64,15.8,0
decider-2b v11,easy-extraction-01,66,20.3,0
decider-2b v11,easy-extraction-02,67,20.5,0
decider-2b v11,easy-extraction-03,68,20.8,0
decider-2b v11,easy-extraction-04,66,35.1,0
decider-2b v11,easy-extraction-05,66,20.3,0
decider-2b v11,easy-extraction-06,59,26.6,0
decider-2b v11,easy-extraction-07,57,25.9,0
decider-2b v11,easy-extraction-08,66,28.7,0
decider-2b v11,easy-extraction-09,68,20.3,0
decider-2b v11,easy-extraction-10,64,15.8,0
decider-2b v11,easy-extraction-11,70,21.3,0
decider-2b v11,easy-tool_selection-00,99,37.8,0
decider-2b v11,easy-tool_selection-01,100,44.4,0
decider-2b v11,easy-tool_selection-02,103,20.8,0
decider-2b v11,easy-tool_selection-03,101,20.7,0
decider-2b v11,easy-tool_selection-04,97,33.7,0
decider-2b v11,easy-tool_selection-05,103,20.1,0
decider-2b v11,easy-tool_selection-06,107,20.6,0
decider-2b v11,easy-tool_selection-07,107,21.0,0
decider-2b v11,easy-tool_selection-08,106,35.8,0
decider-2b v11,easy-tool_selection-09,103,20.3,0
decider-2b v11,easy-tool_selection-10,103,20.6,0
decider-2b v11,easy-tool_selection-11,106,34.0,0
decider-2b v11,hard-opus-a-long_policy-01,3911,344.3,0
decider-2b v11,hard-opus-a-long_policy-04,2603,246.3,0
decider-2b v11,hard-opus-a-long_policy-08,2377,227.6,0
decider-2b v11,hard-opus-a-long_policy-09,2506,229.1,0
decider-2b v11,hard-opus-a-long_policy-11,2318,251.4,0
decider-2b v11,hard-opus-a-long_policy-13,2410,239.7,0
decider-2b v11,hard-opus-a-long_policy-17,2338,242.7,0
decider-2b v11,hard-opus-a-long_policy-19,2309,238.4,0
decider-2b v11,hard-opus-a-probability-03,413,42.9,0
decider-2b v11,hard-opus-a-probability-04,1083,105.8,0
decider-2b v11,hard-opus-a-probability-07,1197,90.6,0
decider-2b v11,hard-opus-a-probability-08,375,39.1,0
decider-2b v11,hard-opus-a-temporal_numeric-03,471,43.5,0
decider-2b v11,hard-opus-a-temporal_numeric-06,506,43.6,0
decider-2b v11,hard-opus-a-temporal_numeric-07,1284,115.4,0
decider-2b v11,hard-opus-a-temporal_numeric-09,503,42.9,0
decider-2b v11,hard-opus-a-temporal_numeric-12,638,165.1,0
decider-2b v11,hard-opus-b-ambiguous-02,519,53.9,0
decider-2b v11,hard-opus-b-ambiguous-03,473,51.8,0
decider-2b v11,hard-opus-b-ambiguous-07,476,57.8,0
decider-2b v11,hard-opus-b-ambiguous-09,614,66.6,0
decider-2b v11,hard-opus-b-ambiguous-10,428,52.0,0
decider-2b v11,hard-opus-b-ambiguous-11,443,43.4,0
decider-2b v11,hard-opus-b-ambiguous-13,581,70.5,0
decider-2b v11,hard-opus-b-multi_hop-03,2944,230.0,0
decider-2b v11,hard-opus-b-multi_hop-04,2328,242.8,0
decider-2b v11,hard-opus-b-multi_hop-05,2642,15474.9,0
decider-2b v11,hard-opus-b-multi_hop-07,2623,244.6,0
decider-2b v11,hard-opus-b-multi_hop-08,2296,239.1,0
decider-2b v11,hard-opus-b-probability-01,1898,150.6,0
decider-2b v11,hard-opus-b-probability-02,479,42.7,0
decider-2b v11,hard-opus-b-probability-03,1197,89.5,0
decider-2b v11,hard-opus-b-probability-04,580,67.5,0
decider-2b v11,hard-opus-b-probability-06,998,85.7,0
decider-2b v11,hard-opus-b-tradeoff-01,821,89.2,0
decider-2b v11,hard-opus-b-tradeoff-03,739,74.6,0
decider-2b v11,hard-opus-b-tradeoff-06,774,79.0,0
decider-2b v11,hard-opus-b-tradeoff-07,699,60.8,0
decider-2b v11,hard-opus-b-tradeoff-08,585,64.9,0
decider-2b v11,hard-opus-b-tradeoff-12,574,62.4,0
decider-2b v11,hard-opus-c-long_policy-02,3564,312.4,0
decider-2b v11,hard-opus-c-long_policy-03,3489,302.8,0
decider-2b v11,hard-opus-c-long_policy-04,3296,302.6,0
decider-2b v11,hard-opus-c-long_policy-05,3290,294.2,0
decider-2b v11,hard-opus-c-long_policy-08,3285,296.8,0
decider-2b v11,hard-opus-c-long_policy-10,3614,314.9,0
decider-2b v11,hard-opus-c-long_policy-11,3383,322.3,0
decider-2b v11,hard-opus-c-probability-03,529,53.6,0
decider-2b v11,hard-opus-c-temporal_numeric-02,920,93.5,0
decider-2b v11,hard-opus-c-temporal_numeric-03,850,93.9,0
decider-2b v11,hard-opus-c-temporal_numeric-04,765,73.4,0
decider-2b v11,hard-opus-c-temporal_numeric-06,968,91.7,0
decider-2b v11,hard-opus-c-temporal_numeric-08,969,79.7,0
decider-2b v11,hard-opus-c-temporal_numeric-12,803,79.4,0
decider-2b v11,hard-sol-a-adversarial-01,262,29.3,0
decider-2b v11,hard-sol-a-adversarial-06,224,26.3,0
decider-2b v11,hard-sol-a-adversarial-07,278,29.0,0
decider-2b v11,hard-sol-a-adversarial-08,201,37.5,0
decider-2b v11,hard-sol-a-adversarial-09,277,93.9,0
decider-2b v11,hard-sol-a-adversarial-11,283,41.5,0
decider-2b v11,hard-sol-a-multi_hop-01,2468,228.7,0
decider-2b v11,hard-sol-a-multi_hop-02,2493,228.7,0
decider-2b v11,hard-sol-a-multi_hop-05,2412,228.1,0
decider-2b v11,hard-sol-a-multi_hop-07,2403,236.0,0
decider-2b v11,hard-sol-a-multi_hop-08,2378,239.7,0
decider-2b v11,hard-sol-a-multi_hop-09,2378,229.9,0
decider-2b v11,hard-sol-a-multi_hop-10,2428,248.1,0
decider-2b v11,hard-sol-a-multi_hop-12,2390,242.6,0
decider-2b v11,hard-sol-a-trap-02,275,39.9,0
decider-2b v11,hard-sol-a-trap-04,181,33.7,0
decider-2b v11,hard-sol-a-trap-05,388,87.2,0
decider-2b v11,hard-sol-a-trap-06,330,36.6,0
decider-2b v11,hard-sol-a-trap-08,257,28.7,0
decider-2b v11,hard-sol-a-trap-10,184,21.9,0
decider-2b v11,hard-sol-a-trap-13,189,29.7,0
decider-2b v11,hard-sol-a-trap-15,291,29.4,0
decider-2b v11,hard-sol-b-judge_hard-01,271,28.3,0
decider-2b v11,hard-sol-b-judge_hard-02,195,38.9,0
decider-2b v11,hard-sol-b-judge_hard-05,214,41.1,0
decider-2b v11,hard-sol-b-judge_hard-08,197,41.0,0
decider-2b v11,hard-sol-b-judge_hard-10,216,39.3,0
decider-2b v11,hard-sol-b-judge_hard-14,233,41.9,0
decider-2b v11,hard-sol-b-judge_hard-15,189,21.5,0
decider-2b v11,hard-sol-b-judge_hard-18,156,21.1,0
decider-2b v11,hard-sol-b-long_policy-01,2720,228.9,0
decider-2b v11,hard-sol-b-long_policy-02,2571,229.8,0
decider-2b v11,hard-sol-b-long_policy-05,2532,240.6,0
decider-2b v11,hard-sol-b-long_policy-06,2615,229.3,0
decider-2b v11,hard-sol-b-routing_hard-01,293,28.5,0
decider-2b v11,hard-sol-b-routing_hard-02,276,46.4,0
decider-2b v11,hard-sol-b-routing_hard-03,274,41.4,0
decider-2b v11,hard-sol-b-routing_hard-07,257,28.1,0
decider-2b v11,hard-sol-b-routing_hard-09,263,36.9,0
decider-2b v11,hard-sol-b-temporal_numeric-01,269,28.2,0
decider-2b v11,hard-sol-b-temporal_numeric-02,282,40.4,0
decider-2b v11,hard-sol-b-temporal_numeric-03,221,35.0,0
decider-2b v11,hard-sol-b-temporal_numeric-04,231,42.9,0
decider-2b v11,hard-sol-c-judge_hard-03,378,36.8,0
decider-2b v11,hard-sol-c-judge_hard-05,340,36.5,0
decider-2b v11,hard-sol-c-judge_hard-07,304,38.5,0
decider-2b v11,hard-sol-c-judge_hard-08,298,28.9,0
decider-2b v11,hard-sol-c-judge_hard-09,329,36.3,0
decider-2b v11,hard-sol-c-judge_hard-10,358,36.4,0
decider-2b v11,hard-sol-c-judge_hard-11,329,50.3,0
decider-2b v11,hard-sol-c-judge_hard-13,319,48.5,0
decider-2b v11,hard-sol-c-judge_hard-15,273,41.0,0
decider-2b v11,hard-sol-c-multi_hop-07,2509,237.8,0
decider-2b v11,hard-sol-c-multi_hop-09,2528,227.0,0
decider-2b v11,hard-sol-c-multi_hop-11,2606,238.2,0
decider-2b v11,hard-sol-c-multi_hop-12,525,65.7,0
decider-2b v11,hard-sol-c-multi_hop-13,2577,228.1,0
"Qwen3.5-4B, frozen",original-policy-01-0,155,435177.5,1
"Qwen3.5-4B, frozen",original-policy-01-1,158,127.9,0
"Qwen3.5-4B, frozen",original-policy-02-0,144,127.6,0
"Qwen3.5-4B, frozen",original-policy-02-1,143,123.7,0
"Qwen3.5-4B, frozen",original-policy-03-0,146,124.6,0
"Qwen3.5-4B, frozen",original-policy-03-1,145,125.9,0
"Qwen3.5-4B, frozen",original-policy-04-0,152,124.9,0
"Qwen3.5-4B, frozen",original-policy-04-1,149,125.0,0
"Qwen3.5-4B, frozen",original-policy-05-0,156,127.4,0
"Qwen3.5-4B, frozen",original-policy-05-1,148,128.2,0
"Qwen3.5-4B, frozen",original-policy-06-0,158,127.4,0
"Qwen3.5-4B, frozen",original-policy-06-1,148,120.6,0
"Qwen3.5-4B, frozen",original-intent-01-0,174,126.3,0
"Qwen3.5-4B, frozen",original-intent-01-1,175,126.9,0
"Qwen3.5-4B, frozen",original-intent-02-0,175,128.3,0
"Qwen3.5-4B, frozen",original-intent-02-1,174,126.4,0
"Qwen3.5-4B, frozen",original-intent-03-0,176,121.7,0
"Qwen3.5-4B, frozen",original-intent-03-1,174,127.2,0
"Qwen3.5-4B, frozen",original-intent-04-0,179,127.3,0
"Qwen3.5-4B, frozen",original-intent-04-1,174,126.3,0
"Qwen3.5-4B, frozen",original-intent-05-0,174,128.2,0
"Qwen3.5-4B, frozen",original-intent-05-1,173,125.1,0
"Qwen3.5-4B, frozen",original-intent-06-0,172,124.8,0
"Qwen3.5-4B, frozen",original-intent-06-1,177,126.7,0
"Qwen3.5-4B, frozen",original-ordinal-01-0,173,126.3,0
"Qwen3.5-4B, frozen",original-ordinal-01-1,175,127.1,0
"Qwen3.5-4B, frozen",original-ordinal-02-0,177,128.2,0
"Qwen3.5-4B, frozen",original-ordinal-02-1,178,123.4,0
"Qwen3.5-4B, frozen",original-ordinal-03-0,174,128.0,0
"Qwen3.5-4B, frozen",original-ordinal-03-1,176,125.4,0
"Qwen3.5-4B, frozen",original-ordinal-04-0,176,121.5,0
"Qwen3.5-4B, frozen",original-ordinal-04-1,175,125.4,0
"Qwen3.5-4B, frozen",original-ordinal-05-0,179,126.8,0
"Qwen3.5-4B, frozen",original-ordinal-05-1,178,126.7,0
"Qwen3.5-4B, frozen",original-ordinal-06-0,179,124.6,0
"Qwen3.5-4B, frozen",original-ordinal-06-1,186,126.3,0
"Qwen3.5-4B, frozen",original-extraction-01-0,156,127.4,0
"Qwen3.5-4B, frozen",original-extraction-01-1,158,126.1,0
"Qwen3.5-4B, frozen",original-extraction-02-0,159,128.8,0
"Qwen3.5-4B, frozen",original-extraction-02-1,158,124.3,0
"Qwen3.5-4B, frozen",original-extraction-03-0,162,126.3,0
"Qwen3.5-4B, frozen",original-extraction-03-1,161,126.6,0
"Qwen3.5-4B, frozen",original-extraction-04-0,159,124.3,0
"Qwen3.5-4B, frozen",original-extraction-04-1,156,124.3,0
"Qwen3.5-4B, frozen",original-extraction-05-0,159,126.8,0
"Qwen3.5-4B, frozen",original-extraction-05-1,155,127.3,0
"Qwen3.5-4B, frozen",original-extraction-06-0,159,128.2,0
"Qwen3.5-4B, frozen",original-extraction-06-1,158,124.6,0
"Qwen3.5-4B, frozen",original-adequacy-01-0,138,127.5,0
"Qwen3.5-4B, frozen",original-adequacy-01-1,134,128.1,0
"Qwen3.5-4B, frozen",original-adequacy-02-0,135,124.0,0
"Qwen3.5-4B, frozen",original-adequacy-02-1,135,126.6,0
"Qwen3.5-4B, frozen",original-adequacy-03-0,137,128.6,0
"Qwen3.5-4B, frozen",original-adequacy-03-1,141,125.7,0
"Qwen3.5-4B, frozen",original-adequacy-04-0,141,125.4,0
"Qwen3.5-4B, frozen",original-adequacy-04-1,138,124.5,0
"Qwen3.5-4B, frozen",original-adequacy-05-0,131,124.6,0
"Qwen3.5-4B, frozen",original-adequacy-05-1,131,125.5,0
"Qwen3.5-4B, frozen",original-adequacy-06-0,147,122.3,0
"Qwen3.5-4B, frozen",original-adequacy-06-1,148,122.7,0
"Qwen3.5-4B, frozen",original-routing-01-0,212,136.8,0
"Qwen3.5-4B, frozen",original-routing-01-1,209,139.5,0
"Qwen3.5-4B, frozen",original-routing-02-0,213,136.4,0
"Qwen3.5-4B, frozen",original-routing-02-1,207,138.1,0
"Qwen3.5-4B, frozen",original-routing-03-0,212,139.7,0
"Qwen3.5-4B, frozen",original-routing-03-1,214,135.9,0
"Qwen3.5-4B, frozen",original-routing-04-0,208,138.1,0
"Qwen3.5-4B, frozen",original-routing-04-1,207,138.4,0
"Qwen3.5-4B, frozen",original-routing-05-0,209,137.6,0
"Qwen3.5-4B, frozen",original-routing-05-1,209,137.2,0
"Qwen3.5-4B, frozen",original-routing-06-0,208,137.8,0
"Qwen3.5-4B, frozen",original-routing-06-1,207,138.0,0
"Qwen3.5-4B, frozen",easy-intent-00,194,134.3,0
"Qwen3.5-4B, frozen",easy-intent-01,194,130.3,0
"Qwen3.5-4B, frozen",easy-intent-02,197,135.5,0
"Qwen3.5-4B, frozen",easy-intent-03,186,129.3,0
"Qwen3.5-4B, frozen",easy-intent-04,191,126.4,0
"Qwen3.5-4B, frozen",easy-intent-05,190,128.0,0
"Qwen3.5-4B, frozen",easy-intent-06,182,125.7,0
"Qwen3.5-4B, frozen",easy-intent-07,175,129.4,0
"Qwen3.5-4B, frozen",easy-intent-08,177,127.8,0
"Qwen3.5-4B, frozen",easy-intent-09,180,126.4,0
"Qwen3.5-4B, frozen",easy-intent-10,178,122.3,0
"Qwen3.5-4B, frozen",easy-intent-11,178,123.2,0
"Qwen3.5-4B, frozen",easy-fact-00,135,123.7,0
"Qwen3.5-4B, frozen",easy-fact-01,133,126.9,0
"Qwen3.5-4B, frozen",easy-fact-02,141,127.9,0
"Qwen3.5-4B, frozen",easy-fact-03,144,126.2,0
"Qwen3.5-4B, frozen",easy-fact-04,133,123.6,0
"Qwen3.5-4B, frozen",easy-fact-05,134,124.2,0
"Qwen3.5-4B, frozen",easy-fact-06,154,123.8,0
"Qwen3.5-4B, frozen",easy-fact-07,129,125.9,0
"Qwen3.5-4B, frozen",easy-fact-08,125,123.5,0
"Qwen3.5-4B, frozen",easy-fact-09,125,120.0,0
"Qwen3.5-4B, frozen",easy-fact-10,135,125.4,0
"Qwen3.5-4B, frozen",easy-fact-11,136,126.0,0
"Qwen3.5-4B, frozen",easy-extraction-00,142,128.1,0
"Qwen3.5-4B, frozen",easy-extraction-01,144,128.0,0
"Qwen3.5-4B, frozen",easy-extraction-02,145,128.3,0
"Qwen3.5-4B, frozen",easy-extraction-03,146,124.4,0
"Qwen3.5-4B, frozen",easy-extraction-04,144,126.4,0
"Qwen3.5-4B, frozen",easy-extraction-05,144,127.7,0
"Qwen3.5-4B, frozen",easy-extraction-06,137,126.7,0
"Qwen3.5-4B, frozen",easy-extraction-07,136,124.7,0
"Qwen3.5-4B, frozen",easy-extraction-08,154,125.5,0
"Qwen3.5-4B, frozen",easy-extraction-09,156,127.4,0
"Qwen3.5-4B, frozen",easy-extraction-10,152,129.6,0
"Qwen3.5-4B, frozen",easy-extraction-11,148,129.2,0
"Qwen3.5-4B, frozen",easy-tool_selection-00,185,131.0,0
"Qwen3.5-4B, frozen",easy-tool_selection-01,186,126.1,0
"Qwen3.5-4B, frozen",easy-tool_selection-02,189,128.1,0
"Qwen3.5-4B, frozen",easy-tool_selection-03,187,127.1,0
"Qwen3.5-4B, frozen",easy-tool_selection-04,183,125.9,0
"Qwen3.5-4B, frozen",easy-tool_selection-05,189,129.8,0
"Qwen3.5-4B, frozen",easy-tool_selection-06,193,136.1,0
"Qwen3.5-4B, frozen",easy-tool_selection-07,193,132.6,0
"Qwen3.5-4B, frozen",easy-tool_selection-08,192,126.9,0
"Qwen3.5-4B, frozen",easy-tool_selection-09,189,126.6,0
"Qwen3.5-4B, frozen",easy-tool_selection-10,189,129.1,0
"Qwen3.5-4B, frozen",easy-tool_selection-11,192,127.3,0
"Qwen3.5-4B, frozen",hard-opus-a-long_policy-01,4033,1175.4,0
"Qwen3.5-4B, frozen",hard-opus-a-long_policy-04,2723,752.3,0
"Qwen3.5-4B, frozen",hard-opus-a-long_policy-08,2476,671.3,0
"Qwen3.5-4B, frozen",hard-opus-a-long_policy-09,2612,716.5,0
"Qwen3.5-4B, frozen",hard-opus-a-long_policy-11,2406,642.3,0
"Qwen3.5-4B, frozen",hard-opus-a-long_policy-13,2495,669.8,0
"Qwen3.5-4B, frozen",hard-opus-a-long_policy-17,2452,669.9,0
"Qwen3.5-4B, frozen",hard-opus-a-long_policy-19,2401,639.9,0
"Qwen3.5-4B, frozen",hard-opus-a-probability-03,480,165.0,0
"Qwen3.5-4B, frozen",hard-opus-a-probability-04,1158,333.7,0
"Qwen3.5-4B, frozen",hard-opus-a-probability-07,1275,346.7,0
"Qwen3.5-4B, frozen",hard-opus-a-probability-08,440,162.4,0
"Qwen3.5-4B, frozen",hard-opus-a-temporal_numeric-03,537,180.2,0
"Qwen3.5-4B, frozen",hard-opus-a-temporal_numeric-06,572,179.0,0
"Qwen3.5-4B, frozen",hard-opus-a-temporal_numeric-07,1376,377.3,0
"Qwen3.5-4B, frozen",hard-opus-a-temporal_numeric-09,571,179.0,0
"Qwen3.5-4B, frozen",hard-opus-a-temporal_numeric-12,655,201.0,0
"Qwen3.5-4B, frozen",hard-opus-b-ambiguous-02,597,186.2,0
"Qwen3.5-4B, frozen",hard-opus-b-ambiguous-03,550,179.5,0
"Qwen3.5-4B, frozen",hard-opus-b-ambiguous-07,552,178.0,0
"Qwen3.5-4B, frozen",hard-opus-b-ambiguous-09,693,200.2,0
"Qwen3.5-4B, frozen",hard-opus-b-ambiguous-10,497,172.0,0
"Qwen3.5-4B, frozen",hard-opus-b-ambiguous-11,518,180.4,0
"Qwen3.5-4B, frozen",hard-opus-b-ambiguous-13,667,200.1,0
"Qwen3.5-4B, frozen",hard-opus-b-multi_hop-03,3041,821.6,0
"Qwen3.5-4B, frozen",hard-opus-b-multi_hop-04,2456,673.6,0
"Qwen3.5-4B, frozen",hard-opus-b-multi_hop-05,2673,730.8,0
"Qwen3.5-4B, frozen",hard-opus-b-multi_hop-07,2744,743.8,0
"Qwen3.5-4B, frozen",hard-opus-b-multi_hop-08,2389,635.3,0
"Qwen3.5-4B, frozen",hard-opus-b-probability-01,1975,522.0,0
"Qwen3.5-4B, frozen",hard-opus-b-probability-02,556,176.5,0
"Qwen3.5-4B, frozen",hard-opus-b-probability-03,1264,340.7,0
"Qwen3.5-4B, frozen",hard-opus-b-probability-04,656,196.9,0
"Qwen3.5-4B, frozen",hard-opus-b-probability-06,1076,303.3,0
"Qwen3.5-4B, frozen",hard-opus-b-tradeoff-01,916,254.8,0
"Qwen3.5-4B, frozen",hard-opus-b-tradeoff-03,830,228.4,0
"Qwen3.5-4B, frozen",hard-opus-b-tradeoff-06,841,231.8,0
"Qwen3.5-4B, frozen",hard-opus-b-tradeoff-07,793,228.3,0
"Qwen3.5-4B, frozen",hard-opus-b-tradeoff-08,654,195.9,0
"Qwen3.5-4B, frozen",hard-opus-b-tradeoff-12,670,198.4,0
"Qwen3.5-4B, frozen",hard-opus-c-long_policy-02,3686,1029.7,0
"Qwen3.5-4B, frozen",hard-opus-c-long_policy-03,3603,1020.2,0
"Qwen3.5-4B, frozen",hard-opus-c-long_policy-04,3387,932.5,0
"Qwen3.5-4B, frozen",hard-opus-c-long_policy-05,3331,932.8,0
"Qwen3.5-4B, frozen",hard-opus-c-long_policy-08,3350,940.2,0
"Qwen3.5-4B, frozen",hard-opus-c-long_policy-10,3714,1047.1,0
"Qwen3.5-4B, frozen",hard-opus-c-long_policy-11,3465,964.7,0
"Qwen3.5-4B, frozen",hard-opus-c-probability-03,611,182.2,0
"Qwen3.5-4B, frozen",hard-opus-c-temporal_numeric-02,989,261.2,0
"Qwen3.5-4B, frozen",hard-opus-c-temporal_numeric-03,943,255.6,0
"Qwen3.5-4B, frozen",hard-opus-c-temporal_numeric-04,856,238.2,0
"Qwen3.5-4B, frozen",hard-opus-c-temporal_numeric-06,1067,310.8,0
"Qwen3.5-4B, frozen",hard-opus-c-temporal_numeric-08,1062,306.7,0
"Qwen3.5-4B, frozen",hard-opus-c-temporal_numeric-12,878,236.0,0
"Qwen3.5-4B, frozen",hard-sol-a-adversarial-01,341,152.6,0
"Qwen3.5-4B, frozen",hard-sol-a-adversarial-06,287,142.2,0
"Qwen3.5-4B, frozen",hard-sol-a-adversarial-07,357,150.3,0
"Qwen3.5-4B, frozen",hard-sol-a-adversarial-08,264,140.3,0
"Qwen3.5-4B, frozen",hard-sol-a-adversarial-09,290,145.1,0
"Qwen3.5-4B, frozen",hard-sol-a-adversarial-11,363,153.2,0
"Qwen3.5-4B, frozen",hard-sol-a-multi_hop-01,2436,664.2,0
"Qwen3.5-4B, frozen",hard-sol-a-multi_hop-02,2463,670.8,0
"Qwen3.5-4B, frozen",hard-sol-a-multi_hop-05,2380,638.8,0
"Qwen3.5-4B, frozen",hard-sol-a-multi_hop-07,2372,640.3,0
"Qwen3.5-4B, frozen",hard-sol-a-multi_hop-08,2348,630.9,0
"Qwen3.5-4B, frozen",hard-sol-a-multi_hop-09,2346,635.5,0
"Qwen3.5-4B, frozen",hard-sol-a-multi_hop-10,2396,642.0,0
"Qwen3.5-4B, frozen",hard-sol-a-multi_hop-12,2357,637.3,0
"Qwen3.5-4B, frozen",hard-sol-a-trap-02,338,155.9,0
"Qwen3.5-4B, frozen",hard-sol-a-trap-04,243,135.1,0
"Qwen3.5-4B, frozen",hard-sol-a-trap-05,401,161.5,0
"Qwen3.5-4B, frozen",hard-sol-a-trap-06,409,160.9,0
"Qwen3.5-4B, frozen",hard-sol-a-trap-08,337,154.5,0
"Qwen3.5-4B, frozen",hard-sol-a-trap-10,262,146.1,0
"Qwen3.5-4B, frozen",hard-sol-a-trap-13,252,134.2,0
"Qwen3.5-4B, frozen",hard-sol-a-trap-15,354,151.8,0
"Qwen3.5-4B, frozen",hard-sol-b-judge_hard-01,332,147.6,0
"Qwen3.5-4B, frozen",hard-sol-b-judge_hard-02,256,132.9,0
"Qwen3.5-4B, frozen",hard-sol-b-judge_hard-05,275,142.1,0
"Qwen3.5-4B, frozen",hard-sol-b-judge_hard-08,258,143.6,0
"Qwen3.5-4B, frozen",hard-sol-b-judge_hard-10,277,143.3,0
"Qwen3.5-4B, frozen",hard-sol-b-judge_hard-14,294,142.0,0
"Qwen3.5-4B, frozen",hard-sol-b-judge_hard-15,250,133.8,0
"Qwen3.5-4B, frozen",hard-sol-b-judge_hard-18,217,132.5,0
"Qwen3.5-4B, frozen",hard-sol-b-long_policy-01,2816,751.1,0
"Qwen3.5-4B, frozen",hard-sol-b-long_policy-02,2666,734.1,0
"Qwen3.5-4B, frozen",hard-sol-b-long_policy-05,2627,727.5,0
"Qwen3.5-4B, frozen",hard-sol-b-long_policy-06,2711,741.4,0
"Qwen3.5-4B, frozen",hard-sol-b-routing_hard-01,379,156.3,0
"Qwen3.5-4B, frozen",hard-sol-b-routing_hard-02,362,156.1,0
"Qwen3.5-4B, frozen",hard-sol-b-routing_hard-03,360,157.2,0
"Qwen3.5-4B, frozen",hard-sol-b-routing_hard-07,342,155.0,0
"Qwen3.5-4B, frozen",hard-sol-b-routing_hard-09,348,153.8,0
"Qwen3.5-4B, frozen",hard-sol-b-temporal_numeric-01,346,157.8,0
"Qwen3.5-4B, frozen",hard-sol-b-temporal_numeric-02,360,148.1,0
"Qwen3.5-4B, frozen",hard-sol-b-temporal_numeric-03,294,143.6,0
"Qwen3.5-4B, frozen",hard-sol-b-temporal_numeric-04,301,142.5,0
"Qwen3.5-4B, frozen",hard-sol-c-judge_hard-03,439,158.5,0
"Qwen3.5-4B, frozen",hard-sol-c-judge_hard-05,401,156.9,0
"Qwen3.5-4B, frozen",hard-sol-c-judge_hard-07,365,148.7,0
"Qwen3.5-4B, frozen",hard-sol-c-judge_hard-08,359,158.1,0
"Qwen3.5-4B, frozen",hard-sol-c-judge_hard-09,390,159.2,0
"Qwen3.5-4B, frozen",hard-sol-c-judge_hard-10,419,161.1,0
"Qwen3.5-4B, frozen",hard-sol-c-judge_hard-11,390,165.1,0
"Qwen3.5-4B, frozen",hard-sol-c-judge_hard-13,380,151.0,0
"Qwen3.5-4B, frozen",hard-sol-c-judge_hard-15,334,151.8,0
"Qwen3.5-4B, frozen",hard-sol-c-multi_hop-07,2566,710.6,0
"Qwen3.5-4B, frozen",hard-sol-c-multi_hop-09,2588,706.0,0
"Qwen3.5-4B, frozen",hard-sol-c-multi_hop-11,2666,726.3,0
"Qwen3.5-4B, frozen",hard-sol-c-multi_hop-12,610,185.3,0
"Qwen3.5-4B, frozen",hard-sol-c-multi_hop-13,2635,725.1,0
"Qwen3.5-2B, frozen",original-policy-01-0,155,12534.7,1
"Qwen3.5-2B, frozen",original-policy-01-1,158,163.1,0
"Qwen3.5-2B, frozen",original-policy-02-0,144,159.6,0
"Qwen3.5-2B, frozen",original-policy-02-1,143,160.8,0
"Qwen3.5-2B, frozen",original-policy-03-0,146,164.1,0
"Qwen3.5-2B, frozen",original-policy-03-1,145,162.3,0
"Qwen3.5-2B, frozen",original-policy-04-0,152,161.8,0
"Qwen3.5-2B, frozen",original-policy-04-1,149,167.9,0
"Qwen3.5-2B, frozen",original-policy-05-0,156,160.8,0
"Qwen3.5-2B, frozen",original-policy-05-1,148,162.4,0
"Qwen3.5-2B, frozen",original-policy-06-0,158,161.4,0
"Qwen3.5-2B, frozen",original-policy-06-1,148,165.0,0
"Qwen3.5-2B, frozen",original-intent-01-0,174,162.8,0
"Qwen3.5-2B, frozen",original-intent-01-1,175,161.6,0
"Qwen3.5-2B, frozen",original-intent-02-0,175,166.1,0
"Qwen3.5-2B, frozen",original-intent-02-1,174,164.4,0
"Qwen3.5-2B, frozen",original-intent-03-0,176,166.8,0
"Qwen3.5-2B, frozen",original-intent-03-1,174,165.0,0
"Qwen3.5-2B, frozen",original-intent-04-0,179,163.3,0
"Qwen3.5-2B, frozen",original-intent-04-1,174,164.4,0
"Qwen3.5-2B, frozen",original-intent-05-0,174,168.3,0
"Qwen3.5-2B, frozen",original-intent-05-1,173,170.5,0
"Qwen3.5-2B, frozen",original-intent-06-0,172,164.7,0
"Qwen3.5-2B, frozen",original-intent-06-1,177,166.8,0
"Qwen3.5-2B, frozen",original-ordinal-01-0,173,169.9,0
"Qwen3.5-2B, frozen",original-ordinal-01-1,175,168.2,0
"Qwen3.5-2B, frozen",original-ordinal-02-0,177,163.7,0
"Qwen3.5-2B, frozen",original-ordinal-02-1,178,168.8,0
"Qwen3.5-2B, frozen",original-ordinal-03-0,174,169.2,0
"Qwen3.5-2B, frozen",original-ordinal-03-1,176,171.4,0
"Qwen3.5-2B, frozen",original-ordinal-04-0,176,163.1,0
"Qwen3.5-2B, frozen",original-ordinal-04-1,175,167.4,0
"Qwen3.5-2B, frozen",original-ordinal-05-0,179,166.9,0
"Qwen3.5-2B, frozen",original-ordinal-05-1,178,167.0,0
"Qwen3.5-2B, frozen",original-ordinal-06-0,179,166.5,0
"Qwen3.5-2B, frozen",original-ordinal-06-1,186,164.2,0
"Qwen3.5-2B, frozen",original-extraction-01-0,156,122.1,0
"Qwen3.5-2B, frozen",original-extraction-01-1,158,164.2,0
"Qwen3.5-2B, frozen",original-extraction-02-0,159,163.1,0
"Qwen3.5-2B, frozen",original-extraction-02-1,158,164.9,0
"Qwen3.5-2B, frozen",original-extraction-03-0,162,170.2,0
"Qwen3.5-2B, frozen",original-extraction-03-1,161,164.0,0
"Qwen3.5-2B, frozen",original-extraction-04-0,159,162.0,0
"Qwen3.5-2B, frozen",original-extraction-04-1,156,168.9,0
"Qwen3.5-2B, frozen",original-extraction-05-0,159,166.0,0
"Qwen3.5-2B, frozen",original-extraction-05-1,155,165.6,0
"Qwen3.5-2B, frozen",original-extraction-06-0,159,158.7,0
"Qwen3.5-2B, frozen",original-extraction-06-1,158,161.6,0
"Qwen3.5-2B, frozen",original-adequacy-01-0,138,129.1,0
"Qwen3.5-2B, frozen",original-adequacy-01-1,134,164.3,0
"Qwen3.5-2B, frozen",original-adequacy-02-0,135,163.9,0
"Qwen3.5-2B, frozen",original-adequacy-02-1,135,163.6,0
"Qwen3.5-2B, frozen",original-adequacy-03-0,137,163.9,0
"Qwen3.5-2B, frozen",original-adequacy-03-1,141,164.9,0
"Qwen3.5-2B, frozen",original-adequacy-04-0,141,164.1,0
"Qwen3.5-2B, frozen",original-adequacy-04-1,138,167.3,0
"Qwen3.5-2B, frozen",original-adequacy-05-0,131,167.5,0
"Qwen3.5-2B, frozen",original-adequacy-05-1,131,163.1,0
"Qwen3.5-2B, frozen",original-adequacy-06-0,147,162.9,0
"Qwen3.5-2B, frozen",original-adequacy-06-1,148,161.8,0
"Qwen3.5-2B, frozen",original-routing-01-0,212,128.9,0
"Qwen3.5-2B, frozen",original-routing-01-1,209,165.5,0
"Qwen3.5-2B, frozen",original-routing-02-0,213,165.8,0
"Qwen3.5-2B, frozen",original-routing-02-1,207,163.0,0
"Qwen3.5-2B, frozen",original-routing-03-0,212,165.3,0
"Qwen3.5-2B, frozen",original-routing-03-1,214,170.3,0
"Qwen3.5-2B, frozen",original-routing-04-0,208,166.1,0
"Qwen3.5-2B, frozen",original-routing-04-1,207,165.9,0
"Qwen3.5-2B, frozen",original-routing-05-0,209,169.1,0
"Qwen3.5-2B, frozen",original-routing-05-1,209,162.6,0
"Qwen3.5-2B, frozen",original-routing-06-0,208,166.0,0
"Qwen3.5-2B, frozen",original-routing-06-1,207,165.0,0
"Qwen3.5-2B, frozen",easy-intent-00,194,126.1,0
"Qwen3.5-2B, frozen",easy-intent-01,194,162.9,0
"Qwen3.5-2B, frozen",easy-intent-02,197,167.6,0
"Qwen3.5-2B, frozen",easy-intent-03,186,170.3,0
"Qwen3.5-2B, frozen",easy-intent-04,191,162.3,0
"Qwen3.5-2B, frozen",easy-intent-05,190,160.8,0
"Qwen3.5-2B, frozen",easy-intent-06,182,167.2,0
"Qwen3.5-2B, frozen",easy-intent-07,175,166.4,0
"Qwen3.5-2B, frozen",easy-intent-08,177,165.0,0
"Qwen3.5-2B, frozen",easy-intent-09,180,165.0,0
"Qwen3.5-2B, frozen",easy-intent-10,178,165.7,0
"Qwen3.5-2B, frozen",easy-intent-11,178,168.3,0
"Qwen3.5-2B, frozen",easy-fact-00,135,126.4,0
"Qwen3.5-2B, frozen",easy-fact-01,133,165.8,0
"Qwen3.5-2B, frozen",easy-fact-02,141,167.0,0
"Qwen3.5-2B, frozen",easy-fact-03,144,159.9,0
"Qwen3.5-2B, frozen",easy-fact-04,133,164.3,0
"Qwen3.5-2B, frozen",easy-fact-05,134,161.9,0
"Qwen3.5-2B, frozen",easy-fact-06,154,160.1,0
"Qwen3.5-2B, frozen",easy-fact-07,129,164.9,0
"Qwen3.5-2B, frozen",easy-fact-08,125,156.4,0
"Qwen3.5-2B, frozen",easy-fact-09,125,155.7,0
"Qwen3.5-2B, frozen",easy-fact-10,135,162.6,0
"Qwen3.5-2B, frozen",easy-fact-11,136,161.1,0
"Qwen3.5-2B, frozen",easy-extraction-00,142,122.8,0
"Qwen3.5-2B, frozen",easy-extraction-01,144,160.7,0
"Qwen3.5-2B, frozen",easy-extraction-02,145,167.0,0
"Qwen3.5-2B, frozen",easy-extraction-03,146,163.8,0
"Qwen3.5-2B, frozen",easy-extraction-04,144,162.2,0
"Qwen3.5-2B, frozen",easy-extraction-05,144,165.6,0
"Qwen3.5-2B, frozen",easy-extraction-06,137,164.1,0
"Qwen3.5-2B, frozen",easy-extraction-07,136,165.2,0
"Qwen3.5-2B, frozen",easy-extraction-08,154,168.1,0
"Qwen3.5-2B, frozen",easy-extraction-09,156,167.9,0
"Qwen3.5-2B, frozen",easy-extraction-10,152,168.1,0
"Qwen3.5-2B, frozen",easy-extraction-11,148,162.9,0
"Qwen3.5-2B, frozen",easy-tool_selection-00,185,159.2,0
"Qwen3.5-2B, frozen",easy-tool_selection-01,186,169.7,0
"Qwen3.5-2B, frozen",easy-tool_selection-02,189,163.0,0
"Qwen3.5-2B, frozen",easy-tool_selection-03,187,167.5,0
"Qwen3.5-2B, frozen",easy-tool_selection-04,183,171.6,0
"Qwen3.5-2B, frozen",easy-tool_selection-05,189,166.7,0
"Qwen3.5-2B, frozen",easy-tool_selection-06,193,166.9,0
"Qwen3.5-2B, frozen",easy-tool_selection-07,193,159.9,0
"Qwen3.5-2B, frozen",easy-tool_selection-08,192,153.0,0
"Qwen3.5-2B, frozen",easy-tool_selection-09,189,161.8,0
"Qwen3.5-2B, frozen",easy-tool_selection-10,189,158.2,0
"Qwen3.5-2B, frozen",easy-tool_selection-11,192,152.7,0
"Qwen3.5-2B, frozen",hard-opus-a-long_policy-01,4033,1626.1,0
"Qwen3.5-2B, frozen",hard-opus-a-long_policy-04,2723,1076.5,0
"Qwen3.5-2B, frozen",hard-opus-a-long_policy-08,2476,890.1,0
"Qwen3.5-2B, frozen",hard-opus-a-long_policy-09,2612,1028.2,0
"Qwen3.5-2B, frozen",hard-opus-a-long_policy-11,2406,923.5,0
"Qwen3.5-2B, frozen",hard-opus-a-long_policy-13,2495,926.0,0
"Qwen3.5-2B, frozen",hard-opus-a-long_policy-17,2452,948.9,0
"Qwen3.5-2B, frozen",hard-opus-a-long_policy-19,2401,911.6,0
"Qwen3.5-2B, frozen",hard-opus-a-probability-03,480,250.1,0
"Qwen3.5-2B, frozen",hard-opus-a-probability-04,1158,444.9,0
"Qwen3.5-2B, frozen",hard-opus-a-probability-07,1275,432.0,0
"Qwen3.5-2B, frozen",hard-opus-a-probability-08,440,227.3,0
"Qwen3.5-2B, frozen",hard-opus-a-temporal_numeric-03,537,262.5,0
"Qwen3.5-2B, frozen",hard-opus-a-temporal_numeric-06,572,257.6,0
"Qwen3.5-2B, frozen",hard-opus-a-temporal_numeric-07,1376,552.5,0
"Qwen3.5-2B, frozen",hard-opus-a-temporal_numeric-09,571,259.0,0
"Qwen3.5-2B, frozen",hard-opus-a-temporal_numeric-12,655,289.3,0
"Qwen3.5-2B, frozen",hard-opus-b-ambiguous-02,597,278.5,0
"Qwen3.5-2B, frozen",hard-opus-b-ambiguous-03,550,228.7,0
"Qwen3.5-2B, frozen",hard-opus-b-ambiguous-07,552,258.4,0
"Qwen3.5-2B, frozen",hard-opus-b-ambiguous-09,693,284.7,0
"Qwen3.5-2B, frozen",hard-opus-b-ambiguous-10,497,235.0,0
"Qwen3.5-2B, frozen",hard-opus-b-ambiguous-11,518,263.4,0
"Qwen3.5-2B, frozen",hard-opus-b-ambiguous-13,667,284.2,0
"Qwen3.5-2B, frozen",hard-opus-b-multi_hop-03,3041,1200.6,0
"Qwen3.5-2B, frozen",hard-opus-b-multi_hop-04,2456,938.1,0
"Qwen3.5-2B, frozen",hard-opus-b-multi_hop-05,2673,1057.8,0
"Qwen3.5-2B, frozen",hard-opus-b-multi_hop-07,2744,1058.4,0
"Qwen3.5-2B, frozen",hard-opus-b-multi_hop-08,2389,898.7,0
"Qwen3.5-2B, frozen",hard-opus-b-probability-01,1975,779.9,0
"Qwen3.5-2B, frozen",hard-opus-b-probability-02,556,259.6,0
"Qwen3.5-2B, frozen",hard-opus-b-probability-03,1264,459.7,0
"Qwen3.5-2B, frozen",hard-opus-b-probability-04,656,284.2,0
"Qwen3.5-2B, frozen",hard-opus-b-probability-06,1076,377.5,0
"Qwen3.5-2B, frozen",hard-opus-b-tradeoff-01,916,383.2,0
"Qwen3.5-2B, frozen",hard-opus-b-tradeoff-03,830,355.5,0
"Qwen3.5-2B, frozen",hard-opus-b-tradeoff-06,841,350.0,0
"Qwen3.5-2B, frozen",hard-opus-b-tradeoff-07,793,347.2,0
"Qwen3.5-2B, frozen",hard-opus-b-tradeoff-08,654,283.4,0
"Qwen3.5-2B, frozen",hard-opus-b-tradeoff-12,670,283.9,0
"Qwen3.5-2B, frozen",hard-opus-c-long_policy-02,3686,1425.3,0
"Qwen3.5-2B, frozen",hard-opus-c-long_policy-03,3603,1439.3,0
"Qwen3.5-2B, frozen",hard-opus-c-long_policy-04,3387,1283.8,0
"Qwen3.5-2B, frozen",hard-opus-c-long_policy-05,3331,1320.4,0
"Qwen3.5-2B, frozen",hard-opus-c-long_policy-08,3350,1319.4,0
"Qwen3.5-2B, frozen",hard-opus-c-long_policy-10,3714,1480.8,0
"Qwen3.5-2B, frozen",hard-opus-c-long_policy-11,3465,1366.0,0
"Qwen3.5-2B, frozen",hard-opus-c-probability-03,611,255.0,0
"Qwen3.5-2B, frozen",hard-opus-c-temporal_numeric-02,989,378.9,0
"Qwen3.5-2B, frozen",hard-opus-c-temporal_numeric-03,943,378.8,0
"Qwen3.5-2B, frozen",hard-opus-c-temporal_numeric-04,856,346.3,0
"Qwen3.5-2B, frozen",hard-opus-c-temporal_numeric-06,1067,418.4,0
"Qwen3.5-2B, frozen",hard-opus-c-temporal_numeric-08,1062,414.1,0
"Qwen3.5-2B, frozen",hard-opus-c-temporal_numeric-12,878,352.5,0
"Qwen3.5-2B, frozen",hard-sol-a-adversarial-01,341,204.6,0
"Qwen3.5-2B, frozen",hard-sol-a-adversarial-06,287,153.5,0
"Qwen3.5-2B, frozen",hard-sol-a-adversarial-07,357,206.8,0
"Qwen3.5-2B, frozen",hard-sol-a-adversarial-08,264,196.5,0
"Qwen3.5-2B, frozen",hard-sol-a-adversarial-09,290,191.6,0
"Qwen3.5-2B, frozen",hard-sol-a-adversarial-11,363,206.4,0
"Qwen3.5-2B, frozen",hard-sol-a-multi_hop-01,2436,927.9,0
"Qwen3.5-2B, frozen",hard-sol-a-multi_hop-02,2463,896.7,0
"Qwen3.5-2B, frozen",hard-sol-a-multi_hop-05,2380,903.5,0
"Qwen3.5-2B, frozen",hard-sol-a-multi_hop-07,2372,911.0,0
"Qwen3.5-2B, frozen",hard-sol-a-multi_hop-08,2348,892.0,0
"Qwen3.5-2B, frozen",hard-sol-a-multi_hop-09,2346,872.5,0
"Qwen3.5-2B, frozen",hard-sol-a-multi_hop-10,2396,913.7,0
"Qwen3.5-2B, frozen",hard-sol-a-multi_hop-12,2357,901.0,0
"Qwen3.5-2B, frozen",hard-sol-a-trap-02,338,202.0,0
"Qwen3.5-2B, frozen",hard-sol-a-trap-04,243,151.8,0
"Qwen3.5-2B, frozen",hard-sol-a-trap-05,401,226.5,0
"Qwen3.5-2B, frozen",hard-sol-a-trap-06,409,237.0,0
"Qwen3.5-2B, frozen",hard-sol-a-trap-08,337,205.7,0
"Qwen3.5-2B, frozen",hard-sol-a-trap-10,262,195.8,0
"Qwen3.5-2B, frozen",hard-sol-a-trap-13,252,168.7,0
"Qwen3.5-2B, frozen",hard-sol-a-trap-15,354,202.2,0
"Qwen3.5-2B, frozen",hard-sol-b-judge_hard-01,332,203.8,0
"Qwen3.5-2B, frozen",hard-sol-b-judge_hard-02,256,166.4,0
"Qwen3.5-2B, frozen",hard-sol-b-judge_hard-05,275,191.2,0
"Qwen3.5-2B, frozen",hard-sol-b-judge_hard-08,258,155.5,0
"Qwen3.5-2B, frozen",hard-sol-b-judge_hard-10,277,192.3,0
"Qwen3.5-2B, frozen",hard-sol-b-judge_hard-14,294,195.8,0
"Qwen3.5-2B, frozen",hard-sol-b-judge_hard-15,250,168.0,0
"Qwen3.5-2B, frozen",hard-sol-b-judge_hard-18,217,171.6,0
"Qwen3.5-2B, frozen",hard-sol-b-long_policy-01,2816,1102.2,0
"Qwen3.5-2B, frozen",hard-sol-b-long_policy-02,2666,1035.4,0
"Qwen3.5-2B, frozen",hard-sol-b-long_policy-05,2627,1073.9,0
"Qwen3.5-2B, frozen",hard-sol-b-long_policy-06,2711,1088.3,0
"Qwen3.5-2B, frozen",hard-sol-b-routing_hard-01,379,207.7,0
"Qwen3.5-2B, frozen",hard-sol-b-routing_hard-02,362,188.1,0
"Qwen3.5-2B, frozen",hard-sol-b-routing_hard-03,360,210.8,0
"Qwen3.5-2B, frozen",hard-sol-b-routing_hard-07,342,205.6,0
"Qwen3.5-2B, frozen",hard-sol-b-routing_hard-09,348,207.9,0
"Qwen3.5-2B, frozen",hard-sol-b-temporal_numeric-01,346,206.6,0
"Qwen3.5-2B, frozen",hard-sol-b-temporal_numeric-02,360,205.4,0
"Qwen3.5-2B, frozen",hard-sol-b-temporal_numeric-03,294,191.9,0
"Qwen3.5-2B, frozen",hard-sol-b-temporal_numeric-04,301,189.9,0
"Qwen3.5-2B, frozen",hard-sol-c-judge_hard-03,439,229.6,0
"Qwen3.5-2B, frozen",hard-sol-c-judge_hard-05,401,228.3,0
"Qwen3.5-2B, frozen",hard-sol-c-judge_hard-07,365,192.7,0
"Qwen3.5-2B, frozen",hard-sol-c-judge_hard-08,359,206.1,0
"Qwen3.5-2B, frozen",hard-sol-c-judge_hard-09,390,224.2,0
"Qwen3.5-2B, frozen",hard-sol-c-judge_hard-10,419,227.0,0
"Qwen3.5-2B, frozen",hard-sol-c-judge_hard-11,390,223.8,0
"Qwen3.5-2B, frozen",hard-sol-c-judge_hard-13,380,208.4,0
"Qwen3.5-2B, frozen",hard-sol-c-judge_hard-15,334,203.7,0
"Qwen3.5-2B, frozen",hard-sol-c-multi_hop-07,2566,1053.3,0
"Qwen3.5-2B, frozen",hard-sol-c-multi_hop-09,2588,1003.1,0
"Qwen3.5-2B, frozen",hard-sol-c-multi_hop-11,2666,1066.0,0
"Qwen3.5-2B, frozen",hard-sol-c-multi_hop-12,610,272.2,0
"Qwen3.5-2B, frozen",hard-sol-c-multi_hop-13,2635,1044.2,0
"Qwen3-8B, frozen",original-policy-01-0,155,743968.4,1
"Qwen3-8B, frozen",original-policy-01-1,158,84.9,0
"Qwen3-8B, frozen",original-policy-02-0,144,84.4,0
"Qwen3-8B, frozen",original-policy-02-1,143,82.2,0
"Qwen3-8B, frozen",original-policy-03-0,146,82.3,0
"Qwen3-8B, frozen",original-policy-03-1,145,81.4,0
"Qwen3-8B, frozen",original-policy-04-0,152,81.0,0
"Qwen3-8B, frozen",original-policy-04-1,149,79.4,0
"Qwen3-8B, frozen",original-policy-05-0,156,82.5,0
"Qwen3-8B, frozen",original-policy-05-1,148,80.4,0
"Qwen3-8B, frozen",original-policy-06-0,158,81.2,0
"Qwen3-8B, frozen",original-policy-06-1,148,80.8,0
"Qwen3-8B, frozen",original-intent-01-0,174,83.5,0
"Qwen3-8B, frozen",original-intent-01-1,175,84.5,0
"Qwen3-8B, frozen",original-intent-02-0,175,82.6,0
"Qwen3-8B, frozen",original-intent-02-1,174,82.6,0
"Qwen3-8B, frozen",original-intent-03-0,176,81.1,0
"Qwen3-8B, frozen",original-intent-03-1,174,81.9,0
"Qwen3-8B, frozen",original-intent-04-0,179,80.5,0
"Qwen3-8B, frozen",original-intent-04-1,174,80.9,0
"Qwen3-8B, frozen",original-intent-05-0,174,79.9,0
"Qwen3-8B, frozen",original-intent-05-1,173,80.4,0
"Qwen3-8B, frozen",original-intent-06-0,172,81.3,0
"Qwen3-8B, frozen",original-intent-06-1,177,80.6,0
"Qwen3-8B, frozen",original-ordinal-01-0,173,80.2,0
"Qwen3-8B, frozen",original-ordinal-01-1,175,79.4,0
"Qwen3-8B, frozen",original-ordinal-02-0,177,80.2,0
"Qwen3-8B, frozen",original-ordinal-02-1,178,80.2,0
"Qwen3-8B, frozen",original-ordinal-03-0,174,78.8,0
"Qwen3-8B, frozen",original-ordinal-03-1,176,80.0,0
"Qwen3-8B, frozen",original-ordinal-04-0,176,79.7,0
"Qwen3-8B, frozen",original-ordinal-04-1,175,79.9,0
"Qwen3-8B, frozen",original-ordinal-05-0,179,80.1,0
"Qwen3-8B, frozen",original-ordinal-05-1,178,79.6,0
"Qwen3-8B, frozen",original-ordinal-06-0,179,79.3,0
"Qwen3-8B, frozen",original-ordinal-06-1,186,90.2,0
"Qwen3-8B, frozen",original-extraction-01-0,156,80.7,0
"Qwen3-8B, frozen",original-extraction-01-1,158,78.5,0
"Qwen3-8B, frozen",original-extraction-02-0,159,78.3,0
"Qwen3-8B, frozen",original-extraction-02-1,158,79.3,0
"Qwen3-8B, frozen",original-extraction-03-0,162,78.0,0
"Qwen3-8B, frozen",original-extraction-03-1,161,79.7,0
"Qwen3-8B, frozen",original-extraction-04-0,159,78.3,0
"Qwen3-8B, frozen",original-extraction-04-1,156,80.8,0
"Qwen3-8B, frozen",original-extraction-05-0,159,78.7,0
"Qwen3-8B, frozen",original-extraction-05-1,155,80.2,0
"Qwen3-8B, frozen",original-extraction-06-0,159,79.5,0
"Qwen3-8B, frozen",original-extraction-06-1,158,78.5,0
"Qwen3-8B, frozen",original-adequacy-01-0,138,75.9,0
"Qwen3-8B, frozen",original-adequacy-01-1,134,75.0,0
"Qwen3-8B, frozen",original-adequacy-02-0,135,74.7,0
"Qwen3-8B, frozen",original-adequacy-02-1,135,75.2,0
"Qwen3-8B, frozen",original-adequacy-03-0,137,75.6,0
"Qwen3-8B, frozen",original-adequacy-03-1,141,76.3,0
"Qwen3-8B, frozen",original-adequacy-04-0,141,76.5,0
"Qwen3-8B, frozen",original-adequacy-04-1,138,76.7,0
"Qwen3-8B, frozen",original-adequacy-05-0,131,74.9,0
"Qwen3-8B, frozen",original-adequacy-05-1,131,77.2,0
"Qwen3-8B, frozen",original-adequacy-06-0,147,77.1,0
"Qwen3-8B, frozen",original-adequacy-06-1,148,76.8,0
"Qwen3-8B, frozen",original-routing-01-0,212,97.8,0
"Qwen3-8B, frozen",original-routing-01-1,209,97.2,0
"Qwen3-8B, frozen",original-routing-02-0,213,97.8,0
"Qwen3-8B, frozen",original-routing-02-1,207,97.8,0
"Qwen3-8B, frozen",original-routing-03-0,212,97.5,0
"Qwen3-8B, frozen",original-routing-03-1,214,97.9,0
"Qwen3-8B, frozen",original-routing-04-0,208,97.4,0
"Qwen3-8B, frozen",original-routing-04-1,207,97.3,0
"Qwen3-8B, frozen",original-routing-05-0,209,97.3,0
"Qwen3-8B, frozen",original-routing-05-1,209,97.5,0
"Qwen3-8B, frozen",original-routing-06-0,208,97.1,0
"Qwen3-8B, frozen",original-routing-06-1,207,97.4,0
"Qwen3-8B, frozen",easy-intent-00,194,96.5,0
"Qwen3-8B, frozen",easy-intent-01,194,95.7,0
"Qwen3-8B, frozen",easy-intent-02,197,96.1,0
"Qwen3-8B, frozen",easy-intent-03,186,88.7,0
"Qwen3-8B, frozen",easy-intent-04,191,89.1,0
"Qwen3-8B, frozen",easy-intent-05,190,88.8,0
"Qwen3-8B, frozen",easy-intent-06,182,81.5,0
"Qwen3-8B, frozen",easy-intent-07,175,80.3,0
"Qwen3-8B, frozen",easy-intent-08,177,80.6,0
"Qwen3-8B, frozen",easy-intent-09,180,81.5,0
"Qwen3-8B, frozen",easy-intent-10,178,79.2,0
"Qwen3-8B, frozen",easy-intent-11,178,80.6,0
"Qwen3-8B, frozen",easy-fact-00,136,75.8,0
"Qwen3-8B, frozen",easy-fact-01,133,75.3,0
"Qwen3-8B, frozen",easy-fact-02,141,75.9,0
"Qwen3-8B, frozen",easy-fact-03,144,77.5,0
"Qwen3-8B, frozen",easy-fact-04,133,76.4,0
"Qwen3-8B, frozen",easy-fact-05,134,75.8,0
"Qwen3-8B, frozen",easy-fact-06,154,78.0,0
"Qwen3-8B, frozen",easy-fact-07,129,76.2,0
"Qwen3-8B, frozen",easy-fact-08,125,79.2,0
"Qwen3-8B, frozen",easy-fact-09,125,78.1,0
"Qwen3-8B, frozen",easy-fact-10,135,74.9,0
"Qwen3-8B, frozen",easy-fact-11,136,76.7,0
"Qwen3-8B, frozen",easy-extraction-00,142,77.8,0
"Qwen3-8B, frozen",easy-extraction-01,144,79.0,0
"Qwen3-8B, frozen",easy-extraction-02,145,79.0,0
"Qwen3-8B, frozen",easy-extraction-03,146,77.8,0
"Qwen3-8B, frozen",easy-extraction-04,144,77.1,0
"Qwen3-8B, frozen",easy-extraction-05,144,77.4,0
"Qwen3-8B, frozen",easy-extraction-06,137,76.6,0
"Qwen3-8B, frozen",easy-extraction-07,136,76.4,0
"Qwen3-8B, frozen",easy-extraction-08,154,78.5,0
"Qwen3-8B, frozen",easy-extraction-09,156,77.7,0
"Qwen3-8B, frozen",easy-extraction-10,152,78.3,0
"Qwen3-8B, frozen",easy-extraction-11,148,77.5,0
"Qwen3-8B, frozen",easy-tool_selection-00,185,88.9,0
"Qwen3-8B, frozen",easy-tool_selection-01,186,89.1,0
"Qwen3-8B, frozen",easy-tool_selection-02,189,89.4,0
"Qwen3-8B, frozen",easy-tool_selection-03,187,88.5,0
"Qwen3-8B, frozen",easy-tool_selection-04,183,80.9,0
"Qwen3-8B, frozen",easy-tool_selection-05,189,88.7,0
"Qwen3-8B, frozen",easy-tool_selection-06,193,96.3,0
"Qwen3-8B, frozen",easy-tool_selection-07,193,95.6,0
"Qwen3-8B, frozen",easy-tool_selection-08,192,89.3,0
"Qwen3-8B, frozen",easy-tool_selection-09,189,88.6,0
"Qwen3-8B, frozen",easy-tool_selection-10,189,88.5,0
"Qwen3-8B, frozen",easy-tool_selection-11,192,88.8,0
"Qwen3-8B, frozen",hard-opus-a-long_policy-01,4043,2538.9,0
"Qwen3-8B, frozen",hard-opus-a-long_policy-04,2724,1298.2,0
"Qwen3-8B, frozen",hard-opus-a-long_policy-08,2486,1172.2,0
"Qwen3-8B, frozen",hard-opus-a-long_policy-09,2631,1307.6,0
"Qwen3-8B, frozen",hard-opus-a-long_policy-11,2407,1123.1,0
"Qwen3-8B, frozen",hard-opus-a-long_policy-13,2498,1169.5,0
"Qwen3-8B, frozen",hard-opus-a-long_policy-17,2457,1165.3,0
"Qwen3-8B, frozen",hard-opus-a-long_policy-19,2411,1127.6,0
"Qwen3-8B, frozen",hard-opus-a-probability-03,480,158.8,0
"Qwen3-8B, frozen",hard-opus-a-probability-04,1158,443.4,0
"Qwen3-8B, frozen",hard-opus-a-probability-07,1275,471.6,0
"Qwen3-8B, frozen",hard-opus-a-probability-08,440,153.1,0
"Qwen3-8B, frozen",hard-opus-a-temporal_numeric-03,537,179.3,0
"Qwen3-8B, frozen",hard-opus-a-temporal_numeric-06,576,183.4,0
"Qwen3-8B, frozen",hard-opus-a-temporal_numeric-07,1377,572.8,0
"Qwen3-8B, frozen",hard-opus-a-temporal_numeric-09,573,183.5,0
"Qwen3-8B, frozen",hard-opus-a-temporal_numeric-12,655,256.5,0
"Qwen3-8B, frozen",hard-opus-b-ambiguous-02,597,185.9,0
"Qwen3-8B, frozen",hard-opus-b-ambiguous-03,551,181.0,0
"Qwen3-8B, frozen",hard-opus-b-ambiguous-07,556,182.3,0
"Qwen3-8B, frozen",hard-opus-b-ambiguous-09,697,259.8,0
"Qwen3-8B, frozen",hard-opus-b-ambiguous-10,497,162.0,0
"Qwen3-8B, frozen",hard-opus-b-ambiguous-11,521,177.0,0
"Qwen3-8B, frozen",hard-opus-b-ambiguous-13,668,259.2,0
"Qwen3-8B, frozen",hard-opus-b-multi_hop-03,3073,1609.1,0
"Qwen3-8B, frozen",hard-opus-b-multi_hop-04,2457,1169.1,0
"Qwen3-8B, frozen",hard-opus-b-multi_hop-05,2684,1284.6,0
"Qwen3-8B, frozen",hard-opus-b-multi_hop-07,2748,1324.0,0
"Qwen3-8B, frozen",hard-opus-b-multi_hop-08,2397,1123.4,0
"Qwen3-8B, frozen",hard-opus-b-probability-01,1976,844.5,0
"Qwen3-8B, frozen",hard-opus-b-probability-02,556,183.5,0
"Qwen3-8B, frozen",hard-opus-b-probability-03,1264,453.7,0
"Qwen3-8B, frozen",hard-opus-b-probability-04,656,255.4,0
"Qwen3-8B, frozen",hard-opus-b-probability-06,1076,409.1,0
"Qwen3-8B, frozen",hard-opus-b-tradeoff-01,921,341.0,0
"Qwen3-8B, frozen",hard-opus-b-tradeoff-03,836,306.7,0
"Qwen3-8B, frozen",hard-opus-b-tradeoff-06,841,305.6,0
"Qwen3-8B, frozen",hard-opus-b-tradeoff-07,793,302.1,0
"Qwen3-8B, frozen",hard-opus-b-tradeoff-08,658,255.3,0
"Qwen3-8B, frozen",hard-opus-b-tradeoff-12,670,258.8,0
"Qwen3-8B, frozen",hard-opus-c-long_policy-02,3688,2020.9,0
"Qwen3-8B, frozen",hard-opus-c-long_policy-03,3620,2003.1,0
"Qwen3-8B, frozen",hard-opus-c-long_policy-04,3393,1847.7,0
"Qwen3-8B, frozen",hard-opus-c-long_policy-05,3367,1842.8,0
"Qwen3-8B, frozen",hard-opus-c-long_policy-08,3352,1757.9,0
"Qwen3-8B, frozen",hard-opus-c-long_policy-10,3721,2157.4,0
"Qwen3-8B, frozen",hard-opus-c-long_policy-11,3516,1869.5,0
"Qwen3-8B, frozen",hard-opus-c-probability-03,632,192.7,0
"Qwen3-8B, frozen",hard-opus-c-temporal_numeric-02,997,352.3,0
"Qwen3-8B, frozen",hard-opus-c-temporal_numeric-03,943,348.3,0
"Qwen3-8B, frozen",hard-opus-c-temporal_numeric-04,857,317.1,0
"Qwen3-8B, frozen",hard-opus-c-temporal_numeric-06,1068,415.2,0
"Qwen3-8B, frozen",hard-opus-c-temporal_numeric-08,1062,419.5,0
"Qwen3-8B, frozen",hard-opus-c-temporal_numeric-12,880,317.3,0
"Qwen3-8B, frozen",hard-sol-a-adversarial-01,341,151.5,0
"Qwen3-8B, frozen",hard-sol-a-adversarial-06,287,132.7,0
"Qwen3-8B, frozen",hard-sol-a-adversarial-07,357,152.3,0
"Qwen3-8B, frozen",hard-sol-a-adversarial-08,268,130.5,0
"Qwen3-8B, frozen",hard-sol-a-adversarial-09,290,133.7,0
"Qwen3-8B, frozen",hard-sol-a-adversarial-11,363,137.2,0
"Qwen3-8B, frozen",hard-sol-a-multi_hop-01,2437,1168.4,0
"Qwen3-8B, frozen",hard-sol-a-multi_hop-02,2464,1136.2,0
"Qwen3-8B, frozen",hard-sol-a-multi_hop-05,2381,1130.7,0
"Qwen3-8B, frozen",hard-sol-a-multi_hop-07,2373,1131.8,0
"Qwen3-8B, frozen",hard-sol-a-multi_hop-08,2349,1118.7,0
"Qwen3-8B, frozen",hard-sol-a-multi_hop-09,2348,1078.0,0
"Qwen3-8B, frozen",hard-sol-a-multi_hop-10,2397,1135.4,0
"Qwen3-8B, frozen",hard-sol-a-multi_hop-12,2358,1122.3,0
"Qwen3-8B, frozen",hard-sol-a-trap-02,338,149.9,0
"Qwen3-8B, frozen",hard-sol-a-trap-04,243,100.2,0
"Qwen3-8B, frozen",hard-sol-a-trap-05,401,154.0,0
"Qwen3-8B, frozen",hard-sol-a-trap-06,409,155.1,0
"Qwen3-8B, frozen",hard-sol-a-trap-08,337,150.7,0
"Qwen3-8B, frozen",hard-sol-a-trap-10,262,122.5,0
"Qwen3-8B, frozen",hard-sol-a-trap-13,252,100.2,0
"Qwen3-8B, frozen",hard-sol-a-trap-15,357,152.5,0
"Qwen3-8B, frozen",hard-sol-b-judge_hard-01,332,149.7,0
"Qwen3-8B, frozen",hard-sol-b-judge_hard-02,256,101.0,0
"Qwen3-8B, frozen",hard-sol-b-judge_hard-05,275,131.4,0
"Qwen3-8B, frozen",hard-sol-b-judge_hard-08,258,120.3,0
"Qwen3-8B, frozen",hard-sol-b-judge_hard-10,277,131.3,0
"Qwen3-8B, frozen",hard-sol-b-judge_hard-14,294,133.2,0
"Qwen3-8B, frozen",hard-sol-b-judge_hard-15,250,100.0,0
"Qwen3-8B, frozen",hard-sol-b-judge_hard-18,217,97.1,0
"Qwen3-8B, frozen",hard-sol-b-long_policy-01,2834,1443.1,0
"Qwen3-8B, frozen",hard-sol-b-long_policy-02,2674,1333.2,0
"Qwen3-8B, frozen",hard-sol-b-long_policy-05,2636,1289.5,0
"Qwen3-8B, frozen",hard-sol-b-long_policy-06,2721,1363.4,0
"Qwen3-8B, frozen",hard-sol-b-routing_hard-01,379,142.0,0
"Qwen3-8B, frozen",hard-sol-b-routing_hard-02,362,155.5,0
"Qwen3-8B, frozen",hard-sol-b-routing_hard-03,360,155.6,0
"Qwen3-8B, frozen",hard-sol-b-routing_hard-07,344,153.0,0
"Qwen3-8B, frozen",hard-sol-b-routing_hard-09,348,154.1,0
"Qwen3-8B, frozen",hard-sol-b-temporal_numeric-01,346,152.8,0
"Qwen3-8B, frozen",hard-sol-b-temporal_numeric-02,361,153.1,0
"Qwen3-8B, frozen",hard-sol-b-temporal_numeric-03,295,134.0,0
"Qwen3-8B, frozen",hard-sol-b-temporal_numeric-04,301,134.0,0
"Qwen3-8B, frozen",hard-sol-c-judge_hard-03,439,155.1,0
"Qwen3-8B, frozen",hard-sol-c-judge_hard-05,401,151.1,0
"Qwen3-8B, frozen",hard-sol-c-judge_hard-07,366,137.0,0
"Qwen3-8B, frozen",hard-sol-c-judge_hard-08,359,151.9,0
"Qwen3-8B, frozen",hard-sol-c-judge_hard-09,391,150.2,0
"Qwen3-8B, frozen",hard-sol-c-judge_hard-10,420,152.7,0
"Qwen3-8B, frozen",hard-sol-c-judge_hard-11,390,150.8,0
"Qwen3-8B, frozen",hard-sol-c-judge_hard-13,380,138.0,0
"Qwen3-8B, frozen",hard-sol-c-judge_hard-15,334,149.6,0
"Qwen3-8B, frozen",hard-sol-c-multi_hop-07,2567,1298.6,0
"Qwen3-8B, frozen",hard-sol-c-multi_hop-09,2588,1264.0,0
"Qwen3-8B, frozen",hard-sol-c-multi_hop-11,2666,1327.1,0
"Qwen3-8B, frozen",hard-sol-c-multi_hop-12,613,192.3,0
"Qwen3-8B, frozen",hard-sol-c-multi_hop-13,2635,1328.2,0
"Qwen3-1.7B, frozen",original-policy-01-0,155,160857.2,1
"Qwen3-1.7B, frozen",original-policy-01-1,158,65.6,0
"Qwen3-1.7B, frozen",original-policy-02-0,144,65.1,0
"Qwen3-1.7B, frozen",original-policy-02-1,143,65.0,0
"Qwen3-1.7B, frozen",original-policy-03-0,146,66.5,0
"Qwen3-1.7B, frozen",original-policy-03-1,145,65.6,0
"Qwen3-1.7B, frozen",original-policy-04-0,152,63.2,0
"Qwen3-1.7B, frozen",original-policy-04-1,149,66.0,0
"Qwen3-1.7B, frozen",original-policy-05-0,156,66.0,0
"Qwen3-1.7B, frozen",original-policy-05-1,148,65.1,0
"Qwen3-1.7B, frozen",original-policy-06-0,158,64.9,0
"Qwen3-1.7B, frozen",original-policy-06-1,148,65.9,0
"Qwen3-1.7B, frozen",original-intent-01-0,174,73.6,0
"Qwen3-1.7B, frozen",original-intent-01-1,175,68.6,0
"Qwen3-1.7B, frozen",original-intent-02-0,175,67.0,0
"Qwen3-1.7B, frozen",original-intent-02-1,174,65.2,0
"Qwen3-1.7B, frozen",original-intent-03-0,176,65.6,0
"Qwen3-1.7B, frozen",original-intent-03-1,174,66.3,0
"Qwen3-1.7B, frozen",original-intent-04-0,179,65.9,0
"Qwen3-1.7B, frozen",original-intent-04-1,174,66.6,0
"Qwen3-1.7B, frozen",original-intent-05-0,174,69.1,0
"Qwen3-1.7B, frozen",original-intent-05-1,173,66.4,0
"Qwen3-1.7B, frozen",original-intent-06-0,172,66.9,0
"Qwen3-1.7B, frozen",original-intent-06-1,177,67.1,0
"Qwen3-1.7B, frozen",original-ordinal-01-0,173,66.0,0
"Qwen3-1.7B, frozen",original-ordinal-01-1,175,66.4,0
"Qwen3-1.7B, frozen",original-ordinal-02-0,177,66.4,0
"Qwen3-1.7B, frozen",original-ordinal-02-1,178,65.9,0
"Qwen3-1.7B, frozen",original-ordinal-03-0,174,66.3,0
"Qwen3-1.7B, frozen",original-ordinal-03-1,176,67.0,0
"Qwen3-1.7B, frozen",original-ordinal-04-0,176,67.2,0
"Qwen3-1.7B, frozen",original-ordinal-04-1,175,66.4,0
"Qwen3-1.7B, frozen",original-ordinal-05-0,179,65.6,0
"Qwen3-1.7B, frozen",original-ordinal-05-1,178,66.6,0
"Qwen3-1.7B, frozen",original-ordinal-06-0,179,66.1,0
"Qwen3-1.7B, frozen",original-ordinal-06-1,186,68.2,0
"Qwen3-1.7B, frozen",original-extraction-01-0,156,68.6,0
"Qwen3-1.7B, frozen",original-extraction-01-1,158,66.1,0
"Qwen3-1.7B, frozen",original-extraction-02-0,159,66.2,0
"Qwen3-1.7B, frozen",original-extraction-02-1,158,67.0,0
"Qwen3-1.7B, frozen",original-extraction-03-0,162,66.5,0
"Qwen3-1.7B, frozen",original-extraction-03-1,161,65.5,0
"Qwen3-1.7B, frozen",original-extraction-04-0,159,65.6,0
"Qwen3-1.7B, frozen",original-extraction-04-1,156,67.0,0
"Qwen3-1.7B, frozen",original-extraction-05-0,159,66.4,0
"Qwen3-1.7B, frozen",original-extraction-05-1,155,66.8,0
"Qwen3-1.7B, frozen",original-extraction-06-0,159,65.9,0
"Qwen3-1.7B, frozen",original-extraction-06-1,158,65.1,0
"Qwen3-1.7B, frozen",original-adequacy-01-0,138,65.0,0
"Qwen3-1.7B, frozen",original-adequacy-01-1,134,66.6,0
"Qwen3-1.7B, frozen",original-adequacy-02-0,135,67.2,0
"Qwen3-1.7B, frozen",original-adequacy-02-1,135,66.1,0
"Qwen3-1.7B, frozen",original-adequacy-03-0,137,66.3,0
"Qwen3-1.7B, frozen",original-adequacy-03-1,141,67.5,0
"Qwen3-1.7B, frozen",original-adequacy-04-0,141,68.9,0
"Qwen3-1.7B, frozen",original-adequacy-04-1,138,66.3,0
"Qwen3-1.7B, frozen",original-adequacy-05-0,131,67.5,0
"Qwen3-1.7B, frozen",original-adequacy-05-1,131,67.5,0
"Qwen3-1.7B, frozen",original-adequacy-06-0,147,66.0,0
"Qwen3-1.7B, frozen",original-adequacy-06-1,148,66.7,0
"Qwen3-1.7B, frozen",original-routing-01-0,212,68.5,0
"Qwen3-1.7B, frozen",original-routing-01-1,209,70.0,0
"Qwen3-1.7B, frozen",original-routing-02-0,213,69.1,0
"Qwen3-1.7B, frozen",original-routing-02-1,207,70.0,0
"Qwen3-1.7B, frozen",original-routing-03-0,212,70.6,0
"Qwen3-1.7B, frozen",original-routing-03-1,214,68.4,0
"Qwen3-1.7B, frozen",original-routing-04-0,208,67.8,0
"Qwen3-1.7B, frozen",original-routing-04-1,207,69.7,0
"Qwen3-1.7B, frozen",original-routing-05-0,209,68.3,0
"Qwen3-1.7B, frozen",original-routing-05-1,209,69.6,0
"Qwen3-1.7B, frozen",original-routing-06-0,208,67.9,0
"Qwen3-1.7B, frozen",original-routing-06-1,207,68.1,0
"Qwen3-1.7B, frozen",easy-intent-00,194,68.2,0
"Qwen3-1.7B, frozen",easy-intent-01,194,69.4,0
"Qwen3-1.7B, frozen",easy-intent-02,197,67.8,0
"Qwen3-1.7B, frozen",easy-intent-03,186,69.9,0
"Qwen3-1.7B, frozen",easy-intent-04,191,66.5,0
"Qwen3-1.7B, frozen",easy-intent-05,190,67.8,0
"Qwen3-1.7B, frozen",easy-intent-06,182,68.3,0
"Qwen3-1.7B, frozen",easy-intent-07,175,70.5,0
"Qwen3-1.7B, frozen",easy-intent-08,177,69.3,0
"Qwen3-1.7B, frozen",easy-intent-09,180,69.1,0
"Qwen3-1.7B, frozen",easy-intent-10,178,68.3,0
"Qwen3-1.7B, frozen",easy-intent-11,178,71.0,0
"Qwen3-1.7B, frozen",easy-fact-00,136,67.9,0
"Qwen3-1.7B, frozen",easy-fact-01,133,68.8,0
"Qwen3-1.7B, frozen",easy-fact-02,141,66.6,0
"Qwen3-1.7B, frozen",easy-fact-03,144,64.6,0
"Qwen3-1.7B, frozen",easy-fact-04,133,67.1,0
"Qwen3-1.7B, frozen",easy-fact-05,134,67.4,0
"Qwen3-1.7B, frozen",easy-fact-06,154,65.5,0
"Qwen3-1.7B, frozen",easy-fact-07,129,67.4,0
"Qwen3-1.7B, frozen",easy-fact-08,125,67.8,0
"Qwen3-1.7B, frozen",easy-fact-09,125,66.5,0
"Qwen3-1.7B, frozen",easy-fact-10,135,67.7,0
"Qwen3-1.7B, frozen",easy-fact-11,136,66.4,0
"Qwen3-1.7B, frozen",easy-extraction-00,142,66.7,0
"Qwen3-1.7B, frozen",easy-extraction-01,144,66.9,0
"Qwen3-1.7B, frozen",easy-extraction-02,145,66.3,0
"Qwen3-1.7B, frozen",easy-extraction-03,146,67.2,0
"Qwen3-1.7B, frozen",easy-extraction-04,144,66.2,0
"Qwen3-1.7B, frozen",easy-extraction-05,144,66.7,0
"Qwen3-1.7B, frozen",easy-extraction-06,137,64.6,0
"Qwen3-1.7B, frozen",easy-extraction-07,136,67.3,0
"Qwen3-1.7B, frozen",easy-extraction-08,154,65.7,0
"Qwen3-1.7B, frozen",easy-extraction-09,156,66.9,0
"Qwen3-1.7B, frozen",easy-extraction-10,152,66.8,0
"Qwen3-1.7B, frozen",easy-extraction-11,148,65.4,0
"Qwen3-1.7B, frozen",easy-tool_selection-00,185,69.4,0
"Qwen3-1.7B, frozen",easy-tool_selection-01,186,71.0,0
"Qwen3-1.7B, frozen",easy-tool_selection-02,189,66.6,0
"Qwen3-1.7B, frozen",easy-tool_selection-03,187,69.8,0
"Qwen3-1.7B, frozen",easy-tool_selection-04,183,69.3,0
"Qwen3-1.7B, frozen",easy-tool_selection-05,189,66.1,0
"Qwen3-1.7B, frozen",easy-tool_selection-06,193,68.7,0
"Qwen3-1.7B, frozen",easy-tool_selection-07,193,66.4,0
"Qwen3-1.7B, frozen",easy-tool_selection-08,192,67.1,0
"Qwen3-1.7B, frozen",easy-tool_selection-09,189,65.8,0
"Qwen3-1.7B, frozen",easy-tool_selection-10,189,66.8,0
"Qwen3-1.7B, frozen",easy-tool_selection-11,192,65.6,0
"Qwen3-1.7B, frozen",hard-opus-a-long_policy-01,4043,977.1,0
"Qwen3-1.7B, frozen",hard-opus-a-long_policy-04,2724,464.9,0
"Qwen3-1.7B, frozen",hard-opus-a-long_policy-08,2486,398.3,0
"Qwen3-1.7B, frozen",hard-opus-a-long_policy-09,2631,465.5,0
"Qwen3-1.7B, frozen",hard-opus-a-long_policy-11,2407,377.6,0
"Qwen3-1.7B, frozen",hard-opus-a-long_policy-13,2498,391.0,0
"Qwen3-1.7B, frozen",hard-opus-a-long_policy-17,2457,395.2,0
"Qwen3-1.7B, frozen",hard-opus-a-long_policy-19,2411,374.9,0
"Qwen3-1.7B, frozen",hard-opus-a-probability-03,480,64.0,0
"Qwen3-1.7B, frozen",hard-opus-a-probability-04,1158,143.6,0
"Qwen3-1.7B, frozen",hard-opus-a-probability-07,1275,156.6,0
"Qwen3-1.7B, frozen",hard-opus-a-probability-08,440,64.2,0
"Qwen3-1.7B, frozen",hard-opus-a-temporal_numeric-03,537,66.5,0
"Qwen3-1.7B, frozen",hard-opus-a-temporal_numeric-06,576,66.6,0
"Qwen3-1.7B, frozen",hard-opus-a-temporal_numeric-07,1377,190.1,0
"Qwen3-1.7B, frozen",hard-opus-a-temporal_numeric-09,573,66.1,0
"Qwen3-1.7B, frozen",hard-opus-a-temporal_numeric-12,655,76.8,0
"Qwen3-1.7B, frozen",hard-opus-b-ambiguous-02,597,68.5,0
"Qwen3-1.7B, frozen",hard-opus-b-ambiguous-03,551,66.6,0
"Qwen3-1.7B, frozen",hard-opus-b-ambiguous-07,556,67.1,0
"Qwen3-1.7B, frozen",hard-opus-b-ambiguous-09,697,77.7,0
"Qwen3-1.7B, frozen",hard-opus-b-ambiguous-10,497,66.6,0
"Qwen3-1.7B, frozen",hard-opus-b-ambiguous-11,521,67.1,0
"Qwen3-1.7B, frozen",hard-opus-b-ambiguous-13,668,77.6,0
"Qwen3-1.7B, frozen",hard-opus-b-multi_hop-03,3073,563.5,0
"Qwen3-1.7B, frozen",hard-opus-b-multi_hop-04,2457,398.8,0
"Qwen3-1.7B, frozen",hard-opus-b-multi_hop-05,2684,456.0,0
"Qwen3-1.7B, frozen",hard-opus-b-multi_hop-07,2748,476.1,0
"Qwen3-1.7B, frozen",hard-opus-b-multi_hop-08,2397,374.6,0
"Qwen3-1.7B, frozen",hard-opus-b-probability-01,1976,284.8,0
"Qwen3-1.7B, frozen",hard-opus-b-probability-02,556,67.5,0
"Qwen3-1.7B, frozen",hard-opus-b-probability-03,1264,151.1,0
"Qwen3-1.7B, frozen",hard-opus-b-probability-04,656,76.5,0
"Qwen3-1.7B, frozen",hard-opus-b-probability-06,1076,130.0,0
"Qwen3-1.7B, frozen",hard-opus-b-tradeoff-01,921,112.7,0
"Qwen3-1.7B, frozen",hard-opus-b-tradeoff-03,836,99.8,0
"Qwen3-1.7B, frozen",hard-opus-b-tradeoff-06,841,99.7,0
"Qwen3-1.7B, frozen",hard-opus-b-tradeoff-07,793,101.0,0
"Qwen3-1.7B, frozen",hard-opus-b-tradeoff-08,658,74.7,0
"Qwen3-1.7B, frozen",hard-opus-b-tradeoff-12,670,79.6,0
"Qwen3-1.7B, frozen",hard-opus-c-long_policy-02,3688,704.4,0
"Qwen3-1.7B, frozen",hard-opus-c-long_policy-03,3620,693.5,0
"Qwen3-1.7B, frozen",hard-opus-c-long_policy-04,3393,634.3,0
"Qwen3-1.7B, frozen",hard-opus-c-long_policy-05,3367,642.7,0
"Qwen3-1.7B, frozen",hard-opus-c-long_policy-08,3352,604.4,0
"Qwen3-1.7B, frozen",hard-opus-c-long_policy-10,3721,746.2,0
"Qwen3-1.7B, frozen",hard-opus-c-long_policy-11,3516,638.3,0
"Qwen3-1.7B, frozen",hard-opus-c-probability-03,632,68.6,0
"Qwen3-1.7B, frozen",hard-opus-c-temporal_numeric-02,997,111.4,0
"Qwen3-1.7B, frozen",hard-opus-c-temporal_numeric-03,943,113.6,0
"Qwen3-1.7B, frozen",hard-opus-c-temporal_numeric-04,857,104.0,0
"Qwen3-1.7B, frozen",hard-opus-c-temporal_numeric-06,1068,134.3,0
"Qwen3-1.7B, frozen",hard-opus-c-temporal_numeric-08,1062,135.5,0
"Qwen3-1.7B, frozen",hard-opus-c-temporal_numeric-12,880,102.1,0
"Qwen3-1.7B, frozen",hard-sol-a-adversarial-01,341,66.7,0
"Qwen3-1.7B, frozen",hard-sol-a-adversarial-06,287,65.6,0
"Qwen3-1.7B, frozen",hard-sol-a-adversarial-07,357,67.0,0
"Qwen3-1.7B, frozen",hard-sol-a-adversarial-08,268,65.9,0
"Qwen3-1.7B, frozen",hard-sol-a-adversarial-09,290,67.5,0
"Qwen3-1.7B, frozen",hard-sol-a-adversarial-11,363,69.6,0
"Qwen3-1.7B, frozen",hard-sol-a-multi_hop-01,2437,394.4,0
"Qwen3-1.7B, frozen",hard-sol-a-multi_hop-02,2464,377.3,0
"Qwen3-1.7B, frozen",hard-sol-a-multi_hop-05,2381,377.8,0
"Qwen3-1.7B, frozen",hard-sol-a-multi_hop-07,2373,377.3,0
"Qwen3-1.7B, frozen",hard-sol-a-multi_hop-08,2349,372.4,0
"Qwen3-1.7B, frozen",hard-sol-a-multi_hop-09,2348,358.8,0
"Qwen3-1.7B, frozen",hard-sol-a-multi_hop-10,2397,379.6,0
"Qwen3-1.7B, frozen",hard-sol-a-multi_hop-12,2358,374.3,0
"Qwen3-1.7B, frozen",hard-sol-a-trap-02,338,64.8,0
"Qwen3-1.7B, frozen",hard-sol-a-trap-04,243,66.8,0
"Qwen3-1.7B, frozen",hard-sol-a-trap-05,401,66.1,0
"Qwen3-1.7B, frozen",hard-sol-a-trap-06,409,65.0,0
"Qwen3-1.7B, frozen",hard-sol-a-trap-08,337,66.6,0
"Qwen3-1.7B, frozen",hard-sol-a-trap-10,262,65.9,0
"Qwen3-1.7B, frozen",hard-sol-a-trap-13,252,68.6,0
"Qwen3-1.7B, frozen",hard-sol-a-trap-15,357,65.3,0
"Qwen3-1.7B, frozen",hard-sol-b-judge_hard-01,332,65.7,0
"Qwen3-1.7B, frozen",hard-sol-b-judge_hard-02,256,66.1,0
"Qwen3-1.7B, frozen",hard-sol-b-judge_hard-05,275,66.6,0
"Qwen3-1.7B, frozen",hard-sol-b-judge_hard-08,258,65.8,0
"Qwen3-1.7B, frozen",hard-sol-b-judge_hard-10,277,64.5,0
"Qwen3-1.7B, frozen",hard-sol-b-judge_hard-14,294,65.4,0
"Qwen3-1.7B, frozen",hard-sol-b-judge_hard-15,250,66.5,0
"Qwen3-1.7B, frozen",hard-sol-b-judge_hard-18,217,65.8,0
"Qwen3-1.7B, frozen",hard-sol-b-long_policy-01,2834,505.6,0
"Qwen3-1.7B, frozen",hard-sol-b-long_policy-02,2674,467.1,0
"Qwen3-1.7B, frozen",hard-sol-b-long_policy-05,2636,452.0,0
"Qwen3-1.7B, frozen",hard-sol-b-long_policy-06,2721,479.5,0
"Qwen3-1.7B, frozen",hard-sol-b-routing_hard-01,379,68.0,0
"Qwen3-1.7B, frozen",hard-sol-b-routing_hard-02,362,65.8,0
"Qwen3-1.7B, frozen",hard-sol-b-routing_hard-03,360,67.1,0
"Qwen3-1.7B, frozen",hard-sol-b-routing_hard-07,344,65.5,0
"Qwen3-1.7B, frozen",hard-sol-b-routing_hard-09,348,64.9,0
"Qwen3-1.7B, frozen",hard-sol-b-temporal_numeric-01,346,66.6,0
"Qwen3-1.7B, frozen",hard-sol-b-temporal_numeric-02,361,66.7,0
"Qwen3-1.7B, frozen",hard-sol-b-temporal_numeric-03,295,64.0,0
"Qwen3-1.7B, frozen",hard-sol-b-temporal_numeric-04,301,63.9,0
"Qwen3-1.7B, frozen",hard-sol-c-judge_hard-03,439,65.1,0
"Qwen3-1.7B, frozen",hard-sol-c-judge_hard-05,401,62.5,0
"Qwen3-1.7B, frozen",hard-sol-c-judge_hard-07,366,65.7,0
"Qwen3-1.7B, frozen",hard-sol-c-judge_hard-08,359,63.9,0
"Qwen3-1.7B, frozen",hard-sol-c-judge_hard-09,391,63.0,0
"Qwen3-1.7B, frozen",hard-sol-c-judge_hard-10,420,63.2,0
"Qwen3-1.7B, frozen",hard-sol-c-judge_hard-11,390,65.7,0
"Qwen3-1.7B, frozen",hard-sol-c-judge_hard-13,380,65.5,0
"Qwen3-1.7B, frozen",hard-sol-c-judge_hard-15,334,68.0,0
"Qwen3-1.7B, frozen",hard-sol-c-multi_hop-07,2567,451.1,0
"Qwen3-1.7B, frozen",hard-sol-c-multi_hop-09,2588,437.2,0
"Qwen3-1.7B, frozen",hard-sol-c-multi_hop-11,2666,468.0,0
"Qwen3-1.7B, frozen",hard-sol-c-multi_hop-12,613,71.4,0
"Qwen3-1.7B, frozen",hard-sol-c-multi_hop-13,2635,464.5,0
