run,task_id,correct
v5,original-policy-01-0,0
v5,original-policy-01-1,1
v5,original-policy-02-0,1
v5,original-policy-02-1,0
v5,original-policy-03-0,1
v5,original-policy-03-1,0
v5,original-policy-04-0,0
v5,original-policy-04-1,1
v5,original-policy-05-0,0
v5,original-policy-05-1,1
v5,original-policy-06-0,1
v5,original-policy-06-1,1
v5,original-intent-01-0,1
v5,original-intent-01-1,1
v5,original-intent-02-0,0
v5,original-intent-02-1,1
v5,original-intent-03-0,1
v5,original-intent-03-1,1
v5,original-intent-04-0,1
v5,original-intent-04-1,1
v5,original-intent-05-0,0
v5,original-intent-05-1,0
v5,original-intent-06-0,1
v5,original-intent-06-1,1
v5,original-ordinal-01-0,1
v5,original-ordinal-01-1,1
v5,original-ordinal-02-0,1
v5,original-ordinal-02-1,1
v5,original-ordinal-03-0,1
v5,original-ordinal-03-1,0
v5,original-ordinal-04-0,1
v5,original-ordinal-04-1,1
v5,original-ordinal-05-0,0
v5,original-ordinal-05-1,1
v5,original-ordinal-06-0,1
v5,original-ordinal-06-1,1
v5,original-extraction-01-0,1
v5,original-extraction-01-1,1
v5,original-extraction-02-0,0
v5,original-extraction-02-1,1
v5,original-extraction-03-0,1
v5,original-extraction-03-1,1
v5,original-extraction-04-0,1
v5,original-extraction-04-1,1
v5,original-extraction-05-0,1
v5,original-extraction-05-1,0
v5,original-extraction-06-0,1
v5,original-extraction-06-1,1
v5,original-adequacy-01-0,1
v5,original-adequacy-01-1,1
v5,original-adequacy-02-0,0
v5,original-adequacy-02-1,1
v5,original-adequacy-03-0,0
v5,original-adequacy-03-1,0
v5,original-adequacy-04-0,1
v5,original-adequacy-04-1,0
v5,original-adequacy-05-0,1
v5,original-adequacy-05-1,1
v5,original-adequacy-06-0,0
v5,original-adequacy-06-1,1
v5,original-routing-01-0,1
v5,original-routing-01-1,1
v5,original-routing-02-0,1
v5,original-routing-02-1,1
v5,original-routing-03-0,1
v5,original-routing-03-1,1
v5,original-routing-04-0,1
v5,original-routing-04-1,1
v5,original-routing-05-0,1
v5,original-routing-05-1,1
v5,original-routing-06-0,1
v5,original-routing-06-1,1
v5,easy-intent-00,1
v5,easy-intent-01,1
v5,easy-intent-02,1
v5,easy-intent-03,1
v5,easy-intent-04,1
v5,easy-intent-05,1
v5,easy-intent-06,1
v5,easy-intent-07,1
v5,easy-intent-08,1
v5,easy-intent-09,1
v5,easy-intent-10,1
v5,easy-intent-11,1
v5,easy-fact-00,1
v5,easy-fact-01,1
v5,easy-fact-02,1
v5,easy-fact-03,1
v5,easy-fact-04,1
v5,easy-fact-05,1
v5,easy-fact-06,1
v5,easy-fact-07,1
v5,easy-fact-08,1
v5,easy-fact-09,1
v5,easy-fact-10,1
v5,easy-fact-11,1
v5,easy-extraction-00,1
v5,easy-extraction-01,1
v5,easy-extraction-02,1
v5,easy-extraction-03,1
v5,easy-extraction-04,1
v5,easy-extraction-05,1
v5,easy-extraction-06,1
v5,easy-extraction-07,1
v5,easy-extraction-08,1
v5,easy-extraction-09,1
v5,easy-extraction-10,1
v5,easy-extraction-11,1
v5,easy-tool_selection-00,1
v5,easy-tool_selection-01,1
v5,easy-tool_selection-02,1
v5,easy-tool_selection-03,1
v5,easy-tool_selection-04,1
v5,easy-tool_selection-05,1
v5,easy-tool_selection-06,1
v5,easy-tool_selection-07,1
v5,easy-tool_selection-08,1
v5,easy-tool_selection-09,1
v5,easy-tool_selection-10,1
v5,easy-tool_selection-11,1
v5,hard-opus-a-long_policy-01,0
v5,hard-opus-a-long_policy-04,0
v5,hard-opus-a-long_policy-08,1
v5,hard-opus-a-long_policy-09,0
v5,hard-opus-a-long_policy-11,1
v5,hard-opus-a-long_policy-13,1
v5,hard-opus-a-long_policy-17,0
v5,hard-opus-a-long_policy-19,0
v5,hard-opus-a-probability-03,1
v5,hard-opus-a-probability-04,0
v5,hard-opus-a-probability-07,0
v5,hard-opus-a-probability-08,0
v5,hard-opus-a-temporal_numeric-03,0
v5,hard-opus-a-temporal_numeric-06,0
v5,hard-opus-a-temporal_numeric-07,0
v5,hard-opus-a-temporal_numeric-09,0
v5,hard-opus-a-temporal_numeric-12,0
v5,hard-opus-b-ambiguous-02,1
v5,hard-opus-b-ambiguous-03,0
v5,hard-opus-b-ambiguous-07,0
v5,hard-opus-b-ambiguous-09,0
v5,hard-opus-b-ambiguous-10,0
v5,hard-opus-b-ambiguous-11,1
v5,hard-opus-b-ambiguous-13,0
v5,hard-opus-b-multi_hop-03,0
v5,hard-opus-b-multi_hop-04,0
v5,hard-opus-b-multi_hop-05,0
v5,hard-opus-b-multi_hop-07,0
v5,hard-opus-b-multi_hop-08,0
v5,hard-opus-b-probability-01,1
v5,hard-opus-b-probability-02,0
v5,hard-opus-b-probability-03,1
v5,hard-opus-b-probability-04,0
v5,hard-opus-b-probability-06,0
v5,hard-opus-b-tradeoff-01,0
v5,hard-opus-b-tradeoff-03,0
v5,hard-opus-b-tradeoff-06,1
v5,hard-opus-b-tradeoff-07,1
v5,hard-opus-b-tradeoff-08,0
v5,hard-opus-b-tradeoff-12,0
v5,hard-opus-c-long_policy-02,0
v5,hard-opus-c-long_policy-03,0
v5,hard-opus-c-long_policy-04,1
v5,hard-opus-c-long_policy-05,1
v5,hard-opus-c-long_policy-08,0
v5,hard-opus-c-long_policy-10,1
v5,hard-opus-c-long_policy-11,0
v5,hard-opus-c-probability-03,0
v5,hard-opus-c-temporal_numeric-02,1
v5,hard-opus-c-temporal_numeric-03,0
v5,hard-opus-c-temporal_numeric-04,0
v5,hard-opus-c-temporal_numeric-06,0
v5,hard-opus-c-temporal_numeric-08,0
v5,hard-opus-c-temporal_numeric-12,1
v5,hard-sol-a-adversarial-01,0
v5,hard-sol-a-adversarial-06,0
v5,hard-sol-a-adversarial-07,1
v5,hard-sol-a-adversarial-08,1
v5,hard-sol-a-adversarial-09,0
v5,hard-sol-a-adversarial-11,1
v5,hard-sol-a-multi_hop-01,1
v5,hard-sol-a-multi_hop-02,1
v5,hard-sol-a-multi_hop-05,0
v5,hard-sol-a-multi_hop-07,0
v5,hard-sol-a-multi_hop-08,0
v5,hard-sol-a-multi_hop-09,1
v5,hard-sol-a-multi_hop-10,1
v5,hard-sol-a-multi_hop-12,0
v5,hard-sol-a-trap-02,1
v5,hard-sol-a-trap-04,1
v5,hard-sol-a-trap-05,0
v5,hard-sol-a-trap-06,1
v5,hard-sol-a-trap-08,1
v5,hard-sol-a-trap-10,1
v5,hard-sol-a-trap-13,0
v5,hard-sol-a-trap-15,0
v5,hard-sol-b-judge_hard-01,1
v5,hard-sol-b-judge_hard-02,0
v5,hard-sol-b-judge_hard-05,1
v5,hard-sol-b-judge_hard-08,0
v5,hard-sol-b-judge_hard-10,0
v5,hard-sol-b-judge_hard-14,0
v5,hard-sol-b-judge_hard-15,1
v5,hard-sol-b-judge_hard-18,0
v5,hard-sol-b-long_policy-01,0
v5,hard-sol-b-long_policy-02,0
v5,hard-sol-b-long_policy-05,1
v5,hard-sol-b-long_policy-06,0
v5,hard-sol-b-routing_hard-01,1
v5,hard-sol-b-routing_hard-02,1
v5,hard-sol-b-routing_hard-03,1
v5,hard-sol-b-routing_hard-07,1
v5,hard-sol-b-routing_hard-09,1
v5,hard-sol-b-temporal_numeric-01,0
v5,hard-sol-b-temporal_numeric-02,1
v5,hard-sol-b-temporal_numeric-03,1
v5,hard-sol-b-temporal_numeric-04,0
v5,hard-sol-c-judge_hard-03,0
v5,hard-sol-c-judge_hard-05,1
v5,hard-sol-c-judge_hard-07,0
v5,hard-sol-c-judge_hard-08,0
v5,hard-sol-c-judge_hard-09,1
v5,hard-sol-c-judge_hard-10,1
v5,hard-sol-c-judge_hard-11,0
v5,hard-sol-c-judge_hard-13,0
v5,hard-sol-c-judge_hard-15,1
v5,hard-sol-c-multi_hop-07,0
v5,hard-sol-c-multi_hop-09,1
v5,hard-sol-c-multi_hop-11,0
v5,hard-sol-c-multi_hop-12,0
v5,hard-sol-c-multi_hop-13,1
v6,original-policy-01-0,1
v6,original-policy-01-1,1
v6,original-policy-02-0,0
v6,original-policy-02-1,0
v6,original-policy-03-0,1
v6,original-policy-03-1,0
v6,original-policy-04-0,0
v6,original-policy-04-1,1
v6,original-policy-05-0,1
v6,original-policy-05-1,1
v6,original-policy-06-0,1
v6,original-policy-06-1,1
v6,original-intent-01-0,1
v6,original-intent-01-1,1
v6,original-intent-02-0,0
v6,original-intent-02-1,1
v6,original-intent-03-0,1
v6,original-intent-03-1,1
v6,original-intent-04-0,1
v6,original-intent-04-1,1
v6,original-intent-05-0,0
v6,original-intent-05-1,0
v6,original-intent-06-0,1
v6,original-intent-06-1,1
v6,original-ordinal-01-0,1
v6,original-ordinal-01-1,1
v6,original-ordinal-02-0,1
v6,original-ordinal-02-1,1
v6,original-ordinal-03-0,1
v6,original-ordinal-03-1,0
v6,original-ordinal-04-0,1
v6,original-ordinal-04-1,1
v6,original-ordinal-05-0,0
v6,original-ordinal-05-1,1
v6,original-ordinal-06-0,1
v6,original-ordinal-06-1,1
v6,original-extraction-01-0,1
v6,original-extraction-01-1,1
v6,original-extraction-02-0,1
v6,original-extraction-02-1,1
v6,original-extraction-03-0,1
v6,original-extraction-03-1,1
v6,original-extraction-04-0,1
v6,original-extraction-04-1,1
v6,original-extraction-05-0,1
v6,original-extraction-05-1,1
v6,original-extraction-06-0,1
v6,original-extraction-06-1,1
v6,original-adequacy-01-0,1
v6,original-adequacy-01-1,1
v6,original-adequacy-02-0,0
v6,original-adequacy-02-1,1
v6,original-adequacy-03-0,0
v6,original-adequacy-03-1,0
v6,original-adequacy-04-0,1
v6,original-adequacy-04-1,0
v6,original-adequacy-05-0,1
v6,original-adequacy-05-1,1
v6,original-adequacy-06-0,1
v6,original-adequacy-06-1,1
v6,original-routing-01-0,1
v6,original-routing-01-1,1
v6,original-routing-02-0,1
v6,original-routing-02-1,1
v6,original-routing-03-0,1
v6,original-routing-03-1,1
v6,original-routing-04-0,1
v6,original-routing-04-1,1
v6,original-routing-05-0,1
v6,original-routing-05-1,0
v6,original-routing-06-0,1
v6,original-routing-06-1,1
v6,easy-intent-00,1
v6,easy-intent-01,1
v6,easy-intent-02,1
v6,easy-intent-03,1
v6,easy-intent-04,1
v6,easy-intent-05,1
v6,easy-intent-06,1
v6,easy-intent-07,1
v6,easy-intent-08,1
v6,easy-intent-09,1
v6,easy-intent-10,1
v6,easy-intent-11,1
v6,easy-fact-00,1
v6,easy-fact-01,1
v6,easy-fact-02,1
v6,easy-fact-03,1
v6,easy-fact-04,1
v6,easy-fact-05,1
v6,easy-fact-06,1
v6,easy-fact-07,1
v6,easy-fact-08,1
v6,easy-fact-09,1
v6,easy-fact-10,1
v6,easy-fact-11,1
v6,easy-extraction-00,1
v6,easy-extraction-01,1
v6,easy-extraction-02,1
v6,easy-extraction-03,1
v6,easy-extraction-04,1
v6,easy-extraction-05,1
v6,easy-extraction-06,1
v6,easy-extraction-07,1
v6,easy-extraction-08,1
v6,easy-extraction-09,1
v6,easy-extraction-10,1
v6,easy-extraction-11,1
v6,easy-tool_selection-00,1
v6,easy-tool_selection-01,1
v6,easy-tool_selection-02,1
v6,easy-tool_selection-03,1
v6,easy-tool_selection-04,1
v6,easy-tool_selection-05,1
v6,easy-tool_selection-06,1
v6,easy-tool_selection-07,1
v6,easy-tool_selection-08,1
v6,easy-tool_selection-09,1
v6,easy-tool_selection-10,1
v6,easy-tool_selection-11,1
v6,hard-opus-a-long_policy-01,0
v6,hard-opus-a-long_policy-04,0
v6,hard-opus-a-long_policy-08,1
v6,hard-opus-a-long_policy-09,0
v6,hard-opus-a-long_policy-11,1
v6,hard-opus-a-long_policy-13,1
v6,hard-opus-a-long_policy-17,0
v6,hard-opus-a-long_policy-19,0
v6,hard-opus-a-probability-03,1
v6,hard-opus-a-probability-04,0
v6,hard-opus-a-probability-07,0
v6,hard-opus-a-probability-08,0
v6,hard-opus-a-temporal_numeric-03,0
v6,hard-opus-a-temporal_numeric-06,0
v6,hard-opus-a-temporal_numeric-07,1
v6,hard-opus-a-temporal_numeric-09,0
v6,hard-opus-a-temporal_numeric-12,0
v6,hard-opus-b-ambiguous-02,1
v6,hard-opus-b-ambiguous-03,0
v6,hard-opus-b-ambiguous-07,0
v6,hard-opus-b-ambiguous-09,0
v6,hard-opus-b-ambiguous-10,1
v6,hard-opus-b-ambiguous-11,1
v6,hard-opus-b-ambiguous-13,0
v6,hard-opus-b-multi_hop-03,0
v6,hard-opus-b-multi_hop-04,0
v6,hard-opus-b-multi_hop-05,1
v6,hard-opus-b-multi_hop-07,0
v6,hard-opus-b-multi_hop-08,0
v6,hard-opus-b-probability-01,0
v6,hard-opus-b-probability-02,0
v6,hard-opus-b-probability-03,1
v6,hard-opus-b-probability-04,0
v6,hard-opus-b-probability-06,0
v6,hard-opus-b-tradeoff-01,0
v6,hard-opus-b-tradeoff-03,0
v6,hard-opus-b-tradeoff-06,1
v6,hard-opus-b-tradeoff-07,1
v6,hard-opus-b-tradeoff-08,0
v6,hard-opus-b-tradeoff-12,0
v6,hard-opus-c-long_policy-02,0
v6,hard-opus-c-long_policy-03,0
v6,hard-opus-c-long_policy-04,1
v6,hard-opus-c-long_policy-05,0
v6,hard-opus-c-long_policy-08,0
v6,hard-opus-c-long_policy-10,1
v6,hard-opus-c-long_policy-11,0
v6,hard-opus-c-probability-03,0
v6,hard-opus-c-temporal_numeric-02,1
v6,hard-opus-c-temporal_numeric-03,0
v6,hard-opus-c-temporal_numeric-04,0
v6,hard-opus-c-temporal_numeric-06,0
v6,hard-opus-c-temporal_numeric-08,0
v6,hard-opus-c-temporal_numeric-12,1
v6,hard-sol-a-adversarial-01,0
v6,hard-sol-a-adversarial-06,0
v6,hard-sol-a-adversarial-07,1
v6,hard-sol-a-adversarial-08,1
v6,hard-sol-a-adversarial-09,0
v6,hard-sol-a-adversarial-11,1
v6,hard-sol-a-multi_hop-01,1
v6,hard-sol-a-multi_hop-02,0
v6,hard-sol-a-multi_hop-05,0
v6,hard-sol-a-multi_hop-07,0
v6,hard-sol-a-multi_hop-08,0
v6,hard-sol-a-multi_hop-09,1
v6,hard-sol-a-multi_hop-10,1
v6,hard-sol-a-multi_hop-12,0
v6,hard-sol-a-trap-02,1
v6,hard-sol-a-trap-04,1
v6,hard-sol-a-trap-05,0
v6,hard-sol-a-trap-06,1
v6,hard-sol-a-trap-08,0
v6,hard-sol-a-trap-10,1
v6,hard-sol-a-trap-13,1
v6,hard-sol-a-trap-15,0
v6,hard-sol-b-judge_hard-01,1
v6,hard-sol-b-judge_hard-02,0
v6,hard-sol-b-judge_hard-05,1
v6,hard-sol-b-judge_hard-08,0
v6,hard-sol-b-judge_hard-10,0
v6,hard-sol-b-judge_hard-14,0
v6,hard-sol-b-judge_hard-15,1
v6,hard-sol-b-judge_hard-18,0
v6,hard-sol-b-long_policy-01,0
v6,hard-sol-b-long_policy-02,0
v6,hard-sol-b-long_policy-05,1
v6,hard-sol-b-long_policy-06,0
v6,hard-sol-b-routing_hard-01,1
v6,hard-sol-b-routing_hard-02,1
v6,hard-sol-b-routing_hard-03,1
v6,hard-sol-b-routing_hard-07,1
v6,hard-sol-b-routing_hard-09,1
v6,hard-sol-b-temporal_numeric-01,0
v6,hard-sol-b-temporal_numeric-02,1
v6,hard-sol-b-temporal_numeric-03,0
v6,hard-sol-b-temporal_numeric-04,1
v6,hard-sol-c-judge_hard-03,0
v6,hard-sol-c-judge_hard-05,1
v6,hard-sol-c-judge_hard-07,0
v6,hard-sol-c-judge_hard-08,0
v6,hard-sol-c-judge_hard-09,1
v6,hard-sol-c-judge_hard-10,1
v6,hard-sol-c-judge_hard-11,0
v6,hard-sol-c-judge_hard-13,0
v6,hard-sol-c-judge_hard-15,1
v6,hard-sol-c-multi_hop-07,0
v6,hard-sol-c-multi_hop-09,1
v6,hard-sol-c-multi_hop-11,0
v6,hard-sol-c-multi_hop-12,0
v6,hard-sol-c-multi_hop-13,1
v7,original-policy-01-0,1
v7,original-policy-01-1,1
v7,original-policy-02-0,1
v7,original-policy-02-1,1
v7,original-policy-03-0,1
v7,original-policy-03-1,1
v7,original-policy-04-0,0
v7,original-policy-04-1,1
v7,original-policy-05-0,0
v7,original-policy-05-1,1
v7,original-policy-06-0,1
v7,original-policy-06-1,1
v7,original-intent-01-0,1
v7,original-intent-01-1,1
v7,original-intent-02-0,0
v7,original-intent-02-1,1
v7,original-intent-03-0,1
v7,original-intent-03-1,1
v7,original-intent-04-0,1
v7,original-intent-04-1,1
v7,original-intent-05-0,0
v7,original-intent-05-1,0
v7,original-intent-06-0,1
v7,original-intent-06-1,1
v7,original-ordinal-01-0,1
v7,original-ordinal-01-1,1
v7,original-ordinal-02-0,1
v7,original-ordinal-02-1,1
v7,original-ordinal-03-0,1
v7,original-ordinal-03-1,1
v7,original-ordinal-04-0,1
v7,original-ordinal-04-1,1
v7,original-ordinal-05-0,0
v7,original-ordinal-05-1,0
v7,original-ordinal-06-0,1
v7,original-ordinal-06-1,1
v7,original-extraction-01-0,1
v7,original-extraction-01-1,1
v7,original-extraction-02-0,1
v7,original-extraction-02-1,1
v7,original-extraction-03-0,1
v7,original-extraction-03-1,1
v7,original-extraction-04-0,1
v7,original-extraction-04-1,1
v7,original-extraction-05-0,1
v7,original-extraction-05-1,1
v7,original-extraction-06-0,1
v7,original-extraction-06-1,1
v7,original-adequacy-01-0,1
v7,original-adequacy-01-1,1
v7,original-adequacy-02-0,0
v7,original-adequacy-02-1,1
v7,original-adequacy-03-0,0
v7,original-adequacy-03-1,0
v7,original-adequacy-04-0,1
v7,original-adequacy-04-1,0
v7,original-adequacy-05-0,1
v7,original-adequacy-05-1,1
v7,original-adequacy-06-0,1
v7,original-adequacy-06-1,1
v7,original-routing-01-0,1
v7,original-routing-01-1,1
v7,original-routing-02-0,1
v7,original-routing-02-1,1
v7,original-routing-03-0,1
v7,original-routing-03-1,1
v7,original-routing-04-0,1
v7,original-routing-04-1,1
v7,original-routing-05-0,1
v7,original-routing-05-1,0
v7,original-routing-06-0,1
v7,original-routing-06-1,1
v7,easy-intent-00,1
v7,easy-intent-01,1
v7,easy-intent-02,1
v7,easy-intent-03,1
v7,easy-intent-04,1
v7,easy-intent-05,1
v7,easy-intent-06,1
v7,easy-intent-07,1
v7,easy-intent-08,1
v7,easy-intent-09,1
v7,easy-intent-10,1
v7,easy-intent-11,1
v7,easy-fact-00,1
v7,easy-fact-01,1
v7,easy-fact-02,1
v7,easy-fact-03,1
v7,easy-fact-04,1
v7,easy-fact-05,1
v7,easy-fact-06,1
v7,easy-fact-07,1
v7,easy-fact-08,1
v7,easy-fact-09,1
v7,easy-fact-10,1
v7,easy-fact-11,1
v7,easy-extraction-00,1
v7,easy-extraction-01,1
v7,easy-extraction-02,1
v7,easy-extraction-03,1
v7,easy-extraction-04,1
v7,easy-extraction-05,1
v7,easy-extraction-06,1
v7,easy-extraction-07,1
v7,easy-extraction-08,1
v7,easy-extraction-09,1
v7,easy-extraction-10,1
v7,easy-extraction-11,1
v7,easy-tool_selection-00,1
v7,easy-tool_selection-01,1
v7,easy-tool_selection-02,1
v7,easy-tool_selection-03,1
v7,easy-tool_selection-04,1
v7,easy-tool_selection-05,1
v7,easy-tool_selection-06,1
v7,easy-tool_selection-07,1
v7,easy-tool_selection-08,1
v7,easy-tool_selection-09,1
v7,easy-tool_selection-10,1
v7,easy-tool_selection-11,1
v7,hard-opus-a-long_policy-01,0
v7,hard-opus-a-long_policy-04,0
v7,hard-opus-a-long_policy-08,0
v7,hard-opus-a-long_policy-09,0
v7,hard-opus-a-long_policy-11,0
v7,hard-opus-a-long_policy-13,1
v7,hard-opus-a-long_policy-17,1
v7,hard-opus-a-long_policy-19,0
v7,hard-opus-a-probability-03,0
v7,hard-opus-a-probability-04,0
v7,hard-opus-a-probability-07,1
v7,hard-opus-a-probability-08,0
v7,hard-opus-a-temporal_numeric-03,0
v7,hard-opus-a-temporal_numeric-06,0
v7,hard-opus-a-temporal_numeric-07,0
v7,hard-opus-a-temporal_numeric-09,0
v7,hard-opus-a-temporal_numeric-12,0
v7,hard-opus-b-ambiguous-02,1
v7,hard-opus-b-ambiguous-03,0
v7,hard-opus-b-ambiguous-07,0
v7,hard-opus-b-ambiguous-09,0
v7,hard-opus-b-ambiguous-10,0
v7,hard-opus-b-ambiguous-11,0
v7,hard-opus-b-ambiguous-13,0
v7,hard-opus-b-multi_hop-03,0
v7,hard-opus-b-multi_hop-04,0
v7,hard-opus-b-multi_hop-05,1
v7,hard-opus-b-multi_hop-07,0
v7,hard-opus-b-multi_hop-08,0
v7,hard-opus-b-probability-01,0
v7,hard-opus-b-probability-02,0
v7,hard-opus-b-probability-03,1
v7,hard-opus-b-probability-04,1
v7,hard-opus-b-probability-06,0
v7,hard-opus-b-tradeoff-01,1
v7,hard-opus-b-tradeoff-03,0
v7,hard-opus-b-tradeoff-06,1
v7,hard-opus-b-tradeoff-07,1
v7,hard-opus-b-tradeoff-08,1
v7,hard-opus-b-tradeoff-12,0
v7,hard-opus-c-long_policy-02,1
v7,hard-opus-c-long_policy-03,1
v7,hard-opus-c-long_policy-04,1
v7,hard-opus-c-long_policy-05,0
v7,hard-opus-c-long_policy-08,0
v7,hard-opus-c-long_policy-10,1
v7,hard-opus-c-long_policy-11,0
v7,hard-opus-c-probability-03,0
v7,hard-opus-c-temporal_numeric-02,1
v7,hard-opus-c-temporal_numeric-03,0
v7,hard-opus-c-temporal_numeric-04,0
v7,hard-opus-c-temporal_numeric-06,0
v7,hard-opus-c-temporal_numeric-08,0
v7,hard-opus-c-temporal_numeric-12,0
v7,hard-sol-a-adversarial-01,0
v7,hard-sol-a-adversarial-06,1
v7,hard-sol-a-adversarial-07,1
v7,hard-sol-a-adversarial-08,1
v7,hard-sol-a-adversarial-09,0
v7,hard-sol-a-adversarial-11,1
v7,hard-sol-a-multi_hop-01,1
v7,hard-sol-a-multi_hop-02,1
v7,hard-sol-a-multi_hop-05,0
v7,hard-sol-a-multi_hop-07,1
v7,hard-sol-a-multi_hop-08,0
v7,hard-sol-a-multi_hop-09,0
v7,hard-sol-a-multi_hop-10,0
v7,hard-sol-a-multi_hop-12,0
v7,hard-sol-a-trap-02,1
v7,hard-sol-a-trap-04,1
v7,hard-sol-a-trap-05,0
v7,hard-sol-a-trap-06,1
v7,hard-sol-a-trap-08,0
v7,hard-sol-a-trap-10,1
v7,hard-sol-a-trap-13,1
v7,hard-sol-a-trap-15,0
v7,hard-sol-b-judge_hard-01,1
v7,hard-sol-b-judge_hard-02,0
v7,hard-sol-b-judge_hard-05,1
v7,hard-sol-b-judge_hard-08,0
v7,hard-sol-b-judge_hard-10,0
v7,hard-sol-b-judge_hard-14,0
v7,hard-sol-b-judge_hard-15,1
v7,hard-sol-b-judge_hard-18,0
v7,hard-sol-b-long_policy-01,0
v7,hard-sol-b-long_policy-02,0
v7,hard-sol-b-long_policy-05,1
v7,hard-sol-b-long_policy-06,1
v7,hard-sol-b-routing_hard-01,1
v7,hard-sol-b-routing_hard-02,1
v7,hard-sol-b-routing_hard-03,1
v7,hard-sol-b-routing_hard-07,1
v7,hard-sol-b-routing_hard-09,1
v7,hard-sol-b-temporal_numeric-01,0
v7,hard-sol-b-temporal_numeric-02,1
v7,hard-sol-b-temporal_numeric-03,0
v7,hard-sol-b-temporal_numeric-04,0
v7,hard-sol-c-judge_hard-03,0
v7,hard-sol-c-judge_hard-05,1
v7,hard-sol-c-judge_hard-07,0
v7,hard-sol-c-judge_hard-08,0
v7,hard-sol-c-judge_hard-09,1
v7,hard-sol-c-judge_hard-10,1
v7,hard-sol-c-judge_hard-11,0
v7,hard-sol-c-judge_hard-13,0
v7,hard-sol-c-judge_hard-15,1
v7,hard-sol-c-multi_hop-07,1
v7,hard-sol-c-multi_hop-09,1
v7,hard-sol-c-multi_hop-11,0
v7,hard-sol-c-multi_hop-12,0
v7,hard-sol-c-multi_hop-13,1
v8,original-policy-01-0,1
v8,original-policy-01-1,1
v8,original-policy-02-0,1
v8,original-policy-02-1,1
v8,original-policy-03-0,0
v8,original-policy-03-1,1
v8,original-policy-04-0,0
v8,original-policy-04-1,1
v8,original-policy-05-0,0
v8,original-policy-05-1,1
v8,original-policy-06-0,1
v8,original-policy-06-1,1
v8,original-intent-01-0,1
v8,original-intent-01-1,1
v8,original-intent-02-0,0
v8,original-intent-02-1,1
v8,original-intent-03-0,1
v8,original-intent-03-1,1
v8,original-intent-04-0,1
v8,original-intent-04-1,1
v8,original-intent-05-0,0
v8,original-intent-05-1,1
v8,original-intent-06-0,1
v8,original-intent-06-1,1
v8,original-ordinal-01-0,1
v8,original-ordinal-01-1,1
v8,original-ordinal-02-0,1
v8,original-ordinal-02-1,1
v8,original-ordinal-03-0,1
v8,original-ordinal-03-1,1
v8,original-ordinal-04-0,1
v8,original-ordinal-04-1,1
v8,original-ordinal-05-0,0
v8,original-ordinal-05-1,0
v8,original-ordinal-06-0,1
v8,original-ordinal-06-1,1
v8,original-extraction-01-0,1
v8,original-extraction-01-1,1
v8,original-extraction-02-0,0
v8,original-extraction-02-1,0
v8,original-extraction-03-0,1
v8,original-extraction-03-1,1
v8,original-extraction-04-0,1
v8,original-extraction-04-1,1
v8,original-extraction-05-0,1
v8,original-extraction-05-1,1
v8,original-extraction-06-0,1
v8,original-extraction-06-1,1
v8,original-adequacy-01-0,1
v8,original-adequacy-01-1,1
v8,original-adequacy-02-0,0
v8,original-adequacy-02-1,1
v8,original-adequacy-03-0,0
v8,original-adequacy-03-1,0
v8,original-adequacy-04-0,1
v8,original-adequacy-04-1,0
v8,original-adequacy-05-0,0
v8,original-adequacy-05-1,0
v8,original-adequacy-06-0,1
v8,original-adequacy-06-1,1
v8,original-routing-01-0,1
v8,original-routing-01-1,1
v8,original-routing-02-0,1
v8,original-routing-02-1,1
v8,original-routing-03-0,1
v8,original-routing-03-1,1
v8,original-routing-04-0,1
v8,original-routing-04-1,1
v8,original-routing-05-0,1
v8,original-routing-05-1,0
v8,original-routing-06-0,1
v8,original-routing-06-1,1
v8,easy-intent-00,1
v8,easy-intent-01,1
v8,easy-intent-02,1
v8,easy-intent-03,1
v8,easy-intent-04,1
v8,easy-intent-05,1
v8,easy-intent-06,1
v8,easy-intent-07,1
v8,easy-intent-08,1
v8,easy-intent-09,1
v8,easy-intent-10,1
v8,easy-intent-11,1
v8,easy-fact-00,1
v8,easy-fact-01,1
v8,easy-fact-02,1
v8,easy-fact-03,1
v8,easy-fact-04,1
v8,easy-fact-05,1
v8,easy-fact-06,1
v8,easy-fact-07,1
v8,easy-fact-08,1
v8,easy-fact-09,1
v8,easy-fact-10,1
v8,easy-fact-11,1
v8,easy-extraction-00,1
v8,easy-extraction-01,1
v8,easy-extraction-02,1
v8,easy-extraction-03,1
v8,easy-extraction-04,1
v8,easy-extraction-05,1
v8,easy-extraction-06,1
v8,easy-extraction-07,1
v8,easy-extraction-08,1
v8,easy-extraction-09,1
v8,easy-extraction-10,1
v8,easy-extraction-11,1
v8,easy-tool_selection-00,1
v8,easy-tool_selection-01,1
v8,easy-tool_selection-02,1
v8,easy-tool_selection-03,1
v8,easy-tool_selection-04,1
v8,easy-tool_selection-05,1
v8,easy-tool_selection-06,1
v8,easy-tool_selection-07,1
v8,easy-tool_selection-08,1
v8,easy-tool_selection-09,1
v8,easy-tool_selection-10,1
v8,easy-tool_selection-11,1
v8,hard-opus-a-long_policy-01,1
v8,hard-opus-a-long_policy-04,0
v8,hard-opus-a-long_policy-08,1
v8,hard-opus-a-long_policy-09,0
v8,hard-opus-a-long_policy-11,0
v8,hard-opus-a-long_policy-13,1
v8,hard-opus-a-long_policy-17,0
v8,hard-opus-a-long_policy-19,0
v8,hard-opus-a-probability-03,1
v8,hard-opus-a-probability-04,0
v8,hard-opus-a-probability-07,0
v8,hard-opus-a-probability-08,1
v8,hard-opus-a-temporal_numeric-03,0
v8,hard-opus-a-temporal_numeric-06,0
v8,hard-opus-a-temporal_numeric-07,0
v8,hard-opus-a-temporal_numeric-09,0
v8,hard-opus-a-temporal_numeric-12,0
v8,hard-opus-b-ambiguous-02,1
v8,hard-opus-b-ambiguous-03,0
v8,hard-opus-b-ambiguous-07,0
v8,hard-opus-b-ambiguous-09,0
v8,hard-opus-b-ambiguous-10,0
v8,hard-opus-b-ambiguous-11,0
v8,hard-opus-b-ambiguous-13,0
v8,hard-opus-b-multi_hop-03,0
v8,hard-opus-b-multi_hop-04,0
v8,hard-opus-b-multi_hop-05,0
v8,hard-opus-b-multi_hop-07,0
v8,hard-opus-b-multi_hop-08,0
v8,hard-opus-b-probability-01,0
v8,hard-opus-b-probability-02,0
v8,hard-opus-b-probability-03,0
v8,hard-opus-b-probability-04,1
v8,hard-opus-b-probability-06,0
v8,hard-opus-b-tradeoff-01,0
v8,hard-opus-b-tradeoff-03,1
v8,hard-opus-b-tradeoff-06,1
v8,hard-opus-b-tradeoff-07,0
v8,hard-opus-b-tradeoff-08,1
v8,hard-opus-b-tradeoff-12,0
v8,hard-opus-c-long_policy-02,1
v8,hard-opus-c-long_policy-03,1
v8,hard-opus-c-long_policy-04,1
v8,hard-opus-c-long_policy-05,0
v8,hard-opus-c-long_policy-08,1
v8,hard-opus-c-long_policy-10,1
v8,hard-opus-c-long_policy-11,0
v8,hard-opus-c-probability-03,0
v8,hard-opus-c-temporal_numeric-02,1
v8,hard-opus-c-temporal_numeric-03,0
v8,hard-opus-c-temporal_numeric-04,0
v8,hard-opus-c-temporal_numeric-06,0
v8,hard-opus-c-temporal_numeric-08,0
v8,hard-opus-c-temporal_numeric-12,0
v8,hard-sol-a-adversarial-01,1
v8,hard-sol-a-adversarial-06,1
v8,hard-sol-a-adversarial-07,1
v8,hard-sol-a-adversarial-08,1
v8,hard-sol-a-adversarial-09,1
v8,hard-sol-a-adversarial-11,0
v8,hard-sol-a-multi_hop-01,1
v8,hard-sol-a-multi_hop-02,1
v8,hard-sol-a-multi_hop-05,0
v8,hard-sol-a-multi_hop-07,0
v8,hard-sol-a-multi_hop-08,0
v8,hard-sol-a-multi_hop-09,0
v8,hard-sol-a-multi_hop-10,1
v8,hard-sol-a-multi_hop-12,0
v8,hard-sol-a-trap-02,1
v8,hard-sol-a-trap-04,1
v8,hard-sol-a-trap-05,0
v8,hard-sol-a-trap-06,1
v8,hard-sol-a-trap-08,1
v8,hard-sol-a-trap-10,1
v8,hard-sol-a-trap-13,0
v8,hard-sol-a-trap-15,1
v8,hard-sol-b-judge_hard-01,1
v8,hard-sol-b-judge_hard-02,0
v8,hard-sol-b-judge_hard-05,1
v8,hard-sol-b-judge_hard-08,0
v8,hard-sol-b-judge_hard-10,0
v8,hard-sol-b-judge_hard-14,0
v8,hard-sol-b-judge_hard-15,1
v8,hard-sol-b-judge_hard-18,0
v8,hard-sol-b-long_policy-01,0
v8,hard-sol-b-long_policy-02,0
v8,hard-sol-b-long_policy-05,1
v8,hard-sol-b-long_policy-06,1
v8,hard-sol-b-routing_hard-01,1
v8,hard-sol-b-routing_hard-02,1
v8,hard-sol-b-routing_hard-03,0
v8,hard-sol-b-routing_hard-07,1
v8,hard-sol-b-routing_hard-09,0
v8,hard-sol-b-temporal_numeric-01,0
v8,hard-sol-b-temporal_numeric-02,1
v8,hard-sol-b-temporal_numeric-03,0
v8,hard-sol-b-temporal_numeric-04,1
v8,hard-sol-c-judge_hard-03,0
v8,hard-sol-c-judge_hard-05,1
v8,hard-sol-c-judge_hard-07,0
v8,hard-sol-c-judge_hard-08,0
v8,hard-sol-c-judge_hard-09,1
v8,hard-sol-c-judge_hard-10,1
v8,hard-sol-c-judge_hard-11,0
v8,hard-sol-c-judge_hard-13,0
v8,hard-sol-c-judge_hard-15,1
v8,hard-sol-c-multi_hop-07,1
v8,hard-sol-c-multi_hop-09,1
v8,hard-sol-c-multi_hop-11,1
v8,hard-sol-c-multi_hop-12,0
v8,hard-sol-c-multi_hop-13,1
v9,original-policy-01-0,1
v9,original-policy-01-1,1
v9,original-policy-02-0,1
v9,original-policy-02-1,1
v9,original-policy-03-0,1
v9,original-policy-03-1,0
v9,original-policy-04-0,0
v9,original-policy-04-1,1
v9,original-policy-05-0,1
v9,original-policy-05-1,1
v9,original-policy-06-0,1
v9,original-policy-06-1,1
v9,original-intent-01-0,1
v9,original-intent-01-1,1
v9,original-intent-02-0,0
v9,original-intent-02-1,1
v9,original-intent-03-0,1
v9,original-intent-03-1,1
v9,original-intent-04-0,1
v9,original-intent-04-1,1
v9,original-intent-05-0,0
v9,original-intent-05-1,0
v9,original-intent-06-0,1
v9,original-intent-06-1,1
v9,original-ordinal-01-0,1
v9,original-ordinal-01-1,1
v9,original-ordinal-02-0,1
v9,original-ordinal-02-1,1
v9,original-ordinal-03-0,1
v9,original-ordinal-03-1,1
v9,original-ordinal-04-0,1
v9,original-ordinal-04-1,1
v9,original-ordinal-05-0,0
v9,original-ordinal-05-1,1
v9,original-ordinal-06-0,1
v9,original-ordinal-06-1,1
v9,original-extraction-01-0,1
v9,original-extraction-01-1,1
v9,original-extraction-02-0,1
v9,original-extraction-02-1,1
v9,original-extraction-03-0,1
v9,original-extraction-03-1,1
v9,original-extraction-04-0,1
v9,original-extraction-04-1,1
v9,original-extraction-05-0,1
v9,original-extraction-05-1,1
v9,original-extraction-06-0,1
v9,original-extraction-06-1,1
v9,original-adequacy-01-0,1
v9,original-adequacy-01-1,1
v9,original-adequacy-02-0,1
v9,original-adequacy-02-1,1
v9,original-adequacy-03-0,0
v9,original-adequacy-03-1,0
v9,original-adequacy-04-0,1
v9,original-adequacy-04-1,0
v9,original-adequacy-05-0,1
v9,original-adequacy-05-1,1
v9,original-adequacy-06-0,1
v9,original-adequacy-06-1,1
v9,original-routing-01-0,1
v9,original-routing-01-1,1
v9,original-routing-02-0,1
v9,original-routing-02-1,1
v9,original-routing-03-0,1
v9,original-routing-03-1,1
v9,original-routing-04-0,1
v9,original-routing-04-1,1
v9,original-routing-05-0,1
v9,original-routing-05-1,0
v9,original-routing-06-0,1
v9,original-routing-06-1,1
v9,easy-intent-00,1
v9,easy-intent-01,1
v9,easy-intent-02,1
v9,easy-intent-03,1
v9,easy-intent-04,1
v9,easy-intent-05,1
v9,easy-intent-06,1
v9,easy-intent-07,1
v9,easy-intent-08,1
v9,easy-intent-09,1
v9,easy-intent-10,1
v9,easy-intent-11,1
v9,easy-fact-00,1
v9,easy-fact-01,1
v9,easy-fact-02,1
v9,easy-fact-03,1
v9,easy-fact-04,1
v9,easy-fact-05,1
v9,easy-fact-06,1
v9,easy-fact-07,1
v9,easy-fact-08,1
v9,easy-fact-09,1
v9,easy-fact-10,1
v9,easy-fact-11,1
v9,easy-extraction-00,1
v9,easy-extraction-01,1
v9,easy-extraction-02,1
v9,easy-extraction-03,1
v9,easy-extraction-04,1
v9,easy-extraction-05,1
v9,easy-extraction-06,1
v9,easy-extraction-07,1
v9,easy-extraction-08,1
v9,easy-extraction-09,1
v9,easy-extraction-10,1
v9,easy-extraction-11,1
v9,easy-tool_selection-00,1
v9,easy-tool_selection-01,1
v9,easy-tool_selection-02,1
v9,easy-tool_selection-03,1
v9,easy-tool_selection-04,1
v9,easy-tool_selection-05,1
v9,easy-tool_selection-06,1
v9,easy-tool_selection-07,1
v9,easy-tool_selection-08,1
v9,easy-tool_selection-09,1
v9,easy-tool_selection-10,1
v9,easy-tool_selection-11,1
v9,hard-opus-a-long_policy-01,0
v9,hard-opus-a-long_policy-04,0
v9,hard-opus-a-long_policy-08,0
v9,hard-opus-a-long_policy-09,0
v9,hard-opus-a-long_policy-11,0
v9,hard-opus-a-long_policy-13,1
v9,hard-opus-a-long_policy-17,0
v9,hard-opus-a-long_policy-19,0
v9,hard-opus-a-probability-03,0
v9,hard-opus-a-probability-04,0
v9,hard-opus-a-probability-07,0
v9,hard-opus-a-probability-08,1
v9,hard-opus-a-temporal_numeric-03,0
v9,hard-opus-a-temporal_numeric-06,0
v9,hard-opus-a-temporal_numeric-07,0
v9,hard-opus-a-temporal_numeric-09,0
v9,hard-opus-a-temporal_numeric-12,0
v9,hard-opus-b-ambiguous-02,0
v9,hard-opus-b-ambiguous-03,0
v9,hard-opus-b-ambiguous-07,0
v9,hard-opus-b-ambiguous-09,0
v9,hard-opus-b-ambiguous-10,0
v9,hard-opus-b-ambiguous-11,0
v9,hard-opus-b-ambiguous-13,0
v9,hard-opus-b-multi_hop-03,0
v9,hard-opus-b-multi_hop-04,0
v9,hard-opus-b-multi_hop-05,0
v9,hard-opus-b-multi_hop-07,0
v9,hard-opus-b-multi_hop-08,0
v9,hard-opus-b-probability-01,0
v9,hard-opus-b-probability-02,0
v9,hard-opus-b-probability-03,0
v9,hard-opus-b-probability-04,1
v9,hard-opus-b-probability-06,0
v9,hard-opus-b-tradeoff-01,0
v9,hard-opus-b-tradeoff-03,0
v9,hard-opus-b-tradeoff-06,0
v9,hard-opus-b-tradeoff-07,1
v9,hard-opus-b-tradeoff-08,1
v9,hard-opus-b-tradeoff-12,0
v9,hard-opus-c-long_policy-02,1
v9,hard-opus-c-long_policy-03,0
v9,hard-opus-c-long_policy-04,1
v9,hard-opus-c-long_policy-05,0
v9,hard-opus-c-long_policy-08,0
v9,hard-opus-c-long_policy-10,1
v9,hard-opus-c-long_policy-11,0
v9,hard-opus-c-probability-03,0
v9,hard-opus-c-temporal_numeric-02,1
v9,hard-opus-c-temporal_numeric-03,0
v9,hard-opus-c-temporal_numeric-04,0
v9,hard-opus-c-temporal_numeric-06,0
v9,hard-opus-c-temporal_numeric-08,0
v9,hard-opus-c-temporal_numeric-12,0
v9,hard-sol-a-adversarial-01,0
v9,hard-sol-a-adversarial-06,1
v9,hard-sol-a-adversarial-07,0
v9,hard-sol-a-adversarial-08,1
v9,hard-sol-a-adversarial-09,0
v9,hard-sol-a-adversarial-11,1
v9,hard-sol-a-multi_hop-01,1
v9,hard-sol-a-multi_hop-02,1
v9,hard-sol-a-multi_hop-05,0
v9,hard-sol-a-multi_hop-07,1
v9,hard-sol-a-multi_hop-08,0
v9,hard-sol-a-multi_hop-09,0
v9,hard-sol-a-multi_hop-10,1
v9,hard-sol-a-multi_hop-12,0
v9,hard-sol-a-trap-02,1
v9,hard-sol-a-trap-04,1
v9,hard-sol-a-trap-05,1
v9,hard-sol-a-trap-06,1
v9,hard-sol-a-trap-08,1
v9,hard-sol-a-trap-10,1
v9,hard-sol-a-trap-13,1
v9,hard-sol-a-trap-15,1
v9,hard-sol-b-judge_hard-01,1
v9,hard-sol-b-judge_hard-02,0
v9,hard-sol-b-judge_hard-05,1
v9,hard-sol-b-judge_hard-08,0
v9,hard-sol-b-judge_hard-10,0
v9,hard-sol-b-judge_hard-14,0
v9,hard-sol-b-judge_hard-15,1
v9,hard-sol-b-judge_hard-18,0
v9,hard-sol-b-long_policy-01,0
v9,hard-sol-b-long_policy-02,0
v9,hard-sol-b-long_policy-05,1
v9,hard-sol-b-long_policy-06,1
v9,hard-sol-b-routing_hard-01,1
v9,hard-sol-b-routing_hard-02,1
v9,hard-sol-b-routing_hard-03,1
v9,hard-sol-b-routing_hard-07,1
v9,hard-sol-b-routing_hard-09,1
v9,hard-sol-b-temporal_numeric-01,0
v9,hard-sol-b-temporal_numeric-02,1
v9,hard-sol-b-temporal_numeric-03,0
v9,hard-sol-b-temporal_numeric-04,0
v9,hard-sol-c-judge_hard-03,0
v9,hard-sol-c-judge_hard-05,1
v9,hard-sol-c-judge_hard-07,0
v9,hard-sol-c-judge_hard-08,0
v9,hard-sol-c-judge_hard-09,1
v9,hard-sol-c-judge_hard-10,1
v9,hard-sol-c-judge_hard-11,0
v9,hard-sol-c-judge_hard-13,0
v9,hard-sol-c-judge_hard-15,1
v9,hard-sol-c-multi_hop-07,1
v9,hard-sol-c-multi_hop-09,1
v9,hard-sol-c-multi_hop-11,0
v9,hard-sol-c-multi_hop-12,0
v9,hard-sol-c-multi_hop-13,1
v10,original-policy-01-0,1
v10,original-policy-01-1,1
v10,original-policy-02-0,1
v10,original-policy-02-1,0
v10,original-policy-03-0,0
v10,original-policy-03-1,0
v10,original-policy-04-0,1
v10,original-policy-04-1,1
v10,original-policy-05-0,1
v10,original-policy-05-1,1
v10,original-policy-06-0,1
v10,original-policy-06-1,1
v10,original-intent-01-0,1
v10,original-intent-01-1,1
v10,original-intent-02-0,0
v10,original-intent-02-1,1
v10,original-intent-03-0,1
v10,original-intent-03-1,1
v10,original-intent-04-0,1
v10,original-intent-04-1,1
v10,original-intent-05-0,0
v10,original-intent-05-1,0
v10,original-intent-06-0,1
v10,original-intent-06-1,1
v10,original-ordinal-01-0,1
v10,original-ordinal-01-1,1
v10,original-ordinal-02-0,1
v10,original-ordinal-02-1,1
v10,original-ordinal-03-0,1
v10,original-ordinal-03-1,1
v10,original-ordinal-04-0,1
v10,original-ordinal-04-1,1
v10,original-ordinal-05-0,0
v10,original-ordinal-05-1,1
v10,original-ordinal-06-0,1
v10,original-ordinal-06-1,1
v10,original-extraction-01-0,1
v10,original-extraction-01-1,1
v10,original-extraction-02-0,0
v10,original-extraction-02-1,1
v10,original-extraction-03-0,1
v10,original-extraction-03-1,1
v10,original-extraction-04-0,1
v10,original-extraction-04-1,1
v10,original-extraction-05-0,1
v10,original-extraction-05-1,1
v10,original-extraction-06-0,1
v10,original-extraction-06-1,1
v10,original-adequacy-01-0,1
v10,original-adequacy-01-1,1
v10,original-adequacy-02-0,0
v10,original-adequacy-02-1,1
v10,original-adequacy-03-0,0
v10,original-adequacy-03-1,0
v10,original-adequacy-04-0,1
v10,original-adequacy-04-1,1
v10,original-adequacy-05-0,1
v10,original-adequacy-05-1,0
v10,original-adequacy-06-0,1
v10,original-adequacy-06-1,1
v10,original-routing-01-0,1
v10,original-routing-01-1,1
v10,original-routing-02-0,1
v10,original-routing-02-1,1
v10,original-routing-03-0,1
v10,original-routing-03-1,1
v10,original-routing-04-0,1
v10,original-routing-04-1,1
v10,original-routing-05-0,1
v10,original-routing-05-1,0
v10,original-routing-06-0,1
v10,original-routing-06-1,1
v10,easy-intent-00,1
v10,easy-intent-01,1
v10,easy-intent-02,1
v10,easy-intent-03,1
v10,easy-intent-04,1
v10,easy-intent-05,1
v10,easy-intent-06,1
v10,easy-intent-07,1
v10,easy-intent-08,1
v10,easy-intent-09,1
v10,easy-intent-10,1
v10,easy-intent-11,1
v10,easy-fact-00,1
v10,easy-fact-01,1
v10,easy-fact-02,1
v10,easy-fact-03,1
v10,easy-fact-04,1
v10,easy-fact-05,1
v10,easy-fact-06,1
v10,easy-fact-07,1
v10,easy-fact-08,1
v10,easy-fact-09,1
v10,easy-fact-10,1
v10,easy-fact-11,1
v10,easy-extraction-00,1
v10,easy-extraction-01,1
v10,easy-extraction-02,1
v10,easy-extraction-03,1
v10,easy-extraction-04,1
v10,easy-extraction-05,1
v10,easy-extraction-06,1
v10,easy-extraction-07,1
v10,easy-extraction-08,1
v10,easy-extraction-09,1
v10,easy-extraction-10,1
v10,easy-extraction-11,1
v10,easy-tool_selection-00,1
v10,easy-tool_selection-01,1
v10,easy-tool_selection-02,1
v10,easy-tool_selection-03,1
v10,easy-tool_selection-04,1
v10,easy-tool_selection-05,1
v10,easy-tool_selection-06,1
v10,easy-tool_selection-07,1
v10,easy-tool_selection-08,1
v10,easy-tool_selection-09,1
v10,easy-tool_selection-10,1
v10,easy-tool_selection-11,1
v10,hard-opus-a-long_policy-01,0
v10,hard-opus-a-long_policy-04,0
v10,hard-opus-a-long_policy-08,0
v10,hard-opus-a-long_policy-09,0
v10,hard-opus-a-long_policy-11,0
v10,hard-opus-a-long_policy-13,1
v10,hard-opus-a-long_policy-17,0
v10,hard-opus-a-long_policy-19,0
v10,hard-opus-a-probability-03,0
v10,hard-opus-a-probability-04,0
v10,hard-opus-a-probability-07,0
v10,hard-opus-a-probability-08,0
v10,hard-opus-a-temporal_numeric-03,0
v10,hard-opus-a-temporal_numeric-06,0
v10,hard-opus-a-temporal_numeric-07,0
v10,hard-opus-a-temporal_numeric-09,0
v10,hard-opus-a-temporal_numeric-12,0
v10,hard-opus-b-ambiguous-02,1
v10,hard-opus-b-ambiguous-03,0
v10,hard-opus-b-ambiguous-07,0
v10,hard-opus-b-ambiguous-09,0
v10,hard-opus-b-ambiguous-10,0
v10,hard-opus-b-ambiguous-11,1
v10,hard-opus-b-ambiguous-13,1
v10,hard-opus-b-multi_hop-03,0
v10,hard-opus-b-multi_hop-04,0
v10,hard-opus-b-multi_hop-05,0
v10,hard-opus-b-multi_hop-07,0
v10,hard-opus-b-multi_hop-08,0
v10,hard-opus-b-probability-01,0
v10,hard-opus-b-probability-02,0
v10,hard-opus-b-probability-03,1
v10,hard-opus-b-probability-04,1
v10,hard-opus-b-probability-06,0
v10,hard-opus-b-tradeoff-01,0
v10,hard-opus-b-tradeoff-03,1
v10,hard-opus-b-tradeoff-06,0
v10,hard-opus-b-tradeoff-07,0
v10,hard-opus-b-tradeoff-08,1
v10,hard-opus-b-tradeoff-12,0
v10,hard-opus-c-long_policy-02,0
v10,hard-opus-c-long_policy-03,0
v10,hard-opus-c-long_policy-04,1
v10,hard-opus-c-long_policy-05,1
v10,hard-opus-c-long_policy-08,0
v10,hard-opus-c-long_policy-10,1
v10,hard-opus-c-long_policy-11,0
v10,hard-opus-c-probability-03,0
v10,hard-opus-c-temporal_numeric-02,0
v10,hard-opus-c-temporal_numeric-03,0
v10,hard-opus-c-temporal_numeric-04,0
v10,hard-opus-c-temporal_numeric-06,0
v10,hard-opus-c-temporal_numeric-08,0
v10,hard-opus-c-temporal_numeric-12,0
v10,hard-sol-a-adversarial-01,1
v10,hard-sol-a-adversarial-06,1
v10,hard-sol-a-adversarial-07,1
v10,hard-sol-a-adversarial-08,1
v10,hard-sol-a-adversarial-09,0
v10,hard-sol-a-adversarial-11,0
v10,hard-sol-a-multi_hop-01,1
v10,hard-sol-a-multi_hop-02,0
v10,hard-sol-a-multi_hop-05,1
v10,hard-sol-a-multi_hop-07,0
v10,hard-sol-a-multi_hop-08,0
v10,hard-sol-a-multi_hop-09,0
v10,hard-sol-a-multi_hop-10,0
v10,hard-sol-a-multi_hop-12,0
v10,hard-sol-a-trap-02,1
v10,hard-sol-a-trap-04,1
v10,hard-sol-a-trap-05,0
v10,hard-sol-a-trap-06,1
v10,hard-sol-a-trap-08,1
v10,hard-sol-a-trap-10,1
v10,hard-sol-a-trap-13,0
v10,hard-sol-a-trap-15,0
v10,hard-sol-b-judge_hard-01,1
v10,hard-sol-b-judge_hard-02,0
v10,hard-sol-b-judge_hard-05,1
v10,hard-sol-b-judge_hard-08,0
v10,hard-sol-b-judge_hard-10,0
v10,hard-sol-b-judge_hard-14,0
v10,hard-sol-b-judge_hard-15,1
v10,hard-sol-b-judge_hard-18,0
v10,hard-sol-b-long_policy-01,0
v10,hard-sol-b-long_policy-02,0
v10,hard-sol-b-long_policy-05,1
v10,hard-sol-b-long_policy-06,1
v10,hard-sol-b-routing_hard-01,1
v10,hard-sol-b-routing_hard-02,1
v10,hard-sol-b-routing_hard-03,1
v10,hard-sol-b-routing_hard-07,1
v10,hard-sol-b-routing_hard-09,0
v10,hard-sol-b-temporal_numeric-01,0
v10,hard-sol-b-temporal_numeric-02,1
v10,hard-sol-b-temporal_numeric-03,0
v10,hard-sol-b-temporal_numeric-04,0
v10,hard-sol-c-judge_hard-03,0
v10,hard-sol-c-judge_hard-05,1
v10,hard-sol-c-judge_hard-07,0
v10,hard-sol-c-judge_hard-08,0
v10,hard-sol-c-judge_hard-09,1
v10,hard-sol-c-judge_hard-10,1
v10,hard-sol-c-judge_hard-11,0
v10,hard-sol-c-judge_hard-13,0
v10,hard-sol-c-judge_hard-15,1
v10,hard-sol-c-multi_hop-07,0
v10,hard-sol-c-multi_hop-09,1
v10,hard-sol-c-multi_hop-11,0
v10,hard-sol-c-multi_hop-12,0
v10,hard-sol-c-multi_hop-13,1
v11a,original-policy-01-0,1
v11a,original-policy-01-1,1
v11a,original-policy-02-0,0
v11a,original-policy-02-1,0
v11a,original-policy-03-0,0
v11a,original-policy-03-1,0
v11a,original-policy-04-0,1
v11a,original-policy-04-1,1
v11a,original-policy-05-0,1
v11a,original-policy-05-1,1
v11a,original-policy-06-0,1
v11a,original-policy-06-1,0
v11a,original-intent-01-0,1
v11a,original-intent-01-1,1
v11a,original-intent-02-0,0
v11a,original-intent-02-1,1
v11a,original-intent-03-0,1
v11a,original-intent-03-1,1
v11a,original-intent-04-0,1
v11a,original-intent-04-1,1
v11a,original-intent-05-0,0
v11a,original-intent-05-1,0
v11a,original-intent-06-0,1
v11a,original-intent-06-1,1
v11a,original-ordinal-01-0,1
v11a,original-ordinal-01-1,0
v11a,original-ordinal-02-0,1
v11a,original-ordinal-02-1,1
v11a,original-ordinal-03-0,1
v11a,original-ordinal-03-1,1
v11a,original-ordinal-04-0,1
v11a,original-ordinal-04-1,1
v11a,original-ordinal-05-0,0
v11a,original-ordinal-05-1,0
v11a,original-ordinal-06-0,1
v11a,original-ordinal-06-1,1
v11a,original-extraction-01-0,1
v11a,original-extraction-01-1,1
v11a,original-extraction-02-0,0
v11a,original-extraction-02-1,0
v11a,original-extraction-03-0,1
v11a,original-extraction-03-1,1
v11a,original-extraction-04-0,1
v11a,original-extraction-04-1,1
v11a,original-extraction-05-0,1
v11a,original-extraction-05-1,1
v11a,original-extraction-06-0,1
v11a,original-extraction-06-1,1
v11a,original-adequacy-01-0,1
v11a,original-adequacy-01-1,1
v11a,original-adequacy-02-0,0
v11a,original-adequacy-02-1,1
v11a,original-adequacy-03-0,0
v11a,original-adequacy-03-1,0
v11a,original-adequacy-04-0,1
v11a,original-adequacy-04-1,0
v11a,original-adequacy-05-0,1
v11a,original-adequacy-05-1,1
v11a,original-adequacy-06-0,1
v11a,original-adequacy-06-1,1
v11a,original-routing-01-0,1
v11a,original-routing-01-1,1
v11a,original-routing-02-0,1
v11a,original-routing-02-1,1
v11a,original-routing-03-0,1
v11a,original-routing-03-1,1
v11a,original-routing-04-0,1
v11a,original-routing-04-1,1
v11a,original-routing-05-0,1
v11a,original-routing-05-1,0
v11a,original-routing-06-0,1
v11a,original-routing-06-1,1
v11a,easy-intent-00,1
v11a,easy-intent-01,1
v11a,easy-intent-02,1
v11a,easy-intent-03,1
v11a,easy-intent-04,1
v11a,easy-intent-05,1
v11a,easy-intent-06,1
v11a,easy-intent-07,1
v11a,easy-intent-08,1
v11a,easy-intent-09,1
v11a,easy-intent-10,1
v11a,easy-intent-11,1
v11a,easy-fact-00,1
v11a,easy-fact-01,1
v11a,easy-fact-02,1
v11a,easy-fact-03,1
v11a,easy-fact-04,1
v11a,easy-fact-05,1
v11a,easy-fact-06,1
v11a,easy-fact-07,1
v11a,easy-fact-08,1
v11a,easy-fact-09,1
v11a,easy-fact-10,1
v11a,easy-fact-11,1
v11a,easy-extraction-00,1
v11a,easy-extraction-01,1
v11a,easy-extraction-02,1
v11a,easy-extraction-03,1
v11a,easy-extraction-04,1
v11a,easy-extraction-05,1
v11a,easy-extraction-06,1
v11a,easy-extraction-07,1
v11a,easy-extraction-08,1
v11a,easy-extraction-09,1
v11a,easy-extraction-10,1
v11a,easy-extraction-11,1
v11a,easy-tool_selection-00,1
v11a,easy-tool_selection-01,1
v11a,easy-tool_selection-02,1
v11a,easy-tool_selection-03,1
v11a,easy-tool_selection-04,1
v11a,easy-tool_selection-05,1
v11a,easy-tool_selection-06,1
v11a,easy-tool_selection-07,1
v11a,easy-tool_selection-08,1
v11a,easy-tool_selection-09,1
v11a,easy-tool_selection-10,1
v11a,easy-tool_selection-11,1
v11a,hard-opus-a-long_policy-01,0
v11a,hard-opus-a-long_policy-04,0
v11a,hard-opus-a-long_policy-08,0
v11a,hard-opus-a-long_policy-09,0
v11a,hard-opus-a-long_policy-11,0
v11a,hard-opus-a-long_policy-13,1
v11a,hard-opus-a-long_policy-17,1
v11a,hard-opus-a-long_policy-19,0
v11a,hard-opus-a-probability-03,0
v11a,hard-opus-a-probability-04,0
v11a,hard-opus-a-probability-07,0
v11a,hard-opus-a-probability-08,0
v11a,hard-opus-a-temporal_numeric-03,0
v11a,hard-opus-a-temporal_numeric-06,0
v11a,hard-opus-a-temporal_numeric-07,0
v11a,hard-opus-a-temporal_numeric-09,0
v11a,hard-opus-a-temporal_numeric-12,0
v11a,hard-opus-b-ambiguous-02,1
v11a,hard-opus-b-ambiguous-03,0
v11a,hard-opus-b-ambiguous-07,0
v11a,hard-opus-b-ambiguous-09,0
v11a,hard-opus-b-ambiguous-10,0
v11a,hard-opus-b-ambiguous-11,0
v11a,hard-opus-b-ambiguous-13,0
v11a,hard-opus-b-multi_hop-03,0
v11a,hard-opus-b-multi_hop-04,0
v11a,hard-opus-b-multi_hop-05,1
v11a,hard-opus-b-multi_hop-07,0
v11a,hard-opus-b-multi_hop-08,0
v11a,hard-opus-b-probability-01,0
v11a,hard-opus-b-probability-02,0
v11a,hard-opus-b-probability-03,1
v11a,hard-opus-b-probability-04,1
v11a,hard-opus-b-probability-06,0
v11a,hard-opus-b-tradeoff-01,1
v11a,hard-opus-b-tradeoff-03,0
v11a,hard-opus-b-tradeoff-06,0
v11a,hard-opus-b-tradeoff-07,1
v11a,hard-opus-b-tradeoff-08,1
v11a,hard-opus-b-tradeoff-12,0
v11a,hard-opus-c-long_policy-02,1
v11a,hard-opus-c-long_policy-03,0
v11a,hard-opus-c-long_policy-04,1
v11a,hard-opus-c-long_policy-05,0
v11a,hard-opus-c-long_policy-08,0
v11a,hard-opus-c-long_policy-10,0
v11a,hard-opus-c-long_policy-11,0
v11a,hard-opus-c-probability-03,0
v11a,hard-opus-c-temporal_numeric-02,1
v11a,hard-opus-c-temporal_numeric-03,0
v11a,hard-opus-c-temporal_numeric-04,0
v11a,hard-opus-c-temporal_numeric-06,0
v11a,hard-opus-c-temporal_numeric-08,0
v11a,hard-opus-c-temporal_numeric-12,0
v11a,hard-sol-a-adversarial-01,0
v11a,hard-sol-a-adversarial-06,1
v11a,hard-sol-a-adversarial-07,0
v11a,hard-sol-a-adversarial-08,1
v11a,hard-sol-a-adversarial-09,0
v11a,hard-sol-a-adversarial-11,1
v11a,hard-sol-a-multi_hop-01,1
v11a,hard-sol-a-multi_hop-02,1
v11a,hard-sol-a-multi_hop-05,0
v11a,hard-sol-a-multi_hop-07,1
v11a,hard-sol-a-multi_hop-08,0
v11a,hard-sol-a-multi_hop-09,0
v11a,hard-sol-a-multi_hop-10,0
v11a,hard-sol-a-multi_hop-12,0
v11a,hard-sol-a-trap-02,1
v11a,hard-sol-a-trap-04,1
v11a,hard-sol-a-trap-05,0
v11a,hard-sol-a-trap-06,1
v11a,hard-sol-a-trap-08,0
v11a,hard-sol-a-trap-10,1
v11a,hard-sol-a-trap-13,1
v11a,hard-sol-a-trap-15,0
v11a,hard-sol-b-judge_hard-01,1
v11a,hard-sol-b-judge_hard-02,0
v11a,hard-sol-b-judge_hard-05,1
v11a,hard-sol-b-judge_hard-08,0
v11a,hard-sol-b-judge_hard-10,0
v11a,hard-sol-b-judge_hard-14,0
v11a,hard-sol-b-judge_hard-15,1
v11a,hard-sol-b-judge_hard-18,0
v11a,hard-sol-b-long_policy-01,0
v11a,hard-sol-b-long_policy-02,0
v11a,hard-sol-b-long_policy-05,1
v11a,hard-sol-b-long_policy-06,1
v11a,hard-sol-b-routing_hard-01,1
v11a,hard-sol-b-routing_hard-02,1
v11a,hard-sol-b-routing_hard-03,1
v11a,hard-sol-b-routing_hard-07,1
v11a,hard-sol-b-routing_hard-09,1
v11a,hard-sol-b-temporal_numeric-01,0
v11a,hard-sol-b-temporal_numeric-02,1
v11a,hard-sol-b-temporal_numeric-03,0
v11a,hard-sol-b-temporal_numeric-04,0
v11a,hard-sol-c-judge_hard-03,0
v11a,hard-sol-c-judge_hard-05,1
v11a,hard-sol-c-judge_hard-07,0
v11a,hard-sol-c-judge_hard-08,0
v11a,hard-sol-c-judge_hard-09,1
v11a,hard-sol-c-judge_hard-10,1
v11a,hard-sol-c-judge_hard-11,0
v11a,hard-sol-c-judge_hard-13,0
v11a,hard-sol-c-judge_hard-15,1
v11a,hard-sol-c-multi_hop-07,1
v11a,hard-sol-c-multi_hop-09,1
v11a,hard-sol-c-multi_hop-11,0
v11a,hard-sol-c-multi_hop-12,0
v11a,hard-sol-c-multi_hop-13,1
v11b,original-policy-01-0,0
v11b,original-policy-01-1,1
v11b,original-policy-02-0,1
v11b,original-policy-02-1,1
v11b,original-policy-03-0,1
v11b,original-policy-03-1,1
v11b,original-policy-04-0,0
v11b,original-policy-04-1,0
v11b,original-policy-05-0,0
v11b,original-policy-05-1,1
v11b,original-policy-06-0,1
v11b,original-policy-06-1,1
v11b,original-intent-01-0,1
v11b,original-intent-01-1,1
v11b,original-intent-02-0,0
v11b,original-intent-02-1,1
v11b,original-intent-03-0,1
v11b,original-intent-03-1,1
v11b,original-intent-04-0,1
v11b,original-intent-04-1,1
v11b,original-intent-05-0,0
v11b,original-intent-05-1,0
v11b,original-intent-06-0,1
v11b,original-intent-06-1,1
v11b,original-ordinal-01-0,1
v11b,original-ordinal-01-1,1
v11b,original-ordinal-02-0,1
v11b,original-ordinal-02-1,1
v11b,original-ordinal-03-0,1
v11b,original-ordinal-03-1,1
v11b,original-ordinal-04-0,1
v11b,original-ordinal-04-1,1
v11b,original-ordinal-05-0,0
v11b,original-ordinal-05-1,1
v11b,original-ordinal-06-0,1
v11b,original-ordinal-06-1,1
v11b,original-extraction-01-0,1
v11b,original-extraction-01-1,1
v11b,original-extraction-02-0,1
v11b,original-extraction-02-1,0
v11b,original-extraction-03-0,1
v11b,original-extraction-03-1,1
v11b,original-extraction-04-0,1
v11b,original-extraction-04-1,1
v11b,original-extraction-05-0,1
v11b,original-extraction-05-1,1
v11b,original-extraction-06-0,1
v11b,original-extraction-06-1,1
v11b,original-adequacy-01-0,1
v11b,original-adequacy-01-1,1
v11b,original-adequacy-02-0,0
v11b,original-adequacy-02-1,1
v11b,original-adequacy-03-0,0
v11b,original-adequacy-03-1,0
v11b,original-adequacy-04-0,1
v11b,original-adequacy-04-1,0
v11b,original-adequacy-05-0,0
v11b,original-adequacy-05-1,0
v11b,original-adequacy-06-0,1
v11b,original-adequacy-06-1,1
v11b,original-routing-01-0,1
v11b,original-routing-01-1,1
v11b,original-routing-02-0,1
v11b,original-routing-02-1,1
v11b,original-routing-03-0,1
v11b,original-routing-03-1,1
v11b,original-routing-04-0,1
v11b,original-routing-04-1,1
v11b,original-routing-05-0,1
v11b,original-routing-05-1,0
v11b,original-routing-06-0,1
v11b,original-routing-06-1,1
v11b,easy-intent-00,1
v11b,easy-intent-01,1
v11b,easy-intent-02,1
v11b,easy-intent-03,1
v11b,easy-intent-04,1
v11b,easy-intent-05,1
v11b,easy-intent-06,1
v11b,easy-intent-07,1
v11b,easy-intent-08,1
v11b,easy-intent-09,1
v11b,easy-intent-10,1
v11b,easy-intent-11,1
v11b,easy-fact-00,1
v11b,easy-fact-01,1
v11b,easy-fact-02,1
v11b,easy-fact-03,1
v11b,easy-fact-04,1
v11b,easy-fact-05,1
v11b,easy-fact-06,1
v11b,easy-fact-07,1
v11b,easy-fact-08,1
v11b,easy-fact-09,1
v11b,easy-fact-10,1
v11b,easy-fact-11,1
v11b,easy-extraction-00,1
v11b,easy-extraction-01,1
v11b,easy-extraction-02,1
v11b,easy-extraction-03,1
v11b,easy-extraction-04,1
v11b,easy-extraction-05,1
v11b,easy-extraction-06,1
v11b,easy-extraction-07,1
v11b,easy-extraction-08,1
v11b,easy-extraction-09,1
v11b,easy-extraction-10,1
v11b,easy-extraction-11,1
v11b,easy-tool_selection-00,1
v11b,easy-tool_selection-01,1
v11b,easy-tool_selection-02,1
v11b,easy-tool_selection-03,1
v11b,easy-tool_selection-04,1
v11b,easy-tool_selection-05,1
v11b,easy-tool_selection-06,1
v11b,easy-tool_selection-07,1
v11b,easy-tool_selection-08,1
v11b,easy-tool_selection-09,1
v11b,easy-tool_selection-10,1
v11b,easy-tool_selection-11,1
v11b,hard-opus-a-long_policy-01,0
v11b,hard-opus-a-long_policy-04,0
v11b,hard-opus-a-long_policy-08,0
v11b,hard-opus-a-long_policy-09,0
v11b,hard-opus-a-long_policy-11,0
v11b,hard-opus-a-long_policy-13,1
v11b,hard-opus-a-long_policy-17,1
v11b,hard-opus-a-long_policy-19,0
v11b,hard-opus-a-probability-03,1
v11b,hard-opus-a-probability-04,0
v11b,hard-opus-a-probability-07,0
v11b,hard-opus-a-probability-08,0
v11b,hard-opus-a-temporal_numeric-03,0
v11b,hard-opus-a-temporal_numeric-06,0
v11b,hard-opus-a-temporal_numeric-07,0
v11b,hard-opus-a-temporal_numeric-09,0
v11b,hard-opus-a-temporal_numeric-12,0
v11b,hard-opus-b-ambiguous-02,0
v11b,hard-opus-b-ambiguous-03,0
v11b,hard-opus-b-ambiguous-07,0
v11b,hard-opus-b-ambiguous-09,0
v11b,hard-opus-b-ambiguous-10,0
v11b,hard-opus-b-ambiguous-11,0
v11b,hard-opus-b-ambiguous-13,0
v11b,hard-opus-b-multi_hop-03,0
v11b,hard-opus-b-multi_hop-04,0
v11b,hard-opus-b-multi_hop-05,1
v11b,hard-opus-b-multi_hop-07,0
v11b,hard-opus-b-multi_hop-08,0
v11b,hard-opus-b-probability-01,0
v11b,hard-opus-b-probability-02,0
v11b,hard-opus-b-probability-03,1
v11b,hard-opus-b-probability-04,1
v11b,hard-opus-b-probability-06,0
v11b,hard-opus-b-tradeoff-01,0
v11b,hard-opus-b-tradeoff-03,0
v11b,hard-opus-b-tradeoff-06,1
v11b,hard-opus-b-tradeoff-07,0
v11b,hard-opus-b-tradeoff-08,1
v11b,hard-opus-b-tradeoff-12,0
v11b,hard-opus-c-long_policy-02,0
v11b,hard-opus-c-long_policy-03,1
v11b,hard-opus-c-long_policy-04,1
v11b,hard-opus-c-long_policy-05,0
v11b,hard-opus-c-long_policy-08,0
v11b,hard-opus-c-long_policy-10,1
v11b,hard-opus-c-long_policy-11,0
v11b,hard-opus-c-probability-03,0
v11b,hard-opus-c-temporal_numeric-02,1
v11b,hard-opus-c-temporal_numeric-03,0
v11b,hard-opus-c-temporal_numeric-04,0
v11b,hard-opus-c-temporal_numeric-06,0
v11b,hard-opus-c-temporal_numeric-08,0
v11b,hard-opus-c-temporal_numeric-12,0
v11b,hard-sol-a-adversarial-01,0
v11b,hard-sol-a-adversarial-06,0
v11b,hard-sol-a-adversarial-07,1
v11b,hard-sol-a-adversarial-08,1
v11b,hard-sol-a-adversarial-09,0
v11b,hard-sol-a-adversarial-11,1
v11b,hard-sol-a-multi_hop-01,1
v11b,hard-sol-a-multi_hop-02,1
v11b,hard-sol-a-multi_hop-05,0
v11b,hard-sol-a-multi_hop-07,1
v11b,hard-sol-a-multi_hop-08,0
v11b,hard-sol-a-multi_hop-09,0
v11b,hard-sol-a-multi_hop-10,0
v11b,hard-sol-a-multi_hop-12,0
v11b,hard-sol-a-trap-02,1
v11b,hard-sol-a-trap-04,1
v11b,hard-sol-a-trap-05,0
v11b,hard-sol-a-trap-06,1
v11b,hard-sol-a-trap-08,0
v11b,hard-sol-a-trap-10,1
v11b,hard-sol-a-trap-13,0
v11b,hard-sol-a-trap-15,0
v11b,hard-sol-b-judge_hard-01,1
v11b,hard-sol-b-judge_hard-02,0
v11b,hard-sol-b-judge_hard-05,1
v11b,hard-sol-b-judge_hard-08,0
v11b,hard-sol-b-judge_hard-10,0
v11b,hard-sol-b-judge_hard-14,0
v11b,hard-sol-b-judge_hard-15,1
v11b,hard-sol-b-judge_hard-18,0
v11b,hard-sol-b-long_policy-01,0
v11b,hard-sol-b-long_policy-02,0
v11b,hard-sol-b-long_policy-05,1
v11b,hard-sol-b-long_policy-06,1
v11b,hard-sol-b-routing_hard-01,1
v11b,hard-sol-b-routing_hard-02,1
v11b,hard-sol-b-routing_hard-03,1
v11b,hard-sol-b-routing_hard-07,1
v11b,hard-sol-b-routing_hard-09,1
v11b,hard-sol-b-temporal_numeric-01,0
v11b,hard-sol-b-temporal_numeric-02,1
v11b,hard-sol-b-temporal_numeric-03,0
v11b,hard-sol-b-temporal_numeric-04,0
v11b,hard-sol-c-judge_hard-03,0
v11b,hard-sol-c-judge_hard-05,1
v11b,hard-sol-c-judge_hard-07,0
v11b,hard-sol-c-judge_hard-08,0
v11b,hard-sol-c-judge_hard-09,1
v11b,hard-sol-c-judge_hard-10,1
v11b,hard-sol-c-judge_hard-11,0
v11b,hard-sol-c-judge_hard-13,0
v11b,hard-sol-c-judge_hard-15,1
v11b,hard-sol-c-multi_hop-07,1
v11b,hard-sol-c-multi_hop-09,1
v11b,hard-sol-c-multi_hop-11,0
v11b,hard-sol-c-multi_hop-12,0
v11b,hard-sol-c-multi_hop-13,1
v12,original-policy-01-0,0
v12,original-policy-01-1,1
v12,original-policy-02-0,0
v12,original-policy-02-1,0
v12,original-policy-03-0,1
v12,original-policy-03-1,0
v12,original-policy-04-0,0
v12,original-policy-04-1,1
v12,original-policy-05-0,1
v12,original-policy-05-1,1
v12,original-policy-06-0,1
v12,original-policy-06-1,1
v12,original-intent-01-0,1
v12,original-intent-01-1,1
v12,original-intent-02-0,0
v12,original-intent-02-1,1
v12,original-intent-03-0,1
v12,original-intent-03-1,1
v12,original-intent-04-0,1
v12,original-intent-04-1,1
v12,original-intent-05-0,0
v12,original-intent-05-1,0
v12,original-intent-06-0,1
v12,original-intent-06-1,1
v12,original-ordinal-01-0,1
v12,original-ordinal-01-1,1
v12,original-ordinal-02-0,1
v12,original-ordinal-02-1,1
v12,original-ordinal-03-0,1
v12,original-ordinal-03-1,1
v12,original-ordinal-04-0,1
v12,original-ordinal-04-1,1
v12,original-ordinal-05-0,0
v12,original-ordinal-05-1,0
v12,original-ordinal-06-0,1
v12,original-ordinal-06-1,1
v12,original-extraction-01-0,1
v12,original-extraction-01-1,1
v12,original-extraction-02-0,1
v12,original-extraction-02-1,1
v12,original-extraction-03-0,1
v12,original-extraction-03-1,1
v12,original-extraction-04-0,1
v12,original-extraction-04-1,1
v12,original-extraction-05-0,1
v12,original-extraction-05-1,1
v12,original-extraction-06-0,1
v12,original-extraction-06-1,1
v12,original-adequacy-01-0,1
v12,original-adequacy-01-1,1
v12,original-adequacy-02-0,0
v12,original-adequacy-02-1,1
v12,original-adequacy-03-0,0
v12,original-adequacy-03-1,0
v12,original-adequacy-04-0,1
v12,original-adequacy-04-1,1
v12,original-adequacy-05-0,1
v12,original-adequacy-05-1,0
v12,original-adequacy-06-0,1
v12,original-adequacy-06-1,1
v12,original-routing-01-0,1
v12,original-routing-01-1,1
v12,original-routing-02-0,1
v12,original-routing-02-1,1
v12,original-routing-03-0,1
v12,original-routing-03-1,1
v12,original-routing-04-0,0
v12,original-routing-04-1,0
v12,original-routing-05-0,1
v12,original-routing-05-1,0
v12,original-routing-06-0,1
v12,original-routing-06-1,1
v12,easy-intent-00,1
v12,easy-intent-01,1
v12,easy-intent-02,1
v12,easy-intent-03,1
v12,easy-intent-04,1
v12,easy-intent-05,1
v12,easy-intent-06,1
v12,easy-intent-07,1
v12,easy-intent-08,1
v12,easy-intent-09,1
v12,easy-intent-10,1
v12,easy-intent-11,1
v12,easy-fact-00,1
v12,easy-fact-01,1
v12,easy-fact-02,1
v12,easy-fact-03,1
v12,easy-fact-04,1
v12,easy-fact-05,1
v12,easy-fact-06,1
v12,easy-fact-07,1
v12,easy-fact-08,1
v12,easy-fact-09,1
v12,easy-fact-10,1
v12,easy-fact-11,1
v12,easy-extraction-00,1
v12,easy-extraction-01,1
v12,easy-extraction-02,1
v12,easy-extraction-03,1
v12,easy-extraction-04,1
v12,easy-extraction-05,1
v12,easy-extraction-06,1
v12,easy-extraction-07,1
v12,easy-extraction-08,1
v12,easy-extraction-09,1
v12,easy-extraction-10,1
v12,easy-extraction-11,1
v12,easy-tool_selection-00,1
v12,easy-tool_selection-01,1
v12,easy-tool_selection-02,1
v12,easy-tool_selection-03,1
v12,easy-tool_selection-04,1
v12,easy-tool_selection-05,1
v12,easy-tool_selection-06,1
v12,easy-tool_selection-07,1
v12,easy-tool_selection-08,1
v12,easy-tool_selection-09,1
v12,easy-tool_selection-10,1
v12,easy-tool_selection-11,1
v12,hard-opus-a-long_policy-01,0
v12,hard-opus-a-long_policy-04,0
v12,hard-opus-a-long_policy-08,0
v12,hard-opus-a-long_policy-09,0
v12,hard-opus-a-long_policy-11,0
v12,hard-opus-a-long_policy-13,1
v12,hard-opus-a-long_policy-17,0
v12,hard-opus-a-long_policy-19,0
v12,hard-opus-a-probability-03,1
v12,hard-opus-a-probability-04,0
v12,hard-opus-a-probability-07,0
v12,hard-opus-a-probability-08,0
v12,hard-opus-a-temporal_numeric-03,0
v12,hard-opus-a-temporal_numeric-06,0
v12,hard-opus-a-temporal_numeric-07,0
v12,hard-opus-a-temporal_numeric-09,0
v12,hard-opus-a-temporal_numeric-12,0
v12,hard-opus-b-ambiguous-02,1
v12,hard-opus-b-ambiguous-03,0
v12,hard-opus-b-ambiguous-07,0
v12,hard-opus-b-ambiguous-09,0
v12,hard-opus-b-ambiguous-10,0
v12,hard-opus-b-ambiguous-11,0
v12,hard-opus-b-ambiguous-13,0
v12,hard-opus-b-multi_hop-03,0
v12,hard-opus-b-multi_hop-04,0
v12,hard-opus-b-multi_hop-05,0
v12,hard-opus-b-multi_hop-07,0
v12,hard-opus-b-multi_hop-08,0
v12,hard-opus-b-probability-01,0
v12,hard-opus-b-probability-02,0
v12,hard-opus-b-probability-03,1
v12,hard-opus-b-probability-04,0
v12,hard-opus-b-probability-06,0
v12,hard-opus-b-tradeoff-01,0
v12,hard-opus-b-tradeoff-03,0
v12,hard-opus-b-tradeoff-06,0
v12,hard-opus-b-tradeoff-07,1
v12,hard-opus-b-tradeoff-08,1
v12,hard-opus-b-tradeoff-12,0
v12,hard-opus-c-long_policy-02,1
v12,hard-opus-c-long_policy-03,1
v12,hard-opus-c-long_policy-04,1
v12,hard-opus-c-long_policy-05,0
v12,hard-opus-c-long_policy-08,0
v12,hard-opus-c-long_policy-10,1
v12,hard-opus-c-long_policy-11,0
v12,hard-opus-c-probability-03,0
v12,hard-opus-c-temporal_numeric-02,1
v12,hard-opus-c-temporal_numeric-03,0
v12,hard-opus-c-temporal_numeric-04,0
v12,hard-opus-c-temporal_numeric-06,0
v12,hard-opus-c-temporal_numeric-08,0
v12,hard-opus-c-temporal_numeric-12,0
v12,hard-sol-a-adversarial-01,1
v12,hard-sol-a-adversarial-06,1
v12,hard-sol-a-adversarial-07,1
v12,hard-sol-a-adversarial-08,1
v12,hard-sol-a-adversarial-09,0
v12,hard-sol-a-adversarial-11,1
v12,hard-sol-a-multi_hop-01,1
v12,hard-sol-a-multi_hop-02,1
v12,hard-sol-a-multi_hop-05,0
v12,hard-sol-a-multi_hop-07,1
v12,hard-sol-a-multi_hop-08,0
v12,hard-sol-a-multi_hop-09,0
v12,hard-sol-a-multi_hop-10,0
v12,hard-sol-a-multi_hop-12,0
v12,hard-sol-a-trap-02,1
v12,hard-sol-a-trap-04,1
v12,hard-sol-a-trap-05,0
v12,hard-sol-a-trap-06,1
v12,hard-sol-a-trap-08,0
v12,hard-sol-a-trap-10,1
v12,hard-sol-a-trap-13,1
v12,hard-sol-a-trap-15,1
v12,hard-sol-b-judge_hard-01,1
v12,hard-sol-b-judge_hard-02,0
v12,hard-sol-b-judge_hard-05,1
v12,hard-sol-b-judge_hard-08,0
v12,hard-sol-b-judge_hard-10,0
v12,hard-sol-b-judge_hard-14,0
v12,hard-sol-b-judge_hard-15,1
v12,hard-sol-b-judge_hard-18,0
v12,hard-sol-b-long_policy-01,0
v12,hard-sol-b-long_policy-02,0
v12,hard-sol-b-long_policy-05,1
v12,hard-sol-b-long_policy-06,1
v12,hard-sol-b-routing_hard-01,1
v12,hard-sol-b-routing_hard-02,1
v12,hard-sol-b-routing_hard-03,1
v12,hard-sol-b-routing_hard-07,1
v12,hard-sol-b-routing_hard-09,1
v12,hard-sol-b-temporal_numeric-01,0
v12,hard-sol-b-temporal_numeric-02,1
v12,hard-sol-b-temporal_numeric-03,0
v12,hard-sol-b-temporal_numeric-04,0
v12,hard-sol-c-judge_hard-03,0
v12,hard-sol-c-judge_hard-05,1
v12,hard-sol-c-judge_hard-07,0
v12,hard-sol-c-judge_hard-08,0
v12,hard-sol-c-judge_hard-09,1
v12,hard-sol-c-judge_hard-10,1
v12,hard-sol-c-judge_hard-11,0
v12,hard-sol-c-judge_hard-13,0
v12,hard-sol-c-judge_hard-15,1
v12,hard-sol-c-multi_hop-07,1
v12,hard-sol-c-multi_hop-09,1
v12,hard-sol-c-multi_hop-11,0
v12,hard-sol-c-multi_hop-12,0
v12,hard-sol-c-multi_hop-13,1
v13,original-policy-01-0,1
v13,original-policy-01-1,1
v13,original-policy-02-0,1
v13,original-policy-02-1,0
v13,original-policy-03-0,1
v13,original-policy-03-1,0
v13,original-policy-04-0,1
v13,original-policy-04-1,1
v13,original-policy-05-0,0
v13,original-policy-05-1,1
v13,original-policy-06-0,1
v13,original-policy-06-1,1
v13,original-intent-01-0,1
v13,original-intent-01-1,1
v13,original-intent-02-0,1
v13,original-intent-02-1,1
v13,original-intent-03-0,1
v13,original-intent-03-1,1
v13,original-intent-04-0,1
v13,original-intent-04-1,1
v13,original-intent-05-0,0
v13,original-intent-05-1,0
v13,original-intent-06-0,1
v13,original-intent-06-1,1
v13,original-ordinal-01-0,1
v13,original-ordinal-01-1,1
v13,original-ordinal-02-0,1
v13,original-ordinal-02-1,1
v13,original-ordinal-03-0,1
v13,original-ordinal-03-1,1
v13,original-ordinal-04-0,1
v13,original-ordinal-04-1,1
v13,original-ordinal-05-0,0
v13,original-ordinal-05-1,1
v13,original-ordinal-06-0,1
v13,original-ordinal-06-1,1
v13,original-extraction-01-0,1
v13,original-extraction-01-1,1
v13,original-extraction-02-0,1
v13,original-extraction-02-1,1
v13,original-extraction-03-0,1
v13,original-extraction-03-1,1
v13,original-extraction-04-0,1
v13,original-extraction-04-1,1
v13,original-extraction-05-0,1
v13,original-extraction-05-1,1
v13,original-extraction-06-0,1
v13,original-extraction-06-1,1
v13,original-adequacy-01-0,1
v13,original-adequacy-01-1,1
v13,original-adequacy-02-0,0
v13,original-adequacy-02-1,1
v13,original-adequacy-03-0,0
v13,original-adequacy-03-1,0
v13,original-adequacy-04-0,1
v13,original-adequacy-04-1,1
v13,original-adequacy-05-0,0
v13,original-adequacy-05-1,0
v13,original-adequacy-06-0,1
v13,original-adequacy-06-1,1
v13,original-routing-01-0,1
v13,original-routing-01-1,1
v13,original-routing-02-0,1
v13,original-routing-02-1,1
v13,original-routing-03-0,1
v13,original-routing-03-1,1
v13,original-routing-04-0,1
v13,original-routing-04-1,1
v13,original-routing-05-0,1
v13,original-routing-05-1,0
v13,original-routing-06-0,1
v13,original-routing-06-1,1
v13,easy-intent-00,1
v13,easy-intent-01,1
v13,easy-intent-02,1
v13,easy-intent-03,1
v13,easy-intent-04,1
v13,easy-intent-05,1
v13,easy-intent-06,1
v13,easy-intent-07,1
v13,easy-intent-08,1
v13,easy-intent-09,1
v13,easy-intent-10,1
v13,easy-intent-11,1
v13,easy-fact-00,1
v13,easy-fact-01,1
v13,easy-fact-02,1
v13,easy-fact-03,1
v13,easy-fact-04,1
v13,easy-fact-05,1
v13,easy-fact-06,1
v13,easy-fact-07,1
v13,easy-fact-08,1
v13,easy-fact-09,1
v13,easy-fact-10,1
v13,easy-fact-11,1
v13,easy-extraction-00,1
v13,easy-extraction-01,1
v13,easy-extraction-02,1
v13,easy-extraction-03,1
v13,easy-extraction-04,1
v13,easy-extraction-05,1
v13,easy-extraction-06,1
v13,easy-extraction-07,1
v13,easy-extraction-08,1
v13,easy-extraction-09,1
v13,easy-extraction-10,1
v13,easy-extraction-11,1
v13,easy-tool_selection-00,1
v13,easy-tool_selection-01,1
v13,easy-tool_selection-02,1
v13,easy-tool_selection-03,1
v13,easy-tool_selection-04,1
v13,easy-tool_selection-05,1
v13,easy-tool_selection-06,1
v13,easy-tool_selection-07,1
v13,easy-tool_selection-08,1
v13,easy-tool_selection-09,1
v13,easy-tool_selection-10,1
v13,easy-tool_selection-11,1
v13,hard-opus-a-long_policy-01,0
v13,hard-opus-a-long_policy-04,0
v13,hard-opus-a-long_policy-08,0
v13,hard-opus-a-long_policy-09,0
v13,hard-opus-a-long_policy-11,0
v13,hard-opus-a-long_policy-13,0
v13,hard-opus-a-long_policy-17,1
v13,hard-opus-a-long_policy-19,0
v13,hard-opus-a-probability-03,1
v13,hard-opus-a-probability-04,0
v13,hard-opus-a-probability-07,1
v13,hard-opus-a-probability-08,1
v13,hard-opus-a-temporal_numeric-03,0
v13,hard-opus-a-temporal_numeric-06,0
v13,hard-opus-a-temporal_numeric-07,0
v13,hard-opus-a-temporal_numeric-09,0
v13,hard-opus-a-temporal_numeric-12,0
v13,hard-opus-b-ambiguous-02,0
v13,hard-opus-b-ambiguous-03,1
v13,hard-opus-b-ambiguous-07,0
v13,hard-opus-b-ambiguous-09,0
v13,hard-opus-b-ambiguous-10,1
v13,hard-opus-b-ambiguous-11,1
v13,hard-opus-b-ambiguous-13,1
v13,hard-opus-b-multi_hop-03,0
v13,hard-opus-b-multi_hop-04,0
v13,hard-opus-b-multi_hop-05,0
v13,hard-opus-b-multi_hop-07,0
v13,hard-opus-b-multi_hop-08,0
v13,hard-opus-b-probability-01,1
v13,hard-opus-b-probability-02,0
v13,hard-opus-b-probability-03,1
v13,hard-opus-b-probability-04,1
v13,hard-opus-b-probability-06,0
v13,hard-opus-b-tradeoff-01,0
v13,hard-opus-b-tradeoff-03,0
v13,hard-opus-b-tradeoff-06,1
v13,hard-opus-b-tradeoff-07,0
v13,hard-opus-b-tradeoff-08,0
v13,hard-opus-b-tradeoff-12,0
v13,hard-opus-c-long_policy-02,1
v13,hard-opus-c-long_policy-03,0
v13,hard-opus-c-long_policy-04,1
v13,hard-opus-c-long_policy-05,0
v13,hard-opus-c-long_policy-08,0
v13,hard-opus-c-long_policy-10,1
v13,hard-opus-c-long_policy-11,0
v13,hard-opus-c-probability-03,0
v13,hard-opus-c-temporal_numeric-02,1
v13,hard-opus-c-temporal_numeric-03,0
v13,hard-opus-c-temporal_numeric-04,0
v13,hard-opus-c-temporal_numeric-06,0
v13,hard-opus-c-temporal_numeric-08,0
v13,hard-opus-c-temporal_numeric-12,0
v13,hard-sol-a-adversarial-01,1
v13,hard-sol-a-adversarial-06,1
v13,hard-sol-a-adversarial-07,1
v13,hard-sol-a-adversarial-08,1
v13,hard-sol-a-adversarial-09,1
v13,hard-sol-a-adversarial-11,0
v13,hard-sol-a-multi_hop-01,1
v13,hard-sol-a-multi_hop-02,0
v13,hard-sol-a-multi_hop-05,0
v13,hard-sol-a-multi_hop-07,0
v13,hard-sol-a-multi_hop-08,0
v13,hard-sol-a-multi_hop-09,0
v13,hard-sol-a-multi_hop-10,1
v13,hard-sol-a-multi_hop-12,0
v13,hard-sol-a-trap-02,1
v13,hard-sol-a-trap-04,1
v13,hard-sol-a-trap-05,0
v13,hard-sol-a-trap-06,1
v13,hard-sol-a-trap-08,1
v13,hard-sol-a-trap-10,1
v13,hard-sol-a-trap-13,1
v13,hard-sol-a-trap-15,1
v13,hard-sol-b-judge_hard-01,1
v13,hard-sol-b-judge_hard-02,0
v13,hard-sol-b-judge_hard-05,1
v13,hard-sol-b-judge_hard-08,0
v13,hard-sol-b-judge_hard-10,0
v13,hard-sol-b-judge_hard-14,0
v13,hard-sol-b-judge_hard-15,1
v13,hard-sol-b-judge_hard-18,0
v13,hard-sol-b-long_policy-01,0
v13,hard-sol-b-long_policy-02,0
v13,hard-sol-b-long_policy-05,1
v13,hard-sol-b-long_policy-06,1
v13,hard-sol-b-routing_hard-01,1
v13,hard-sol-b-routing_hard-02,1
v13,hard-sol-b-routing_hard-03,1
v13,hard-sol-b-routing_hard-07,1
v13,hard-sol-b-routing_hard-09,1
v13,hard-sol-b-temporal_numeric-01,0
v13,hard-sol-b-temporal_numeric-02,1
v13,hard-sol-b-temporal_numeric-03,0
v13,hard-sol-b-temporal_numeric-04,0
v13,hard-sol-c-judge_hard-03,0
v13,hard-sol-c-judge_hard-05,1
v13,hard-sol-c-judge_hard-07,0
v13,hard-sol-c-judge_hard-08,0
v13,hard-sol-c-judge_hard-09,1
v13,hard-sol-c-judge_hard-10,1
v13,hard-sol-c-judge_hard-11,0
v13,hard-sol-c-judge_hard-13,0
v13,hard-sol-c-judge_hard-15,1
v13,hard-sol-c-multi_hop-07,1
v13,hard-sol-c-multi_hop-09,1
v13,hard-sol-c-multi_hop-11,1
v13,hard-sol-c-multi_hop-12,0
v13,hard-sol-c-multi_hop-13,1
v14,original-policy-01-0,1
v14,original-policy-01-1,1
v14,original-policy-02-0,1
v14,original-policy-02-1,0
v14,original-policy-03-0,1
v14,original-policy-03-1,0
v14,original-policy-04-0,1
v14,original-policy-04-1,1
v14,original-policy-05-0,0
v14,original-policy-05-1,1
v14,original-policy-06-0,1
v14,original-policy-06-1,1
v14,original-intent-01-0,1
v14,original-intent-01-1,1
v14,original-intent-02-0,1
v14,original-intent-02-1,1
v14,original-intent-03-0,1
v14,original-intent-03-1,1
v14,original-intent-04-0,1
v14,original-intent-04-1,1
v14,original-intent-05-0,0
v14,original-intent-05-1,0
v14,original-intent-06-0,1
v14,original-intent-06-1,1
v14,original-ordinal-01-0,1
v14,original-ordinal-01-1,1
v14,original-ordinal-02-0,1
v14,original-ordinal-02-1,1
v14,original-ordinal-03-0,1
v14,original-ordinal-03-1,1
v14,original-ordinal-04-0,1
v14,original-ordinal-04-1,1
v14,original-ordinal-05-0,1
v14,original-ordinal-05-1,1
v14,original-ordinal-06-0,1
v14,original-ordinal-06-1,1
v14,original-extraction-01-0,1
v14,original-extraction-01-1,1
v14,original-extraction-02-0,1
v14,original-extraction-02-1,1
v14,original-extraction-03-0,1
v14,original-extraction-03-1,1
v14,original-extraction-04-0,1
v14,original-extraction-04-1,1
v14,original-extraction-05-0,1
v14,original-extraction-05-1,1
v14,original-extraction-06-0,1
v14,original-extraction-06-1,1
v14,original-adequacy-01-0,1
v14,original-adequacy-01-1,1
v14,original-adequacy-02-0,0
v14,original-adequacy-02-1,1
v14,original-adequacy-03-0,0
v14,original-adequacy-03-1,0
v14,original-adequacy-04-0,1
v14,original-adequacy-04-1,1
v14,original-adequacy-05-0,0
v14,original-adequacy-05-1,0
v14,original-adequacy-06-0,1
v14,original-adequacy-06-1,1
v14,original-routing-01-0,1
v14,original-routing-01-1,1
v14,original-routing-02-0,1
v14,original-routing-02-1,1
v14,original-routing-03-0,1
v14,original-routing-03-1,1
v14,original-routing-04-0,1
v14,original-routing-04-1,1
v14,original-routing-05-0,1
v14,original-routing-05-1,0
v14,original-routing-06-0,1
v14,original-routing-06-1,1
v14,easy-intent-00,1
v14,easy-intent-01,1
v14,easy-intent-02,1
v14,easy-intent-03,1
v14,easy-intent-04,1
v14,easy-intent-05,1
v14,easy-intent-06,1
v14,easy-intent-07,1
v14,easy-intent-08,1
v14,easy-intent-09,1
v14,easy-intent-10,1
v14,easy-intent-11,1
v14,easy-fact-00,1
v14,easy-fact-01,1
v14,easy-fact-02,1
v14,easy-fact-03,1
v14,easy-fact-04,1
v14,easy-fact-05,1
v14,easy-fact-06,1
v14,easy-fact-07,1
v14,easy-fact-08,1
v14,easy-fact-09,1
v14,easy-fact-10,1
v14,easy-fact-11,1
v14,easy-extraction-00,1
v14,easy-extraction-01,1
v14,easy-extraction-02,1
v14,easy-extraction-03,1
v14,easy-extraction-04,1
v14,easy-extraction-05,1
v14,easy-extraction-06,1
v14,easy-extraction-07,1
v14,easy-extraction-08,1
v14,easy-extraction-09,1
v14,easy-extraction-10,1
v14,easy-extraction-11,1
v14,easy-tool_selection-00,1
v14,easy-tool_selection-01,1
v14,easy-tool_selection-02,1
v14,easy-tool_selection-03,1
v14,easy-tool_selection-04,1
v14,easy-tool_selection-05,1
v14,easy-tool_selection-06,1
v14,easy-tool_selection-07,1
v14,easy-tool_selection-08,1
v14,easy-tool_selection-09,1
v14,easy-tool_selection-10,1
v14,easy-tool_selection-11,1
v14,hard-opus-a-long_policy-01,1
v14,hard-opus-a-long_policy-04,0
v14,hard-opus-a-long_policy-08,0
v14,hard-opus-a-long_policy-09,0
v14,hard-opus-a-long_policy-11,0
v14,hard-opus-a-long_policy-13,0
v14,hard-opus-a-long_policy-17,1
v14,hard-opus-a-long_policy-19,0
v14,hard-opus-a-probability-03,1
v14,hard-opus-a-probability-04,0
v14,hard-opus-a-probability-07,0
v14,hard-opus-a-probability-08,1
v14,hard-opus-a-temporal_numeric-03,0
v14,hard-opus-a-temporal_numeric-06,0
v14,hard-opus-a-temporal_numeric-07,0
v14,hard-opus-a-temporal_numeric-09,0
v14,hard-opus-a-temporal_numeric-12,0
v14,hard-opus-b-ambiguous-02,0
v14,hard-opus-b-ambiguous-03,0
v14,hard-opus-b-ambiguous-07,0
v14,hard-opus-b-ambiguous-09,0
v14,hard-opus-b-ambiguous-10,0
v14,hard-opus-b-ambiguous-11,1
v14,hard-opus-b-ambiguous-13,1
v14,hard-opus-b-multi_hop-03,0
v14,hard-opus-b-multi_hop-04,0
v14,hard-opus-b-multi_hop-05,0
v14,hard-opus-b-multi_hop-07,0
v14,hard-opus-b-multi_hop-08,0
v14,hard-opus-b-probability-01,1
v14,hard-opus-b-probability-02,0
v14,hard-opus-b-probability-03,1
v14,hard-opus-b-probability-04,1
v14,hard-opus-b-probability-06,0
v14,hard-opus-b-tradeoff-01,0
v14,hard-opus-b-tradeoff-03,0
v14,hard-opus-b-tradeoff-06,1
v14,hard-opus-b-tradeoff-07,0
v14,hard-opus-b-tradeoff-08,0
v14,hard-opus-b-tradeoff-12,1
v14,hard-opus-c-long_policy-02,1
v14,hard-opus-c-long_policy-03,0
v14,hard-opus-c-long_policy-04,1
v14,hard-opus-c-long_policy-05,0
v14,hard-opus-c-long_policy-08,0
v14,hard-opus-c-long_policy-10,1
v14,hard-opus-c-long_policy-11,0
v14,hard-opus-c-probability-03,0
v14,hard-opus-c-temporal_numeric-02,1
v14,hard-opus-c-temporal_numeric-03,0
v14,hard-opus-c-temporal_numeric-04,0
v14,hard-opus-c-temporal_numeric-06,0
v14,hard-opus-c-temporal_numeric-08,0
v14,hard-opus-c-temporal_numeric-12,1
v14,hard-sol-a-adversarial-01,1
v14,hard-sol-a-adversarial-06,1
v14,hard-sol-a-adversarial-07,1
v14,hard-sol-a-adversarial-08,1
v14,hard-sol-a-adversarial-09,1
v14,hard-sol-a-adversarial-11,0
v14,hard-sol-a-multi_hop-01,1
v14,hard-sol-a-multi_hop-02,0
v14,hard-sol-a-multi_hop-05,1
v14,hard-sol-a-multi_hop-07,1
v14,hard-sol-a-multi_hop-08,0
v14,hard-sol-a-multi_hop-09,1
v14,hard-sol-a-multi_hop-10,1
v14,hard-sol-a-multi_hop-12,0
v14,hard-sol-a-trap-02,1
v14,hard-sol-a-trap-04,1
v14,hard-sol-a-trap-05,0
v14,hard-sol-a-trap-06,1
v14,hard-sol-a-trap-08,0
v14,hard-sol-a-trap-10,1
v14,hard-sol-a-trap-13,1
v14,hard-sol-a-trap-15,1
v14,hard-sol-b-judge_hard-01,1
v14,hard-sol-b-judge_hard-02,0
v14,hard-sol-b-judge_hard-05,1
v14,hard-sol-b-judge_hard-08,0
v14,hard-sol-b-judge_hard-10,0
v14,hard-sol-b-judge_hard-14,0
v14,hard-sol-b-judge_hard-15,1
v14,hard-sol-b-judge_hard-18,0
v14,hard-sol-b-long_policy-01,0
v14,hard-sol-b-long_policy-02,0
v14,hard-sol-b-long_policy-05,1
v14,hard-sol-b-long_policy-06,1
v14,hard-sol-b-routing_hard-01,1
v14,hard-sol-b-routing_hard-02,1
v14,hard-sol-b-routing_hard-03,1
v14,hard-sol-b-routing_hard-07,1
v14,hard-sol-b-routing_hard-09,1
v14,hard-sol-b-temporal_numeric-01,0
v14,hard-sol-b-temporal_numeric-02,1
v14,hard-sol-b-temporal_numeric-03,1
v14,hard-sol-b-temporal_numeric-04,0
v14,hard-sol-c-judge_hard-03,0
v14,hard-sol-c-judge_hard-05,1
v14,hard-sol-c-judge_hard-07,0
v14,hard-sol-c-judge_hard-08,0
v14,hard-sol-c-judge_hard-09,1
v14,hard-sol-c-judge_hard-10,1
v14,hard-sol-c-judge_hard-11,0
v14,hard-sol-c-judge_hard-13,0
v14,hard-sol-c-judge_hard-15,1
v14,hard-sol-c-multi_hop-07,1
v14,hard-sol-c-multi_hop-09,1
v14,hard-sol-c-multi_hop-11,1
v14,hard-sol-c-multi_hop-12,0
v14,hard-sol-c-multi_hop-13,1
v15,original-policy-01-0,1
v15,original-policy-01-1,1
v15,original-policy-02-0,1
v15,original-policy-02-1,0
v15,original-policy-03-0,1
v15,original-policy-03-1,0
v15,original-policy-04-0,1
v15,original-policy-04-1,1
v15,original-policy-05-0,0
v15,original-policy-05-1,1
v15,original-policy-06-0,1
v15,original-policy-06-1,1
v15,original-intent-01-0,1
v15,original-intent-01-1,1
v15,original-intent-02-0,1
v15,original-intent-02-1,1
v15,original-intent-03-0,1
v15,original-intent-03-1,1
v15,original-intent-04-0,1
v15,original-intent-04-1,1
v15,original-intent-05-0,0
v15,original-intent-05-1,0
v15,original-intent-06-0,1
v15,original-intent-06-1,1
v15,original-ordinal-01-0,1
v15,original-ordinal-01-1,1
v15,original-ordinal-02-0,1
v15,original-ordinal-02-1,1
v15,original-ordinal-03-0,1
v15,original-ordinal-03-1,1
v15,original-ordinal-04-0,1
v15,original-ordinal-04-1,1
v15,original-ordinal-05-0,1
v15,original-ordinal-05-1,1
v15,original-ordinal-06-0,1
v15,original-ordinal-06-1,1
v15,original-extraction-01-0,1
v15,original-extraction-01-1,1
v15,original-extraction-02-0,1
v15,original-extraction-02-1,1
v15,original-extraction-03-0,1
v15,original-extraction-03-1,1
v15,original-extraction-04-0,1
v15,original-extraction-04-1,1
v15,original-extraction-05-0,1
v15,original-extraction-05-1,1
v15,original-extraction-06-0,1
v15,original-extraction-06-1,1
v15,original-adequacy-01-0,1
v15,original-adequacy-01-1,1
v15,original-adequacy-02-0,1
v15,original-adequacy-02-1,1
v15,original-adequacy-03-0,0
v15,original-adequacy-03-1,0
v15,original-adequacy-04-0,1
v15,original-adequacy-04-1,1
v15,original-adequacy-05-0,0
v15,original-adequacy-05-1,0
v15,original-adequacy-06-0,1
v15,original-adequacy-06-1,1
v15,original-routing-01-0,1
v15,original-routing-01-1,1
v15,original-routing-02-0,1
v15,original-routing-02-1,1
v15,original-routing-03-0,1
v15,original-routing-03-1,1
v15,original-routing-04-0,1
v15,original-routing-04-1,1
v15,original-routing-05-0,1
v15,original-routing-05-1,0
v15,original-routing-06-0,1
v15,original-routing-06-1,1
v15,easy-intent-00,1
v15,easy-intent-01,1
v15,easy-intent-02,1
v15,easy-intent-03,1
v15,easy-intent-04,1
v15,easy-intent-05,1
v15,easy-intent-06,1
v15,easy-intent-07,1
v15,easy-intent-08,1
v15,easy-intent-09,1
v15,easy-intent-10,1
v15,easy-intent-11,1
v15,easy-fact-00,1
v15,easy-fact-01,1
v15,easy-fact-02,1
v15,easy-fact-03,1
v15,easy-fact-04,1
v15,easy-fact-05,1
v15,easy-fact-06,1
v15,easy-fact-07,1
v15,easy-fact-08,1
v15,easy-fact-09,1
v15,easy-fact-10,1
v15,easy-fact-11,1
v15,easy-extraction-00,1
v15,easy-extraction-01,1
v15,easy-extraction-02,1
v15,easy-extraction-03,1
v15,easy-extraction-04,1
v15,easy-extraction-05,1
v15,easy-extraction-06,1
v15,easy-extraction-07,1
v15,easy-extraction-08,1
v15,easy-extraction-09,1
v15,easy-extraction-10,1
v15,easy-extraction-11,1
v15,easy-tool_selection-00,1
v15,easy-tool_selection-01,1
v15,easy-tool_selection-02,1
v15,easy-tool_selection-03,1
v15,easy-tool_selection-04,1
v15,easy-tool_selection-05,1
v15,easy-tool_selection-06,1
v15,easy-tool_selection-07,1
v15,easy-tool_selection-08,1
v15,easy-tool_selection-09,1
v15,easy-tool_selection-10,1
v15,easy-tool_selection-11,1
v15,hard-opus-a-long_policy-01,1
v15,hard-opus-a-long_policy-04,0
v15,hard-opus-a-long_policy-08,1
v15,hard-opus-a-long_policy-09,0
v15,hard-opus-a-long_policy-11,0
v15,hard-opus-a-long_policy-13,0
v15,hard-opus-a-long_policy-17,1
v15,hard-opus-a-long_policy-19,0
v15,hard-opus-a-probability-03,1
v15,hard-opus-a-probability-04,0
v15,hard-opus-a-probability-07,0
v15,hard-opus-a-probability-08,1
v15,hard-opus-a-temporal_numeric-03,0
v15,hard-opus-a-temporal_numeric-06,0
v15,hard-opus-a-temporal_numeric-07,0
v15,hard-opus-a-temporal_numeric-09,0
v15,hard-opus-a-temporal_numeric-12,0
v15,hard-opus-b-ambiguous-02,0
v15,hard-opus-b-ambiguous-03,1
v15,hard-opus-b-ambiguous-07,0
v15,hard-opus-b-ambiguous-09,0
v15,hard-opus-b-ambiguous-10,1
v15,hard-opus-b-ambiguous-11,1
v15,hard-opus-b-ambiguous-13,1
v15,hard-opus-b-multi_hop-03,0
v15,hard-opus-b-multi_hop-04,0
v15,hard-opus-b-multi_hop-05,0
v15,hard-opus-b-multi_hop-07,0
v15,hard-opus-b-multi_hop-08,0
v15,hard-opus-b-probability-01,1
v15,hard-opus-b-probability-02,0
v15,hard-opus-b-probability-03,0
v15,hard-opus-b-probability-04,1
v15,hard-opus-b-probability-06,0
v15,hard-opus-b-tradeoff-01,0
v15,hard-opus-b-tradeoff-03,0
v15,hard-opus-b-tradeoff-06,0
v15,hard-opus-b-tradeoff-07,0
v15,hard-opus-b-tradeoff-08,0
v15,hard-opus-b-tradeoff-12,1
v15,hard-opus-c-long_policy-02,1
v15,hard-opus-c-long_policy-03,0
v15,hard-opus-c-long_policy-04,0
v15,hard-opus-c-long_policy-05,0
v15,hard-opus-c-long_policy-08,0
v15,hard-opus-c-long_policy-10,1
v15,hard-opus-c-long_policy-11,0
v15,hard-opus-c-probability-03,0
v15,hard-opus-c-temporal_numeric-02,0
v15,hard-opus-c-temporal_numeric-03,0
v15,hard-opus-c-temporal_numeric-04,0
v15,hard-opus-c-temporal_numeric-06,0
v15,hard-opus-c-temporal_numeric-08,0
v15,hard-opus-c-temporal_numeric-12,1
v15,hard-sol-a-adversarial-01,1
v15,hard-sol-a-adversarial-06,1
v15,hard-sol-a-adversarial-07,1
v15,hard-sol-a-adversarial-08,1
v15,hard-sol-a-adversarial-09,1
v15,hard-sol-a-adversarial-11,0
v15,hard-sol-a-multi_hop-01,1
v15,hard-sol-a-multi_hop-02,0
v15,hard-sol-a-multi_hop-05,1
v15,hard-sol-a-multi_hop-07,1
v15,hard-sol-a-multi_hop-08,1
v15,hard-sol-a-multi_hop-09,1
v15,hard-sol-a-multi_hop-10,0
v15,hard-sol-a-multi_hop-12,0
v15,hard-sol-a-trap-02,1
v15,hard-sol-a-trap-04,1
v15,hard-sol-a-trap-05,0
v15,hard-sol-a-trap-06,1
v15,hard-sol-a-trap-08,1
v15,hard-sol-a-trap-10,1
v15,hard-sol-a-trap-13,1
v15,hard-sol-a-trap-15,0
v15,hard-sol-b-judge_hard-01,1
v15,hard-sol-b-judge_hard-02,0
v15,hard-sol-b-judge_hard-05,1
v15,hard-sol-b-judge_hard-08,0
v15,hard-sol-b-judge_hard-10,0
v15,hard-sol-b-judge_hard-14,0
v15,hard-sol-b-judge_hard-15,1
v15,hard-sol-b-judge_hard-18,0
v15,hard-sol-b-long_policy-01,1
v15,hard-sol-b-long_policy-02,0
v15,hard-sol-b-long_policy-05,0
v15,hard-sol-b-long_policy-06,1
v15,hard-sol-b-routing_hard-01,1
v15,hard-sol-b-routing_hard-02,1
v15,hard-sol-b-routing_hard-03,1
v15,hard-sol-b-routing_hard-07,1
v15,hard-sol-b-routing_hard-09,1
v15,hard-sol-b-temporal_numeric-01,0
v15,hard-sol-b-temporal_numeric-02,1
v15,hard-sol-b-temporal_numeric-03,0
v15,hard-sol-b-temporal_numeric-04,0
v15,hard-sol-c-judge_hard-03,0
v15,hard-sol-c-judge_hard-05,1
v15,hard-sol-c-judge_hard-07,0
v15,hard-sol-c-judge_hard-08,0
v15,hard-sol-c-judge_hard-09,1
v15,hard-sol-c-judge_hard-10,1
v15,hard-sol-c-judge_hard-11,0
v15,hard-sol-c-judge_hard-13,0
v15,hard-sol-c-judge_hard-15,1
v15,hard-sol-c-multi_hop-07,1
v15,hard-sol-c-multi_hop-09,1
v15,hard-sol-c-multi_hop-11,1
v15,hard-sol-c-multi_hop-12,0
v15,hard-sol-c-multi_hop-13,1
v16,original-policy-01-0,1
v16,original-policy-01-1,1
v16,original-policy-02-0,1
v16,original-policy-02-1,0
v16,original-policy-03-0,1
v16,original-policy-03-1,0
v16,original-policy-04-0,1
v16,original-policy-04-1,1
v16,original-policy-05-0,0
v16,original-policy-05-1,1
v16,original-policy-06-0,1
v16,original-policy-06-1,1
v16,original-intent-01-0,1
v16,original-intent-01-1,1
v16,original-intent-02-0,1
v16,original-intent-02-1,1
v16,original-intent-03-0,1
v16,original-intent-03-1,1
v16,original-intent-04-0,1
v16,original-intent-04-1,1
v16,original-intent-05-0,0
v16,original-intent-05-1,0
v16,original-intent-06-0,1
v16,original-intent-06-1,1
v16,original-ordinal-01-0,1
v16,original-ordinal-01-1,1
v16,original-ordinal-02-0,1
v16,original-ordinal-02-1,1
v16,original-ordinal-03-0,1
v16,original-ordinal-03-1,1
v16,original-ordinal-04-0,1
v16,original-ordinal-04-1,1
v16,original-ordinal-05-0,0
v16,original-ordinal-05-1,1
v16,original-ordinal-06-0,1
v16,original-ordinal-06-1,1
v16,original-extraction-01-0,1
v16,original-extraction-01-1,1
v16,original-extraction-02-0,1
v16,original-extraction-02-1,1
v16,original-extraction-03-0,1
v16,original-extraction-03-1,1
v16,original-extraction-04-0,1
v16,original-extraction-04-1,1
v16,original-extraction-05-0,1
v16,original-extraction-05-1,1
v16,original-extraction-06-0,1
v16,original-extraction-06-1,1
v16,original-adequacy-01-0,1
v16,original-adequacy-01-1,1
v16,original-adequacy-02-0,0
v16,original-adequacy-02-1,1
v16,original-adequacy-03-0,0
v16,original-adequacy-03-1,0
v16,original-adequacy-04-0,1
v16,original-adequacy-04-1,1
v16,original-adequacy-05-0,0
v16,original-adequacy-05-1,0
v16,original-adequacy-06-0,1
v16,original-adequacy-06-1,1
v16,original-routing-01-0,1
v16,original-routing-01-1,1
v16,original-routing-02-0,1
v16,original-routing-02-1,1
v16,original-routing-03-0,1
v16,original-routing-03-1,1
v16,original-routing-04-0,1
v16,original-routing-04-1,1
v16,original-routing-05-0,1
v16,original-routing-05-1,0
v16,original-routing-06-0,1
v16,original-routing-06-1,1
v16,easy-intent-00,1
v16,easy-intent-01,1
v16,easy-intent-02,1
v16,easy-intent-03,1
v16,easy-intent-04,1
v16,easy-intent-05,1
v16,easy-intent-06,1
v16,easy-intent-07,1
v16,easy-intent-08,1
v16,easy-intent-09,1
v16,easy-intent-10,1
v16,easy-intent-11,1
v16,easy-fact-00,1
v16,easy-fact-01,1
v16,easy-fact-02,1
v16,easy-fact-03,1
v16,easy-fact-04,1
v16,easy-fact-05,1
v16,easy-fact-06,1
v16,easy-fact-07,1
v16,easy-fact-08,1
v16,easy-fact-09,1
v16,easy-fact-10,1
v16,easy-fact-11,1
v16,easy-extraction-00,1
v16,easy-extraction-01,1
v16,easy-extraction-02,1
v16,easy-extraction-03,1
v16,easy-extraction-04,1
v16,easy-extraction-05,1
v16,easy-extraction-06,1
v16,easy-extraction-07,1
v16,easy-extraction-08,1
v16,easy-extraction-09,1
v16,easy-extraction-10,1
v16,easy-extraction-11,1
v16,easy-tool_selection-00,1
v16,easy-tool_selection-01,1
v16,easy-tool_selection-02,1
v16,easy-tool_selection-03,1
v16,easy-tool_selection-04,1
v16,easy-tool_selection-05,1
v16,easy-tool_selection-06,1
v16,easy-tool_selection-07,1
v16,easy-tool_selection-08,1
v16,easy-tool_selection-09,1
v16,easy-tool_selection-10,1
v16,easy-tool_selection-11,1
v16,hard-opus-a-long_policy-01,1
v16,hard-opus-a-long_policy-04,0
v16,hard-opus-a-long_policy-08,1
v16,hard-opus-a-long_policy-09,0
v16,hard-opus-a-long_policy-11,0
v16,hard-opus-a-long_policy-13,0
v16,hard-opus-a-long_policy-17,1
v16,hard-opus-a-long_policy-19,1
v16,hard-opus-a-probability-03,1
v16,hard-opus-a-probability-04,0
v16,hard-opus-a-probability-07,0
v16,hard-opus-a-probability-08,1
v16,hard-opus-a-temporal_numeric-03,0
v16,hard-opus-a-temporal_numeric-06,0
v16,hard-opus-a-temporal_numeric-07,0
v16,hard-opus-a-temporal_numeric-09,0
v16,hard-opus-a-temporal_numeric-12,0
v16,hard-opus-b-ambiguous-02,1
v16,hard-opus-b-ambiguous-03,0
v16,hard-opus-b-ambiguous-07,0
v16,hard-opus-b-ambiguous-09,0
v16,hard-opus-b-ambiguous-10,0
v16,hard-opus-b-ambiguous-11,1
v16,hard-opus-b-ambiguous-13,1
v16,hard-opus-b-multi_hop-03,1
v16,hard-opus-b-multi_hop-04,0
v16,hard-opus-b-multi_hop-05,1
v16,hard-opus-b-multi_hop-07,0
v16,hard-opus-b-multi_hop-08,0
v16,hard-opus-b-probability-01,1
v16,hard-opus-b-probability-02,0
v16,hard-opus-b-probability-03,1
v16,hard-opus-b-probability-04,0
v16,hard-opus-b-probability-06,0
v16,hard-opus-b-tradeoff-01,1
v16,hard-opus-b-tradeoff-03,1
v16,hard-opus-b-tradeoff-06,0
v16,hard-opus-b-tradeoff-07,0
v16,hard-opus-b-tradeoff-08,1
v16,hard-opus-b-tradeoff-12,1
v16,hard-opus-c-long_policy-02,1
v16,hard-opus-c-long_policy-03,0
v16,hard-opus-c-long_policy-04,1
v16,hard-opus-c-long_policy-05,0
v16,hard-opus-c-long_policy-08,0
v16,hard-opus-c-long_policy-10,0
v16,hard-opus-c-long_policy-11,0
v16,hard-opus-c-probability-03,0
v16,hard-opus-c-temporal_numeric-02,0
v16,hard-opus-c-temporal_numeric-03,0
v16,hard-opus-c-temporal_numeric-04,0
v16,hard-opus-c-temporal_numeric-06,0
v16,hard-opus-c-temporal_numeric-08,0
v16,hard-opus-c-temporal_numeric-12,1
v16,hard-sol-a-adversarial-01,1
v16,hard-sol-a-adversarial-06,1
v16,hard-sol-a-adversarial-07,1
v16,hard-sol-a-adversarial-08,1
v16,hard-sol-a-adversarial-09,1
v16,hard-sol-a-adversarial-11,0
v16,hard-sol-a-multi_hop-01,1
v16,hard-sol-a-multi_hop-02,0
v16,hard-sol-a-multi_hop-05,0
v16,hard-sol-a-multi_hop-07,0
v16,hard-sol-a-multi_hop-08,0
v16,hard-sol-a-multi_hop-09,1
v16,hard-sol-a-multi_hop-10,1
v16,hard-sol-a-multi_hop-12,0
v16,hard-sol-a-trap-02,1
v16,hard-sol-a-trap-04,1
v16,hard-sol-a-trap-05,1
v16,hard-sol-a-trap-06,1
v16,hard-sol-a-trap-08,1
v16,hard-sol-a-trap-10,1
v16,hard-sol-a-trap-13,1
v16,hard-sol-a-trap-15,1
v16,hard-sol-b-judge_hard-01,1
v16,hard-sol-b-judge_hard-02,0
v16,hard-sol-b-judge_hard-05,1
v16,hard-sol-b-judge_hard-08,0
v16,hard-sol-b-judge_hard-10,0
v16,hard-sol-b-judge_hard-14,0
v16,hard-sol-b-judge_hard-15,1
v16,hard-sol-b-judge_hard-18,0
v16,hard-sol-b-long_policy-01,0
v16,hard-sol-b-long_policy-02,0
v16,hard-sol-b-long_policy-05,1
v16,hard-sol-b-long_policy-06,1
v16,hard-sol-b-routing_hard-01,1
v16,hard-sol-b-routing_hard-02,1
v16,hard-sol-b-routing_hard-03,1
v16,hard-sol-b-routing_hard-07,1
v16,hard-sol-b-routing_hard-09,1
v16,hard-sol-b-temporal_numeric-01,0
v16,hard-sol-b-temporal_numeric-02,1
v16,hard-sol-b-temporal_numeric-03,0
v16,hard-sol-b-temporal_numeric-04,0
v16,hard-sol-c-judge_hard-03,0
v16,hard-sol-c-judge_hard-05,1
v16,hard-sol-c-judge_hard-07,0
v16,hard-sol-c-judge_hard-08,0
v16,hard-sol-c-judge_hard-09,1
v16,hard-sol-c-judge_hard-10,1
v16,hard-sol-c-judge_hard-11,0
v16,hard-sol-c-judge_hard-13,0
v16,hard-sol-c-judge_hard-15,1
v16,hard-sol-c-multi_hop-07,1
v16,hard-sol-c-multi_hop-09,1
v16,hard-sol-c-multi_hop-11,1
v16,hard-sol-c-multi_hop-12,0
v16,hard-sol-c-multi_hop-13,1
v17,original-policy-01-0,1
v17,original-policy-01-1,1
v17,original-policy-02-0,1
v17,original-policy-02-1,0
v17,original-policy-03-0,1
v17,original-policy-03-1,0
v17,original-policy-04-0,1
v17,original-policy-04-1,1
v17,original-policy-05-0,0
v17,original-policy-05-1,1
v17,original-policy-06-0,1
v17,original-policy-06-1,1
v17,original-intent-01-0,1
v17,original-intent-01-1,1
v17,original-intent-02-0,1
v17,original-intent-02-1,1
v17,original-intent-03-0,1
v17,original-intent-03-1,1
v17,original-intent-04-0,1
v17,original-intent-04-1,1
v17,original-intent-05-0,0
v17,original-intent-05-1,1
v17,original-intent-06-0,1
v17,original-intent-06-1,1
v17,original-ordinal-01-0,1
v17,original-ordinal-01-1,1
v17,original-ordinal-02-0,1
v17,original-ordinal-02-1,1
v17,original-ordinal-03-0,1
v17,original-ordinal-03-1,1
v17,original-ordinal-04-0,1
v17,original-ordinal-04-1,1
v17,original-ordinal-05-0,0
v17,original-ordinal-05-1,1
v17,original-ordinal-06-0,1
v17,original-ordinal-06-1,1
v17,original-extraction-01-0,1
v17,original-extraction-01-1,1
v17,original-extraction-02-0,1
v17,original-extraction-02-1,1
v17,original-extraction-03-0,1
v17,original-extraction-03-1,1
v17,original-extraction-04-0,1
v17,original-extraction-04-1,1
v17,original-extraction-05-0,1
v17,original-extraction-05-1,1
v17,original-extraction-06-0,1
v17,original-extraction-06-1,1
v17,original-adequacy-01-0,1
v17,original-adequacy-01-1,1
v17,original-adequacy-02-0,0
v17,original-adequacy-02-1,1
v17,original-adequacy-03-0,0
v17,original-adequacy-03-1,0
v17,original-adequacy-04-0,1
v17,original-adequacy-04-1,1
v17,original-adequacy-05-0,0
v17,original-adequacy-05-1,0
v17,original-adequacy-06-0,1
v17,original-adequacy-06-1,1
v17,original-routing-01-0,1
v17,original-routing-01-1,1
v17,original-routing-02-0,1
v17,original-routing-02-1,1
v17,original-routing-03-0,1
v17,original-routing-03-1,1
v17,original-routing-04-0,1
v17,original-routing-04-1,1
v17,original-routing-05-0,1
v17,original-routing-05-1,0
v17,original-routing-06-0,1
v17,original-routing-06-1,1
v17,easy-intent-00,1
v17,easy-intent-01,1
v17,easy-intent-02,1
v17,easy-intent-03,1
v17,easy-intent-04,1
v17,easy-intent-05,1
v17,easy-intent-06,1
v17,easy-intent-07,1
v17,easy-intent-08,1
v17,easy-intent-09,1
v17,easy-intent-10,1
v17,easy-intent-11,1
v17,easy-fact-00,1
v17,easy-fact-01,1
v17,easy-fact-02,1
v17,easy-fact-03,1
v17,easy-fact-04,1
v17,easy-fact-05,1
v17,easy-fact-06,1
v17,easy-fact-07,1
v17,easy-fact-08,1
v17,easy-fact-09,1
v17,easy-fact-10,1
v17,easy-fact-11,1
v17,easy-extraction-00,1
v17,easy-extraction-01,1
v17,easy-extraction-02,1
v17,easy-extraction-03,1
v17,easy-extraction-04,1
v17,easy-extraction-05,1
v17,easy-extraction-06,1
v17,easy-extraction-07,1
v17,easy-extraction-08,1
v17,easy-extraction-09,1
v17,easy-extraction-10,1
v17,easy-extraction-11,1
v17,easy-tool_selection-00,1
v17,easy-tool_selection-01,1
v17,easy-tool_selection-02,1
v17,easy-tool_selection-03,1
v17,easy-tool_selection-04,1
v17,easy-tool_selection-05,1
v17,easy-tool_selection-06,1
v17,easy-tool_selection-07,1
v17,easy-tool_selection-08,1
v17,easy-tool_selection-09,1
v17,easy-tool_selection-10,1
v17,easy-tool_selection-11,1
v17,hard-opus-a-long_policy-01,1
v17,hard-opus-a-long_policy-04,0
v17,hard-opus-a-long_policy-08,1
v17,hard-opus-a-long_policy-09,0
v17,hard-opus-a-long_policy-11,0
v17,hard-opus-a-long_policy-13,0
v17,hard-opus-a-long_policy-17,1
v17,hard-opus-a-long_policy-19,0
v17,hard-opus-a-probability-03,1
v17,hard-opus-a-probability-04,0
v17,hard-opus-a-probability-07,0
v17,hard-opus-a-probability-08,1
v17,hard-opus-a-temporal_numeric-03,0
v17,hard-opus-a-temporal_numeric-06,0
v17,hard-opus-a-temporal_numeric-07,0
v17,hard-opus-a-temporal_numeric-09,0
v17,hard-opus-a-temporal_numeric-12,0
v17,hard-opus-b-ambiguous-02,1
v17,hard-opus-b-ambiguous-03,1
v17,hard-opus-b-ambiguous-07,0
v17,hard-opus-b-ambiguous-09,0
v17,hard-opus-b-ambiguous-10,0
v17,hard-opus-b-ambiguous-11,1
v17,hard-opus-b-ambiguous-13,1
v17,hard-opus-b-multi_hop-03,0
v17,hard-opus-b-multi_hop-04,1
v17,hard-opus-b-multi_hop-05,1
v17,hard-opus-b-multi_hop-07,0
v17,hard-opus-b-multi_hop-08,0
v17,hard-opus-b-probability-01,1
v17,hard-opus-b-probability-02,0
v17,hard-opus-b-probability-03,1
v17,hard-opus-b-probability-04,0
v17,hard-opus-b-probability-06,0
v17,hard-opus-b-tradeoff-01,1
v17,hard-opus-b-tradeoff-03,0
v17,hard-opus-b-tradeoff-06,0
v17,hard-opus-b-tradeoff-07,0
v17,hard-opus-b-tradeoff-08,1
v17,hard-opus-b-tradeoff-12,1
v17,hard-opus-c-long_policy-02,1
v17,hard-opus-c-long_policy-03,0
v17,hard-opus-c-long_policy-04,1
v17,hard-opus-c-long_policy-05,0
v17,hard-opus-c-long_policy-08,1
v17,hard-opus-c-long_policy-10,0
v17,hard-opus-c-long_policy-11,0
v17,hard-opus-c-probability-03,0
v17,hard-opus-c-temporal_numeric-02,0
v17,hard-opus-c-temporal_numeric-03,0
v17,hard-opus-c-temporal_numeric-04,0
v17,hard-opus-c-temporal_numeric-06,0
v17,hard-opus-c-temporal_numeric-08,0
v17,hard-opus-c-temporal_numeric-12,1
v17,hard-sol-a-adversarial-01,1
v17,hard-sol-a-adversarial-06,1
v17,hard-sol-a-adversarial-07,1
v17,hard-sol-a-adversarial-08,1
v17,hard-sol-a-adversarial-09,1
v17,hard-sol-a-adversarial-11,1
v17,hard-sol-a-multi_hop-01,1
v17,hard-sol-a-multi_hop-02,0
v17,hard-sol-a-multi_hop-05,0
v17,hard-sol-a-multi_hop-07,0
v17,hard-sol-a-multi_hop-08,0
v17,hard-sol-a-multi_hop-09,1
v17,hard-sol-a-multi_hop-10,1
v17,hard-sol-a-multi_hop-12,0
v17,hard-sol-a-trap-02,1
v17,hard-sol-a-trap-04,1
v17,hard-sol-a-trap-05,0
v17,hard-sol-a-trap-06,1
v17,hard-sol-a-trap-08,1
v17,hard-sol-a-trap-10,1
v17,hard-sol-a-trap-13,1
v17,hard-sol-a-trap-15,1
v17,hard-sol-b-judge_hard-01,1
v17,hard-sol-b-judge_hard-02,0
v17,hard-sol-b-judge_hard-05,1
v17,hard-sol-b-judge_hard-08,0
v17,hard-sol-b-judge_hard-10,0
v17,hard-sol-b-judge_hard-14,0
v17,hard-sol-b-judge_hard-15,1
v17,hard-sol-b-judge_hard-18,0
v17,hard-sol-b-long_policy-01,0
v17,hard-sol-b-long_policy-02,0
v17,hard-sol-b-long_policy-05,0
v17,hard-sol-b-long_policy-06,1
v17,hard-sol-b-routing_hard-01,1
v17,hard-sol-b-routing_hard-02,1
v17,hard-sol-b-routing_hard-03,1
v17,hard-sol-b-routing_hard-07,1
v17,hard-sol-b-routing_hard-09,1
v17,hard-sol-b-temporal_numeric-01,0
v17,hard-sol-b-temporal_numeric-02,1
v17,hard-sol-b-temporal_numeric-03,1
v17,hard-sol-b-temporal_numeric-04,0
v17,hard-sol-c-judge_hard-03,0
v17,hard-sol-c-judge_hard-05,1
v17,hard-sol-c-judge_hard-07,0
v17,hard-sol-c-judge_hard-08,0
v17,hard-sol-c-judge_hard-09,1
v17,hard-sol-c-judge_hard-10,1
v17,hard-sol-c-judge_hard-11,0
v17,hard-sol-c-judge_hard-13,0
v17,hard-sol-c-judge_hard-15,1
v17,hard-sol-c-multi_hop-07,1
v17,hard-sol-c-multi_hop-09,1
v17,hard-sol-c-multi_hop-11,1
v17,hard-sol-c-multi_hop-12,0
v17,hard-sol-c-multi_hop-13,1
v18,original-policy-01-0,1
v18,original-policy-01-1,1
v18,original-policy-02-0,1
v18,original-policy-02-1,0
v18,original-policy-03-0,1
v18,original-policy-03-1,1
v18,original-policy-04-0,1
v18,original-policy-04-1,1
v18,original-policy-05-0,0
v18,original-policy-05-1,1
v18,original-policy-06-0,1
v18,original-policy-06-1,1
v18,original-intent-01-0,1
v18,original-intent-01-1,1
v18,original-intent-02-0,1
v18,original-intent-02-1,1
v18,original-intent-03-0,1
v18,original-intent-03-1,1
v18,original-intent-04-0,1
v18,original-intent-04-1,1
v18,original-intent-05-0,0
v18,original-intent-05-1,1
v18,original-intent-06-0,1
v18,original-intent-06-1,1
v18,original-ordinal-01-0,1
v18,original-ordinal-01-1,1
v18,original-ordinal-02-0,1
v18,original-ordinal-02-1,1
v18,original-ordinal-03-0,1
v18,original-ordinal-03-1,1
v18,original-ordinal-04-0,1
v18,original-ordinal-04-1,1
v18,original-ordinal-05-0,0
v18,original-ordinal-05-1,0
v18,original-ordinal-06-0,1
v18,original-ordinal-06-1,1
v18,original-extraction-01-0,1
v18,original-extraction-01-1,1
v18,original-extraction-02-0,1
v18,original-extraction-02-1,1
v18,original-extraction-03-0,0
v18,original-extraction-03-1,1
v18,original-extraction-04-0,1
v18,original-extraction-04-1,1
v18,original-extraction-05-0,1
v18,original-extraction-05-1,1
v18,original-extraction-06-0,1
v18,original-extraction-06-1,1
v18,original-adequacy-01-0,1
v18,original-adequacy-01-1,1
v18,original-adequacy-02-0,0
v18,original-adequacy-02-1,1
v18,original-adequacy-03-0,0
v18,original-adequacy-03-1,0
v18,original-adequacy-04-0,1
v18,original-adequacy-04-1,1
v18,original-adequacy-05-0,0
v18,original-adequacy-05-1,0
v18,original-adequacy-06-0,1
v18,original-adequacy-06-1,1
v18,original-routing-01-0,1
v18,original-routing-01-1,1
v18,original-routing-02-0,1
v18,original-routing-02-1,1
v18,original-routing-03-0,1
v18,original-routing-03-1,1
v18,original-routing-04-0,1
v18,original-routing-04-1,1
v18,original-routing-05-0,1
v18,original-routing-05-1,0
v18,original-routing-06-0,1
v18,original-routing-06-1,1
v18,easy-intent-00,1
v18,easy-intent-01,1
v18,easy-intent-02,1
v18,easy-intent-03,1
v18,easy-intent-04,1
v18,easy-intent-05,1
v18,easy-intent-06,1
v18,easy-intent-07,1
v18,easy-intent-08,1
v18,easy-intent-09,1
v18,easy-intent-10,1
v18,easy-intent-11,1
v18,easy-fact-00,1
v18,easy-fact-01,1
v18,easy-fact-02,1
v18,easy-fact-03,1
v18,easy-fact-04,1
v18,easy-fact-05,1
v18,easy-fact-06,1
v18,easy-fact-07,1
v18,easy-fact-08,1
v18,easy-fact-09,1
v18,easy-fact-10,1
v18,easy-fact-11,1
v18,easy-extraction-00,1
v18,easy-extraction-01,1
v18,easy-extraction-02,1
v18,easy-extraction-03,1
v18,easy-extraction-04,1
v18,easy-extraction-05,1
v18,easy-extraction-06,1
v18,easy-extraction-07,1
v18,easy-extraction-08,1
v18,easy-extraction-09,1
v18,easy-extraction-10,1
v18,easy-extraction-11,1
v18,easy-tool_selection-00,1
v18,easy-tool_selection-01,1
v18,easy-tool_selection-02,1
v18,easy-tool_selection-03,1
v18,easy-tool_selection-04,1
v18,easy-tool_selection-05,1
v18,easy-tool_selection-06,1
v18,easy-tool_selection-07,1
v18,easy-tool_selection-08,1
v18,easy-tool_selection-09,1
v18,easy-tool_selection-10,1
v18,easy-tool_selection-11,1
v18,hard-opus-a-long_policy-01,1
v18,hard-opus-a-long_policy-04,0
v18,hard-opus-a-long_policy-08,1
v18,hard-opus-a-long_policy-09,0
v18,hard-opus-a-long_policy-11,1
v18,hard-opus-a-long_policy-13,0
v18,hard-opus-a-long_policy-17,1
v18,hard-opus-a-long_policy-19,1
v18,hard-opus-a-probability-03,1
v18,hard-opus-a-probability-04,0
v18,hard-opus-a-probability-07,0
v18,hard-opus-a-probability-08,1
v18,hard-opus-a-temporal_numeric-03,0
v18,hard-opus-a-temporal_numeric-06,0
v18,hard-opus-a-temporal_numeric-07,0
v18,hard-opus-a-temporal_numeric-09,0
v18,hard-opus-a-temporal_numeric-12,0
v18,hard-opus-b-ambiguous-02,1
v18,hard-opus-b-ambiguous-03,1
v18,hard-opus-b-ambiguous-07,0
v18,hard-opus-b-ambiguous-09,0
v18,hard-opus-b-ambiguous-10,0
v18,hard-opus-b-ambiguous-11,1
v18,hard-opus-b-ambiguous-13,1
v18,hard-opus-b-multi_hop-03,0
v18,hard-opus-b-multi_hop-04,0
v18,hard-opus-b-multi_hop-05,1
v18,hard-opus-b-multi_hop-07,1
v18,hard-opus-b-multi_hop-08,0
v18,hard-opus-b-probability-01,1
v18,hard-opus-b-probability-02,0
v18,hard-opus-b-probability-03,0
v18,hard-opus-b-probability-04,0
v18,hard-opus-b-probability-06,0
v18,hard-opus-b-tradeoff-01,0
v18,hard-opus-b-tradeoff-03,0
v18,hard-opus-b-tradeoff-06,1
v18,hard-opus-b-tradeoff-07,0
v18,hard-opus-b-tradeoff-08,1
v18,hard-opus-b-tradeoff-12,1
v18,hard-opus-c-long_policy-02,1
v18,hard-opus-c-long_policy-03,0
v18,hard-opus-c-long_policy-04,1
v18,hard-opus-c-long_policy-05,0
v18,hard-opus-c-long_policy-08,0
v18,hard-opus-c-long_policy-10,1
v18,hard-opus-c-long_policy-11,0
v18,hard-opus-c-probability-03,0
v18,hard-opus-c-temporal_numeric-02,0
v18,hard-opus-c-temporal_numeric-03,0
v18,hard-opus-c-temporal_numeric-04,0
v18,hard-opus-c-temporal_numeric-06,0
v18,hard-opus-c-temporal_numeric-08,0
v18,hard-opus-c-temporal_numeric-12,1
v18,hard-sol-a-adversarial-01,0
v18,hard-sol-a-adversarial-06,1
v18,hard-sol-a-adversarial-07,1
v18,hard-sol-a-adversarial-08,1
v18,hard-sol-a-adversarial-09,1
v18,hard-sol-a-adversarial-11,1
v18,hard-sol-a-multi_hop-01,1
v18,hard-sol-a-multi_hop-02,0
v18,hard-sol-a-multi_hop-05,0
v18,hard-sol-a-multi_hop-07,1
v18,hard-sol-a-multi_hop-08,0
v18,hard-sol-a-multi_hop-09,1
v18,hard-sol-a-multi_hop-10,1
v18,hard-sol-a-multi_hop-12,0
v18,hard-sol-a-trap-02,1
v18,hard-sol-a-trap-04,1
v18,hard-sol-a-trap-05,1
v18,hard-sol-a-trap-06,1
v18,hard-sol-a-trap-08,0
v18,hard-sol-a-trap-10,1
v18,hard-sol-a-trap-13,1
v18,hard-sol-a-trap-15,1
v18,hard-sol-b-judge_hard-01,1
v18,hard-sol-b-judge_hard-02,0
v18,hard-sol-b-judge_hard-05,1
v18,hard-sol-b-judge_hard-08,0
v18,hard-sol-b-judge_hard-10,0
v18,hard-sol-b-judge_hard-14,0
v18,hard-sol-b-judge_hard-15,1
v18,hard-sol-b-judge_hard-18,0
v18,hard-sol-b-long_policy-01,1
v18,hard-sol-b-long_policy-02,0
v18,hard-sol-b-long_policy-05,0
v18,hard-sol-b-long_policy-06,1
v18,hard-sol-b-routing_hard-01,1
v18,hard-sol-b-routing_hard-02,1
v18,hard-sol-b-routing_hard-03,1
v18,hard-sol-b-routing_hard-07,1
v18,hard-sol-b-routing_hard-09,1
v18,hard-sol-b-temporal_numeric-01,0
v18,hard-sol-b-temporal_numeric-02,1
v18,hard-sol-b-temporal_numeric-03,0
v18,hard-sol-b-temporal_numeric-04,0
v18,hard-sol-c-judge_hard-03,0
v18,hard-sol-c-judge_hard-05,1
v18,hard-sol-c-judge_hard-07,0
v18,hard-sol-c-judge_hard-08,0
v18,hard-sol-c-judge_hard-09,1
v18,hard-sol-c-judge_hard-10,1
v18,hard-sol-c-judge_hard-11,0
v18,hard-sol-c-judge_hard-13,0
v18,hard-sol-c-judge_hard-15,1
v18,hard-sol-c-multi_hop-07,1
v18,hard-sol-c-multi_hop-09,1
v18,hard-sol-c-multi_hop-11,1
v18,hard-sol-c-multi_hop-12,0
v18,hard-sol-c-multi_hop-13,1
v19,original-policy-01-0,1
v19,original-policy-01-1,1
v19,original-policy-02-0,1
v19,original-policy-02-1,0
v19,original-policy-03-0,1
v19,original-policy-03-1,0
v19,original-policy-04-0,1
v19,original-policy-04-1,1
v19,original-policy-05-0,0
v19,original-policy-05-1,1
v19,original-policy-06-0,1
v19,original-policy-06-1,1
v19,original-intent-01-0,1
v19,original-intent-01-1,1
v19,original-intent-02-0,1
v19,original-intent-02-1,1
v19,original-intent-03-0,1
v19,original-intent-03-1,1
v19,original-intent-04-0,1
v19,original-intent-04-1,1
v19,original-intent-05-0,0
v19,original-intent-05-1,0
v19,original-intent-06-0,1
v19,original-intent-06-1,1
v19,original-ordinal-01-0,1
v19,original-ordinal-01-1,1
v19,original-ordinal-02-0,1
v19,original-ordinal-02-1,1
v19,original-ordinal-03-0,1
v19,original-ordinal-03-1,1
v19,original-ordinal-04-0,1
v19,original-ordinal-04-1,1
v19,original-ordinal-05-0,1
v19,original-ordinal-05-1,1
v19,original-ordinal-06-0,1
v19,original-ordinal-06-1,1
v19,original-extraction-01-0,1
v19,original-extraction-01-1,1
v19,original-extraction-02-0,1
v19,original-extraction-02-1,1
v19,original-extraction-03-0,1
v19,original-extraction-03-1,1
v19,original-extraction-04-0,1
v19,original-extraction-04-1,1
v19,original-extraction-05-0,1
v19,original-extraction-05-1,1
v19,original-extraction-06-0,1
v19,original-extraction-06-1,1
v19,original-adequacy-01-0,1
v19,original-adequacy-01-1,1
v19,original-adequacy-02-0,1
v19,original-adequacy-02-1,1
v19,original-adequacy-03-0,0
v19,original-adequacy-03-1,0
v19,original-adequacy-04-0,1
v19,original-adequacy-04-1,1
v19,original-adequacy-05-0,1
v19,original-adequacy-05-1,0
v19,original-adequacy-06-0,1
v19,original-adequacy-06-1,1
v19,original-routing-01-0,1
v19,original-routing-01-1,1
v19,original-routing-02-0,1
v19,original-routing-02-1,1
v19,original-routing-03-0,1
v19,original-routing-03-1,1
v19,original-routing-04-0,1
v19,original-routing-04-1,1
v19,original-routing-05-0,1
v19,original-routing-05-1,0
v19,original-routing-06-0,1
v19,original-routing-06-1,1
v19,easy-intent-00,1
v19,easy-intent-01,1
v19,easy-intent-02,1
v19,easy-intent-03,1
v19,easy-intent-04,1
v19,easy-intent-05,1
v19,easy-intent-06,1
v19,easy-intent-07,1
v19,easy-intent-08,1
v19,easy-intent-09,1
v19,easy-intent-10,1
v19,easy-intent-11,1
v19,easy-fact-00,1
v19,easy-fact-01,1
v19,easy-fact-02,1
v19,easy-fact-03,1
v19,easy-fact-04,1
v19,easy-fact-05,1
v19,easy-fact-06,1
v19,easy-fact-07,1
v19,easy-fact-08,1
v19,easy-fact-09,1
v19,easy-fact-10,1
v19,easy-fact-11,1
v19,easy-extraction-00,1
v19,easy-extraction-01,1
v19,easy-extraction-02,1
v19,easy-extraction-03,1
v19,easy-extraction-04,1
v19,easy-extraction-05,1
v19,easy-extraction-06,1
v19,easy-extraction-07,1
v19,easy-extraction-08,1
v19,easy-extraction-09,1
v19,easy-extraction-10,1
v19,easy-extraction-11,1
v19,easy-tool_selection-00,1
v19,easy-tool_selection-01,1
v19,easy-tool_selection-02,1
v19,easy-tool_selection-03,1
v19,easy-tool_selection-04,1
v19,easy-tool_selection-05,1
v19,easy-tool_selection-06,1
v19,easy-tool_selection-07,1
v19,easy-tool_selection-08,1
v19,easy-tool_selection-09,1
v19,easy-tool_selection-10,1
v19,easy-tool_selection-11,1
v19,hard-opus-a-long_policy-01,0
v19,hard-opus-a-long_policy-04,0
v19,hard-opus-a-long_policy-08,1
v19,hard-opus-a-long_policy-09,0
v19,hard-opus-a-long_policy-11,0
v19,hard-opus-a-long_policy-13,0
v19,hard-opus-a-long_policy-17,0
v19,hard-opus-a-long_policy-19,1
v19,hard-opus-a-probability-03,1
v19,hard-opus-a-probability-04,0
v19,hard-opus-a-probability-07,0
v19,hard-opus-a-probability-08,1
v19,hard-opus-a-temporal_numeric-03,0
v19,hard-opus-a-temporal_numeric-06,0
v19,hard-opus-a-temporal_numeric-07,0
v19,hard-opus-a-temporal_numeric-09,1
v19,hard-opus-a-temporal_numeric-12,0
v19,hard-opus-b-ambiguous-02,1
v19,hard-opus-b-ambiguous-03,1
v19,hard-opus-b-ambiguous-07,0
v19,hard-opus-b-ambiguous-09,0
v19,hard-opus-b-ambiguous-10,1
v19,hard-opus-b-ambiguous-11,1
v19,hard-opus-b-ambiguous-13,1
v19,hard-opus-b-multi_hop-03,0
v19,hard-opus-b-multi_hop-04,0
v19,hard-opus-b-multi_hop-05,0
v19,hard-opus-b-multi_hop-07,0
v19,hard-opus-b-multi_hop-08,0
v19,hard-opus-b-probability-01,1
v19,hard-opus-b-probability-02,0
v19,hard-opus-b-probability-03,0
v19,hard-opus-b-probability-04,0
v19,hard-opus-b-probability-06,0
v19,hard-opus-b-tradeoff-01,0
v19,hard-opus-b-tradeoff-03,1
v19,hard-opus-b-tradeoff-06,1
v19,hard-opus-b-tradeoff-07,0
v19,hard-opus-b-tradeoff-08,0
v19,hard-opus-b-tradeoff-12,1
v19,hard-opus-c-long_policy-02,1
v19,hard-opus-c-long_policy-03,0
v19,hard-opus-c-long_policy-04,1
v19,hard-opus-c-long_policy-05,0
v19,hard-opus-c-long_policy-08,0
v19,hard-opus-c-long_policy-10,1
v19,hard-opus-c-long_policy-11,0
v19,hard-opus-c-probability-03,0
v19,hard-opus-c-temporal_numeric-02,0
v19,hard-opus-c-temporal_numeric-03,0
v19,hard-opus-c-temporal_numeric-04,0
v19,hard-opus-c-temporal_numeric-06,0
v19,hard-opus-c-temporal_numeric-08,0
v19,hard-opus-c-temporal_numeric-12,1
v19,hard-sol-a-adversarial-01,0
v19,hard-sol-a-adversarial-06,1
v19,hard-sol-a-adversarial-07,1
v19,hard-sol-a-adversarial-08,1
v19,hard-sol-a-adversarial-09,1
v19,hard-sol-a-adversarial-11,0
v19,hard-sol-a-multi_hop-01,1
v19,hard-sol-a-multi_hop-02,0
v19,hard-sol-a-multi_hop-05,0
v19,hard-sol-a-multi_hop-07,0
v19,hard-sol-a-multi_hop-08,0
v19,hard-sol-a-multi_hop-09,1
v19,hard-sol-a-multi_hop-10,1
v19,hard-sol-a-multi_hop-12,0
v19,hard-sol-a-trap-02,1
v19,hard-sol-a-trap-04,1
v19,hard-sol-a-trap-05,1
v19,hard-sol-a-trap-06,1
v19,hard-sol-a-trap-08,0
v19,hard-sol-a-trap-10,1
v19,hard-sol-a-trap-13,1
v19,hard-sol-a-trap-15,1
v19,hard-sol-b-judge_hard-01,1
v19,hard-sol-b-judge_hard-02,0
v19,hard-sol-b-judge_hard-05,1
v19,hard-sol-b-judge_hard-08,0
v19,hard-sol-b-judge_hard-10,0
v19,hard-sol-b-judge_hard-14,1
v19,hard-sol-b-judge_hard-15,1
v19,hard-sol-b-judge_hard-18,0
v19,hard-sol-b-long_policy-01,0
v19,hard-sol-b-long_policy-02,0
v19,hard-sol-b-long_policy-05,1
v19,hard-sol-b-long_policy-06,1
v19,hard-sol-b-routing_hard-01,1
v19,hard-sol-b-routing_hard-02,1
v19,hard-sol-b-routing_hard-03,1
v19,hard-sol-b-routing_hard-07,1
v19,hard-sol-b-routing_hard-09,1
v19,hard-sol-b-temporal_numeric-01,0
v19,hard-sol-b-temporal_numeric-02,1
v19,hard-sol-b-temporal_numeric-03,1
v19,hard-sol-b-temporal_numeric-04,0
v19,hard-sol-c-judge_hard-03,0
v19,hard-sol-c-judge_hard-05,1
v19,hard-sol-c-judge_hard-07,0
v19,hard-sol-c-judge_hard-08,0
v19,hard-sol-c-judge_hard-09,1
v19,hard-sol-c-judge_hard-10,1
v19,hard-sol-c-judge_hard-11,1
v19,hard-sol-c-judge_hard-13,1
v19,hard-sol-c-judge_hard-15,1
v19,hard-sol-c-multi_hop-07,1
v19,hard-sol-c-multi_hop-09,1
v19,hard-sol-c-multi_hop-11,1
v19,hard-sol-c-multi_hop-12,1
v19,hard-sol-c-multi_hop-13,1
v5 @1024,original-policy-01-0,0
v5 @1024,original-policy-01-1,1
v5 @1024,original-policy-02-0,1
v5 @1024,original-policy-02-1,0
v5 @1024,original-policy-03-0,1
v5 @1024,original-policy-03-1,0
v5 @1024,original-policy-04-0,0
v5 @1024,original-policy-04-1,1
v5 @1024,original-policy-05-0,0
v5 @1024,original-policy-05-1,1
v5 @1024,original-policy-06-0,1
v5 @1024,original-policy-06-1,1
v5 @1024,original-intent-01-0,1
v5 @1024,original-intent-01-1,1
v5 @1024,original-intent-02-0,0
v5 @1024,original-intent-02-1,1
v5 @1024,original-intent-03-0,1
v5 @1024,original-intent-03-1,1
v5 @1024,original-intent-04-0,1
v5 @1024,original-intent-04-1,1
v5 @1024,original-intent-05-0,0
v5 @1024,original-intent-05-1,0
v5 @1024,original-intent-06-0,1
v5 @1024,original-intent-06-1,1
v5 @1024,original-ordinal-01-0,1
v5 @1024,original-ordinal-01-1,1
v5 @1024,original-ordinal-02-0,1
v5 @1024,original-ordinal-02-1,1
v5 @1024,original-ordinal-03-0,1
v5 @1024,original-ordinal-03-1,0
v5 @1024,original-ordinal-04-0,1
v5 @1024,original-ordinal-04-1,1
v5 @1024,original-ordinal-05-0,0
v5 @1024,original-ordinal-05-1,1
v5 @1024,original-ordinal-06-0,1
v5 @1024,original-ordinal-06-1,1
v5 @1024,original-extraction-01-0,1
v5 @1024,original-extraction-01-1,1
v5 @1024,original-extraction-02-0,0
v5 @1024,original-extraction-02-1,1
v5 @1024,original-extraction-03-0,1
v5 @1024,original-extraction-03-1,1
v5 @1024,original-extraction-04-0,1
v5 @1024,original-extraction-04-1,1
v5 @1024,original-extraction-05-0,1
v5 @1024,original-extraction-05-1,0
v5 @1024,original-extraction-06-0,1
v5 @1024,original-extraction-06-1,1
v5 @1024,original-adequacy-01-0,1
v5 @1024,original-adequacy-01-1,1
v5 @1024,original-adequacy-02-0,0
v5 @1024,original-adequacy-02-1,1
v5 @1024,original-adequacy-03-0,0
v5 @1024,original-adequacy-03-1,0
v5 @1024,original-adequacy-04-0,1
v5 @1024,original-adequacy-04-1,0
v5 @1024,original-adequacy-05-0,1
v5 @1024,original-adequacy-05-1,1
v5 @1024,original-adequacy-06-0,0
v5 @1024,original-adequacy-06-1,1
v5 @1024,original-routing-01-0,1
v5 @1024,original-routing-01-1,1
v5 @1024,original-routing-02-0,1
v5 @1024,original-routing-02-1,1
v5 @1024,original-routing-03-0,1
v5 @1024,original-routing-03-1,1
v5 @1024,original-routing-04-0,1
v5 @1024,original-routing-04-1,1
v5 @1024,original-routing-05-0,1
v5 @1024,original-routing-05-1,1
v5 @1024,original-routing-06-0,1
v5 @1024,original-routing-06-1,1
v5 @1024,easy-intent-00,1
v5 @1024,easy-intent-01,1
v5 @1024,easy-intent-02,1
v5 @1024,easy-intent-03,1
v5 @1024,easy-intent-04,1
v5 @1024,easy-intent-05,1
v5 @1024,easy-intent-06,1
v5 @1024,easy-intent-07,1
v5 @1024,easy-intent-08,1
v5 @1024,easy-intent-09,1
v5 @1024,easy-intent-10,1
v5 @1024,easy-intent-11,1
v5 @1024,easy-fact-00,1
v5 @1024,easy-fact-01,1
v5 @1024,easy-fact-02,1
v5 @1024,easy-fact-03,1
v5 @1024,easy-fact-04,1
v5 @1024,easy-fact-05,1
v5 @1024,easy-fact-06,1
v5 @1024,easy-fact-07,1
v5 @1024,easy-fact-08,1
v5 @1024,easy-fact-09,1
v5 @1024,easy-fact-10,1
v5 @1024,easy-fact-11,1
v5 @1024,easy-extraction-00,1
v5 @1024,easy-extraction-01,1
v5 @1024,easy-extraction-02,1
v5 @1024,easy-extraction-03,1
v5 @1024,easy-extraction-04,1
v5 @1024,easy-extraction-05,1
v5 @1024,easy-extraction-06,1
v5 @1024,easy-extraction-07,1
v5 @1024,easy-extraction-08,1
v5 @1024,easy-extraction-09,1
v5 @1024,easy-extraction-10,1
v5 @1024,easy-extraction-11,1
v5 @1024,easy-tool_selection-00,1
v5 @1024,easy-tool_selection-01,1
v5 @1024,easy-tool_selection-02,1
v5 @1024,easy-tool_selection-03,1
v5 @1024,easy-tool_selection-04,1
v5 @1024,easy-tool_selection-05,1
v5 @1024,easy-tool_selection-06,1
v5 @1024,easy-tool_selection-07,1
v5 @1024,easy-tool_selection-08,1
v5 @1024,easy-tool_selection-09,1
v5 @1024,easy-tool_selection-10,1
v5 @1024,easy-tool_selection-11,1
v5 @1024,hard-opus-a-long_policy-01,0
v5 @1024,hard-opus-a-long_policy-04,0
v5 @1024,hard-opus-a-long_policy-08,0
v5 @1024,hard-opus-a-long_policy-09,0
v5 @1024,hard-opus-a-long_policy-11,0
v5 @1024,hard-opus-a-long_policy-13,0
v5 @1024,hard-opus-a-long_policy-17,1
v5 @1024,hard-opus-a-long_policy-19,1
v5 @1024,hard-opus-a-probability-03,1
v5 @1024,hard-opus-a-probability-04,0
v5 @1024,hard-opus-a-probability-07,1
v5 @1024,hard-opus-a-probability-08,0
v5 @1024,hard-opus-a-temporal_numeric-03,0
v5 @1024,hard-opus-a-temporal_numeric-06,0
v5 @1024,hard-opus-a-temporal_numeric-07,0
v5 @1024,hard-opus-a-temporal_numeric-09,0
v5 @1024,hard-opus-a-temporal_numeric-12,0
v5 @1024,hard-opus-b-ambiguous-02,1
v5 @1024,hard-opus-b-ambiguous-03,0
v5 @1024,hard-opus-b-ambiguous-07,0
v5 @1024,hard-opus-b-ambiguous-09,0
v5 @1024,hard-opus-b-ambiguous-10,0
v5 @1024,hard-opus-b-ambiguous-11,1
v5 @1024,hard-opus-b-ambiguous-13,0
v5 @1024,hard-opus-b-multi_hop-03,0
v5 @1024,hard-opus-b-multi_hop-04,0
v5 @1024,hard-opus-b-multi_hop-05,0
v5 @1024,hard-opus-b-multi_hop-07,0
v5 @1024,hard-opus-b-multi_hop-08,1
v5 @1024,hard-opus-b-probability-01,0
v5 @1024,hard-opus-b-probability-02,0
v5 @1024,hard-opus-b-probability-03,0
v5 @1024,hard-opus-b-probability-04,0
v5 @1024,hard-opus-b-probability-06,0
v5 @1024,hard-opus-b-tradeoff-01,0
v5 @1024,hard-opus-b-tradeoff-03,0
v5 @1024,hard-opus-b-tradeoff-06,1
v5 @1024,hard-opus-b-tradeoff-07,1
v5 @1024,hard-opus-b-tradeoff-08,0
v5 @1024,hard-opus-b-tradeoff-12,0
v5 @1024,hard-opus-c-long_policy-02,0
v5 @1024,hard-opus-c-long_policy-03,0
v5 @1024,hard-opus-c-long_policy-04,0
v5 @1024,hard-opus-c-long_policy-05,1
v5 @1024,hard-opus-c-long_policy-08,0
v5 @1024,hard-opus-c-long_policy-10,1
v5 @1024,hard-opus-c-long_policy-11,1
v5 @1024,hard-opus-c-probability-03,0
v5 @1024,hard-opus-c-temporal_numeric-02,1
v5 @1024,hard-opus-c-temporal_numeric-03,0
v5 @1024,hard-opus-c-temporal_numeric-04,0
v5 @1024,hard-opus-c-temporal_numeric-06,0
v5 @1024,hard-opus-c-temporal_numeric-08,0
v5 @1024,hard-opus-c-temporal_numeric-12,1
v5 @1024,hard-sol-a-adversarial-01,0
v5 @1024,hard-sol-a-adversarial-06,0
v5 @1024,hard-sol-a-adversarial-07,1
v5 @1024,hard-sol-a-adversarial-08,1
v5 @1024,hard-sol-a-adversarial-09,0
v5 @1024,hard-sol-a-adversarial-11,1
v5 @1024,hard-sol-a-multi_hop-01,1
v5 @1024,hard-sol-a-multi_hop-02,0
v5 @1024,hard-sol-a-multi_hop-05,0
v5 @1024,hard-sol-a-multi_hop-07,1
v5 @1024,hard-sol-a-multi_hop-08,1
v5 @1024,hard-sol-a-multi_hop-09,0
v5 @1024,hard-sol-a-multi_hop-10,1
v5 @1024,hard-sol-a-multi_hop-12,0
v5 @1024,hard-sol-a-trap-02,1
v5 @1024,hard-sol-a-trap-04,1
v5 @1024,hard-sol-a-trap-05,0
v5 @1024,hard-sol-a-trap-06,1
v5 @1024,hard-sol-a-trap-08,1
v5 @1024,hard-sol-a-trap-10,1
v5 @1024,hard-sol-a-trap-13,0
v5 @1024,hard-sol-a-trap-15,0
v5 @1024,hard-sol-b-judge_hard-01,1
v5 @1024,hard-sol-b-judge_hard-02,0
v5 @1024,hard-sol-b-judge_hard-05,1
v5 @1024,hard-sol-b-judge_hard-08,0
v5 @1024,hard-sol-b-judge_hard-10,0
v5 @1024,hard-sol-b-judge_hard-14,0
v5 @1024,hard-sol-b-judge_hard-15,1
v5 @1024,hard-sol-b-judge_hard-18,0
v5 @1024,hard-sol-b-long_policy-01,0
v5 @1024,hard-sol-b-long_policy-02,0
v5 @1024,hard-sol-b-long_policy-05,0
v5 @1024,hard-sol-b-long_policy-06,1
v5 @1024,hard-sol-b-routing_hard-01,1
v5 @1024,hard-sol-b-routing_hard-02,1
v5 @1024,hard-sol-b-routing_hard-03,1
v5 @1024,hard-sol-b-routing_hard-07,1
v5 @1024,hard-sol-b-routing_hard-09,1
v5 @1024,hard-sol-b-temporal_numeric-01,0
v5 @1024,hard-sol-b-temporal_numeric-02,1
v5 @1024,hard-sol-b-temporal_numeric-03,1
v5 @1024,hard-sol-b-temporal_numeric-04,0
v5 @1024,hard-sol-c-judge_hard-03,0
v5 @1024,hard-sol-c-judge_hard-05,1
v5 @1024,hard-sol-c-judge_hard-07,0
v5 @1024,hard-sol-c-judge_hard-08,0
v5 @1024,hard-sol-c-judge_hard-09,1
v5 @1024,hard-sol-c-judge_hard-10,1
v5 @1024,hard-sol-c-judge_hard-11,0
v5 @1024,hard-sol-c-judge_hard-13,0
v5 @1024,hard-sol-c-judge_hard-15,1
v5 @1024,hard-sol-c-multi_hop-07,0
v5 @1024,hard-sol-c-multi_hop-09,1
v5 @1024,hard-sol-c-multi_hop-11,0
v5 @1024,hard-sol-c-multi_hop-12,0
v5 @1024,hard-sol-c-multi_hop-13,0
v5 @1024 +fix,original-policy-01-0,0
v5 @1024 +fix,original-policy-01-1,1
v5 @1024 +fix,original-policy-02-0,1
v5 @1024 +fix,original-policy-02-1,0
v5 @1024 +fix,original-policy-03-0,1
v5 @1024 +fix,original-policy-03-1,0
v5 @1024 +fix,original-policy-04-0,0
v5 @1024 +fix,original-policy-04-1,1
v5 @1024 +fix,original-policy-05-0,0
v5 @1024 +fix,original-policy-05-1,1
v5 @1024 +fix,original-policy-06-0,1
v5 @1024 +fix,original-policy-06-1,1
v5 @1024 +fix,original-intent-01-0,1
v5 @1024 +fix,original-intent-01-1,1
v5 @1024 +fix,original-intent-02-0,0
v5 @1024 +fix,original-intent-02-1,1
v5 @1024 +fix,original-intent-03-0,1
v5 @1024 +fix,original-intent-03-1,1
v5 @1024 +fix,original-intent-04-0,1
v5 @1024 +fix,original-intent-04-1,1
v5 @1024 +fix,original-intent-05-0,0
v5 @1024 +fix,original-intent-05-1,0
v5 @1024 +fix,original-intent-06-0,1
v5 @1024 +fix,original-intent-06-1,1
v5 @1024 +fix,original-ordinal-01-0,1
v5 @1024 +fix,original-ordinal-01-1,1
v5 @1024 +fix,original-ordinal-02-0,1
v5 @1024 +fix,original-ordinal-02-1,1
v5 @1024 +fix,original-ordinal-03-0,1
v5 @1024 +fix,original-ordinal-03-1,0
v5 @1024 +fix,original-ordinal-04-0,1
v5 @1024 +fix,original-ordinal-04-1,1
v5 @1024 +fix,original-ordinal-05-0,0
v5 @1024 +fix,original-ordinal-05-1,1
v5 @1024 +fix,original-ordinal-06-0,1
v5 @1024 +fix,original-ordinal-06-1,1
v5 @1024 +fix,original-extraction-01-0,1
v5 @1024 +fix,original-extraction-01-1,1
v5 @1024 +fix,original-extraction-02-0,0
v5 @1024 +fix,original-extraction-02-1,1
v5 @1024 +fix,original-extraction-03-0,1
v5 @1024 +fix,original-extraction-03-1,1
v5 @1024 +fix,original-extraction-04-0,1
v5 @1024 +fix,original-extraction-04-1,1
v5 @1024 +fix,original-extraction-05-0,1
v5 @1024 +fix,original-extraction-05-1,0
v5 @1024 +fix,original-extraction-06-0,1
v5 @1024 +fix,original-extraction-06-1,1
v5 @1024 +fix,original-adequacy-01-0,1
v5 @1024 +fix,original-adequacy-01-1,1
v5 @1024 +fix,original-adequacy-02-0,0
v5 @1024 +fix,original-adequacy-02-1,1
v5 @1024 +fix,original-adequacy-03-0,0
v5 @1024 +fix,original-adequacy-03-1,0
v5 @1024 +fix,original-adequacy-04-0,1
v5 @1024 +fix,original-adequacy-04-1,0
v5 @1024 +fix,original-adequacy-05-0,1
v5 @1024 +fix,original-adequacy-05-1,1
v5 @1024 +fix,original-adequacy-06-0,0
v5 @1024 +fix,original-adequacy-06-1,1
v5 @1024 +fix,original-routing-01-0,1
v5 @1024 +fix,original-routing-01-1,1
v5 @1024 +fix,original-routing-02-0,1
v5 @1024 +fix,original-routing-02-1,1
v5 @1024 +fix,original-routing-03-0,1
v5 @1024 +fix,original-routing-03-1,1
v5 @1024 +fix,original-routing-04-0,1
v5 @1024 +fix,original-routing-04-1,1
v5 @1024 +fix,original-routing-05-0,1
v5 @1024 +fix,original-routing-05-1,1
v5 @1024 +fix,original-routing-06-0,1
v5 @1024 +fix,original-routing-06-1,1
v5 @1024 +fix,easy-intent-00,1
v5 @1024 +fix,easy-intent-01,1
v5 @1024 +fix,easy-intent-02,1
v5 @1024 +fix,easy-intent-03,1
v5 @1024 +fix,easy-intent-04,1
v5 @1024 +fix,easy-intent-05,1
v5 @1024 +fix,easy-intent-06,1
v5 @1024 +fix,easy-intent-07,1
v5 @1024 +fix,easy-intent-08,1
v5 @1024 +fix,easy-intent-09,1
v5 @1024 +fix,easy-intent-10,1
v5 @1024 +fix,easy-intent-11,1
v5 @1024 +fix,easy-fact-00,1
v5 @1024 +fix,easy-fact-01,1
v5 @1024 +fix,easy-fact-02,1
v5 @1024 +fix,easy-fact-03,1
v5 @1024 +fix,easy-fact-04,1
v5 @1024 +fix,easy-fact-05,1
v5 @1024 +fix,easy-fact-06,1
v5 @1024 +fix,easy-fact-07,1
v5 @1024 +fix,easy-fact-08,1
v5 @1024 +fix,easy-fact-09,1
v5 @1024 +fix,easy-fact-10,1
v5 @1024 +fix,easy-fact-11,1
v5 @1024 +fix,easy-extraction-00,1
v5 @1024 +fix,easy-extraction-01,1
v5 @1024 +fix,easy-extraction-02,1
v5 @1024 +fix,easy-extraction-03,1
v5 @1024 +fix,easy-extraction-04,1
v5 @1024 +fix,easy-extraction-05,1
v5 @1024 +fix,easy-extraction-06,1
v5 @1024 +fix,easy-extraction-07,1
v5 @1024 +fix,easy-extraction-08,1
v5 @1024 +fix,easy-extraction-09,1
v5 @1024 +fix,easy-extraction-10,1
v5 @1024 +fix,easy-extraction-11,1
v5 @1024 +fix,easy-tool_selection-00,1
v5 @1024 +fix,easy-tool_selection-01,1
v5 @1024 +fix,easy-tool_selection-02,1
v5 @1024 +fix,easy-tool_selection-03,1
v5 @1024 +fix,easy-tool_selection-04,1
v5 @1024 +fix,easy-tool_selection-05,1
v5 @1024 +fix,easy-tool_selection-06,1
v5 @1024 +fix,easy-tool_selection-07,1
v5 @1024 +fix,easy-tool_selection-08,1
v5 @1024 +fix,easy-tool_selection-09,1
v5 @1024 +fix,easy-tool_selection-10,1
v5 @1024 +fix,easy-tool_selection-11,1
v5 @1024 +fix,hard-opus-a-long_policy-01,0
v5 @1024 +fix,hard-opus-a-long_policy-04,0
v5 @1024 +fix,hard-opus-a-long_policy-08,0
v5 @1024 +fix,hard-opus-a-long_policy-09,0
v5 @1024 +fix,hard-opus-a-long_policy-11,0
v5 @1024 +fix,hard-opus-a-long_policy-13,1
v5 @1024 +fix,hard-opus-a-long_policy-17,0
v5 @1024 +fix,hard-opus-a-long_policy-19,0
v5 @1024 +fix,hard-opus-a-probability-03,1
v5 @1024 +fix,hard-opus-a-probability-04,1
v5 @1024 +fix,hard-opus-a-probability-07,1
v5 @1024 +fix,hard-opus-a-probability-08,0
v5 @1024 +fix,hard-opus-a-temporal_numeric-03,0
v5 @1024 +fix,hard-opus-a-temporal_numeric-06,0
v5 @1024 +fix,hard-opus-a-temporal_numeric-07,1
v5 @1024 +fix,hard-opus-a-temporal_numeric-09,0
v5 @1024 +fix,hard-opus-a-temporal_numeric-12,0
v5 @1024 +fix,hard-opus-b-ambiguous-02,1
v5 @1024 +fix,hard-opus-b-ambiguous-03,0
v5 @1024 +fix,hard-opus-b-ambiguous-07,0
v5 @1024 +fix,hard-opus-b-ambiguous-09,0
v5 @1024 +fix,hard-opus-b-ambiguous-10,0
v5 @1024 +fix,hard-opus-b-ambiguous-11,1
v5 @1024 +fix,hard-opus-b-ambiguous-13,0
v5 @1024 +fix,hard-opus-b-multi_hop-03,0
v5 @1024 +fix,hard-opus-b-multi_hop-04,0
v5 @1024 +fix,hard-opus-b-multi_hop-05,1
v5 @1024 +fix,hard-opus-b-multi_hop-07,0
v5 @1024 +fix,hard-opus-b-multi_hop-08,0
v5 @1024 +fix,hard-opus-b-probability-01,0
v5 @1024 +fix,hard-opus-b-probability-02,0
v5 @1024 +fix,hard-opus-b-probability-03,1
v5 @1024 +fix,hard-opus-b-probability-04,0
v5 @1024 +fix,hard-opus-b-probability-06,0
v5 @1024 +fix,hard-opus-b-tradeoff-01,0
v5 @1024 +fix,hard-opus-b-tradeoff-03,0
v5 @1024 +fix,hard-opus-b-tradeoff-06,1
v5 @1024 +fix,hard-opus-b-tradeoff-07,1
v5 @1024 +fix,hard-opus-b-tradeoff-08,0
v5 @1024 +fix,hard-opus-b-tradeoff-12,0
v5 @1024 +fix,hard-opus-c-long_policy-02,0
v5 @1024 +fix,hard-opus-c-long_policy-03,0
v5 @1024 +fix,hard-opus-c-long_policy-04,1
v5 @1024 +fix,hard-opus-c-long_policy-05,0
v5 @1024 +fix,hard-opus-c-long_policy-08,0
v5 @1024 +fix,hard-opus-c-long_policy-10,1
v5 @1024 +fix,hard-opus-c-long_policy-11,0
v5 @1024 +fix,hard-opus-c-probability-03,0
v5 @1024 +fix,hard-opus-c-temporal_numeric-02,1
v5 @1024 +fix,hard-opus-c-temporal_numeric-03,0
v5 @1024 +fix,hard-opus-c-temporal_numeric-04,0
v5 @1024 +fix,hard-opus-c-temporal_numeric-06,0
v5 @1024 +fix,hard-opus-c-temporal_numeric-08,0
v5 @1024 +fix,hard-opus-c-temporal_numeric-12,1
v5 @1024 +fix,hard-sol-a-adversarial-01,0
v5 @1024 +fix,hard-sol-a-adversarial-06,0
v5 @1024 +fix,hard-sol-a-adversarial-07,1
v5 @1024 +fix,hard-sol-a-adversarial-08,1
v5 @1024 +fix,hard-sol-a-adversarial-09,0
v5 @1024 +fix,hard-sol-a-adversarial-11,1
v5 @1024 +fix,hard-sol-a-multi_hop-01,1
v5 @1024 +fix,hard-sol-a-multi_hop-02,0
v5 @1024 +fix,hard-sol-a-multi_hop-05,0
v5 @1024 +fix,hard-sol-a-multi_hop-07,0
v5 @1024 +fix,hard-sol-a-multi_hop-08,0
v5 @1024 +fix,hard-sol-a-multi_hop-09,0
v5 @1024 +fix,hard-sol-a-multi_hop-10,1
v5 @1024 +fix,hard-sol-a-multi_hop-12,1
v5 @1024 +fix,hard-sol-a-trap-02,1
v5 @1024 +fix,hard-sol-a-trap-04,1
v5 @1024 +fix,hard-sol-a-trap-05,0
v5 @1024 +fix,hard-sol-a-trap-06,1
v5 @1024 +fix,hard-sol-a-trap-08,1
v5 @1024 +fix,hard-sol-a-trap-10,1
v5 @1024 +fix,hard-sol-a-trap-13,0
v5 @1024 +fix,hard-sol-a-trap-15,0
v5 @1024 +fix,hard-sol-b-judge_hard-01,1
v5 @1024 +fix,hard-sol-b-judge_hard-02,0
v5 @1024 +fix,hard-sol-b-judge_hard-05,1
v5 @1024 +fix,hard-sol-b-judge_hard-08,0
v5 @1024 +fix,hard-sol-b-judge_hard-10,0
v5 @1024 +fix,hard-sol-b-judge_hard-14,0
v5 @1024 +fix,hard-sol-b-judge_hard-15,1
v5 @1024 +fix,hard-sol-b-judge_hard-18,0
v5 @1024 +fix,hard-sol-b-long_policy-01,1
v5 @1024 +fix,hard-sol-b-long_policy-02,0
v5 @1024 +fix,hard-sol-b-long_policy-05,1
v5 @1024 +fix,hard-sol-b-long_policy-06,0
v5 @1024 +fix,hard-sol-b-routing_hard-01,1
v5 @1024 +fix,hard-sol-b-routing_hard-02,1
v5 @1024 +fix,hard-sol-b-routing_hard-03,1
v5 @1024 +fix,hard-sol-b-routing_hard-07,1
v5 @1024 +fix,hard-sol-b-routing_hard-09,1
v5 @1024 +fix,hard-sol-b-temporal_numeric-01,0
v5 @1024 +fix,hard-sol-b-temporal_numeric-02,1
v5 @1024 +fix,hard-sol-b-temporal_numeric-03,1
v5 @1024 +fix,hard-sol-b-temporal_numeric-04,0
v5 @1024 +fix,hard-sol-c-judge_hard-03,0
v5 @1024 +fix,hard-sol-c-judge_hard-05,1
v5 @1024 +fix,hard-sol-c-judge_hard-07,0
v5 @1024 +fix,hard-sol-c-judge_hard-08,0
v5 @1024 +fix,hard-sol-c-judge_hard-09,1
v5 @1024 +fix,hard-sol-c-judge_hard-10,1
v5 @1024 +fix,hard-sol-c-judge_hard-11,0
v5 @1024 +fix,hard-sol-c-judge_hard-13,0
v5 @1024 +fix,hard-sol-c-judge_hard-15,1
v5 @1024 +fix,hard-sol-c-multi_hop-07,0
v5 @1024 +fix,hard-sol-c-multi_hop-09,0
v5 @1024 +fix,hard-sol-c-multi_hop-11,0
v5 @1024 +fix,hard-sol-c-multi_hop-12,0
v5 @1024 +fix,hard-sol-c-multi_hop-13,1
v5 @4096,original-policy-01-0,0
v5 @4096,original-policy-01-1,1
v5 @4096,original-policy-02-0,1
v5 @4096,original-policy-02-1,0
v5 @4096,original-policy-03-0,1
v5 @4096,original-policy-03-1,0
v5 @4096,original-policy-04-0,0
v5 @4096,original-policy-04-1,1
v5 @4096,original-policy-05-0,0
v5 @4096,original-policy-05-1,1
v5 @4096,original-policy-06-0,1
v5 @4096,original-policy-06-1,1
v5 @4096,original-intent-01-0,1
v5 @4096,original-intent-01-1,1
v5 @4096,original-intent-02-0,0
v5 @4096,original-intent-02-1,1
v5 @4096,original-intent-03-0,1
v5 @4096,original-intent-03-1,1
v5 @4096,original-intent-04-0,1
v5 @4096,original-intent-04-1,1
v5 @4096,original-intent-05-0,0
v5 @4096,original-intent-05-1,0
v5 @4096,original-intent-06-0,1
v5 @4096,original-intent-06-1,1
v5 @4096,original-ordinal-01-0,1
v5 @4096,original-ordinal-01-1,1
v5 @4096,original-ordinal-02-0,1
v5 @4096,original-ordinal-02-1,1
v5 @4096,original-ordinal-03-0,1
v5 @4096,original-ordinal-03-1,0
v5 @4096,original-ordinal-04-0,1
v5 @4096,original-ordinal-04-1,1
v5 @4096,original-ordinal-05-0,0
v5 @4096,original-ordinal-05-1,1
v5 @4096,original-ordinal-06-0,1
v5 @4096,original-ordinal-06-1,1
v5 @4096,original-extraction-01-0,1
v5 @4096,original-extraction-01-1,1
v5 @4096,original-extraction-02-0,0
v5 @4096,original-extraction-02-1,1
v5 @4096,original-extraction-03-0,1
v5 @4096,original-extraction-03-1,1
v5 @4096,original-extraction-04-0,1
v5 @4096,original-extraction-04-1,1
v5 @4096,original-extraction-05-0,1
v5 @4096,original-extraction-05-1,0
v5 @4096,original-extraction-06-0,1
v5 @4096,original-extraction-06-1,1
v5 @4096,original-adequacy-01-0,1
v5 @4096,original-adequacy-01-1,1
v5 @4096,original-adequacy-02-0,0
v5 @4096,original-adequacy-02-1,1
v5 @4096,original-adequacy-03-0,0
v5 @4096,original-adequacy-03-1,0
v5 @4096,original-adequacy-04-0,1
v5 @4096,original-adequacy-04-1,0
v5 @4096,original-adequacy-05-0,1
v5 @4096,original-adequacy-05-1,1
v5 @4096,original-adequacy-06-0,0
v5 @4096,original-adequacy-06-1,1
v5 @4096,original-routing-01-0,1
v5 @4096,original-routing-01-1,1
v5 @4096,original-routing-02-0,1
v5 @4096,original-routing-02-1,1
v5 @4096,original-routing-03-0,1
v5 @4096,original-routing-03-1,1
v5 @4096,original-routing-04-0,1
v5 @4096,original-routing-04-1,1
v5 @4096,original-routing-05-0,1
v5 @4096,original-routing-05-1,1
v5 @4096,original-routing-06-0,1
v5 @4096,original-routing-06-1,1
v5 @4096,easy-intent-00,1
v5 @4096,easy-intent-01,1
v5 @4096,easy-intent-02,1
v5 @4096,easy-intent-03,1
v5 @4096,easy-intent-04,1
v5 @4096,easy-intent-05,1
v5 @4096,easy-intent-06,1
v5 @4096,easy-intent-07,1
v5 @4096,easy-intent-08,1
v5 @4096,easy-intent-09,1
v5 @4096,easy-intent-10,1
v5 @4096,easy-intent-11,1
v5 @4096,easy-fact-00,1
v5 @4096,easy-fact-01,1
v5 @4096,easy-fact-02,1
v5 @4096,easy-fact-03,1
v5 @4096,easy-fact-04,1
v5 @4096,easy-fact-05,1
v5 @4096,easy-fact-06,1
v5 @4096,easy-fact-07,1
v5 @4096,easy-fact-08,1
v5 @4096,easy-fact-09,1
v5 @4096,easy-fact-10,1
v5 @4096,easy-fact-11,1
v5 @4096,easy-extraction-00,1
v5 @4096,easy-extraction-01,1
v5 @4096,easy-extraction-02,1
v5 @4096,easy-extraction-03,1
v5 @4096,easy-extraction-04,1
v5 @4096,easy-extraction-05,1
v5 @4096,easy-extraction-06,1
v5 @4096,easy-extraction-07,1
v5 @4096,easy-extraction-08,1
v5 @4096,easy-extraction-09,1
v5 @4096,easy-extraction-10,1
v5 @4096,easy-extraction-11,1
v5 @4096,easy-tool_selection-00,1
v5 @4096,easy-tool_selection-01,1
v5 @4096,easy-tool_selection-02,1
v5 @4096,easy-tool_selection-03,1
v5 @4096,easy-tool_selection-04,1
v5 @4096,easy-tool_selection-05,1
v5 @4096,easy-tool_selection-06,1
v5 @4096,easy-tool_selection-07,1
v5 @4096,easy-tool_selection-08,1
v5 @4096,easy-tool_selection-09,1
v5 @4096,easy-tool_selection-10,1
v5 @4096,easy-tool_selection-11,1
v5 @4096,hard-opus-a-long_policy-01,0
v5 @4096,hard-opus-a-long_policy-04,0
v5 @4096,hard-opus-a-long_policy-08,1
v5 @4096,hard-opus-a-long_policy-09,0
v5 @4096,hard-opus-a-long_policy-11,1
v5 @4096,hard-opus-a-long_policy-13,1
v5 @4096,hard-opus-a-long_policy-17,0
v5 @4096,hard-opus-a-long_policy-19,0
v5 @4096,hard-opus-a-probability-03,1
v5 @4096,hard-opus-a-probability-04,0
v5 @4096,hard-opus-a-probability-07,0
v5 @4096,hard-opus-a-probability-08,0
v5 @4096,hard-opus-a-temporal_numeric-03,0
v5 @4096,hard-opus-a-temporal_numeric-06,0
v5 @4096,hard-opus-a-temporal_numeric-07,0
v5 @4096,hard-opus-a-temporal_numeric-09,0
v5 @4096,hard-opus-a-temporal_numeric-12,0
v5 @4096,hard-opus-b-ambiguous-02,1
v5 @4096,hard-opus-b-ambiguous-03,0
v5 @4096,hard-opus-b-ambiguous-07,0
v5 @4096,hard-opus-b-ambiguous-09,0
v5 @4096,hard-opus-b-ambiguous-10,0
v5 @4096,hard-opus-b-ambiguous-11,1
v5 @4096,hard-opus-b-ambiguous-13,0
v5 @4096,hard-opus-b-multi_hop-03,0
v5 @4096,hard-opus-b-multi_hop-04,0
v5 @4096,hard-opus-b-multi_hop-05,0
v5 @4096,hard-opus-b-multi_hop-07,0
v5 @4096,hard-opus-b-multi_hop-08,0
v5 @4096,hard-opus-b-probability-01,1
v5 @4096,hard-opus-b-probability-02,0
v5 @4096,hard-opus-b-probability-03,1
v5 @4096,hard-opus-b-probability-04,0
v5 @4096,hard-opus-b-probability-06,0
v5 @4096,hard-opus-b-tradeoff-01,0
v5 @4096,hard-opus-b-tradeoff-03,0
v5 @4096,hard-opus-b-tradeoff-06,1
v5 @4096,hard-opus-b-tradeoff-07,1
v5 @4096,hard-opus-b-tradeoff-08,0
v5 @4096,hard-opus-b-tradeoff-12,0
v5 @4096,hard-opus-c-long_policy-02,0
v5 @4096,hard-opus-c-long_policy-03,0
v5 @4096,hard-opus-c-long_policy-04,1
v5 @4096,hard-opus-c-long_policy-05,1
v5 @4096,hard-opus-c-long_policy-08,0
v5 @4096,hard-opus-c-long_policy-10,1
v5 @4096,hard-opus-c-long_policy-11,0
v5 @4096,hard-opus-c-probability-03,0
v5 @4096,hard-opus-c-temporal_numeric-02,1
v5 @4096,hard-opus-c-temporal_numeric-03,0
v5 @4096,hard-opus-c-temporal_numeric-04,0
v5 @4096,hard-opus-c-temporal_numeric-06,0
v5 @4096,hard-opus-c-temporal_numeric-08,0
v5 @4096,hard-opus-c-temporal_numeric-12,1
v5 @4096,hard-sol-a-adversarial-01,0
v5 @4096,hard-sol-a-adversarial-06,0
v5 @4096,hard-sol-a-adversarial-07,1
v5 @4096,hard-sol-a-adversarial-08,1
v5 @4096,hard-sol-a-adversarial-09,0
v5 @4096,hard-sol-a-adversarial-11,1
v5 @4096,hard-sol-a-multi_hop-01,1
v5 @4096,hard-sol-a-multi_hop-02,1
v5 @4096,hard-sol-a-multi_hop-05,0
v5 @4096,hard-sol-a-multi_hop-07,0
v5 @4096,hard-sol-a-multi_hop-08,0
v5 @4096,hard-sol-a-multi_hop-09,1
v5 @4096,hard-sol-a-multi_hop-10,1
v5 @4096,hard-sol-a-multi_hop-12,0
v5 @4096,hard-sol-a-trap-02,1
v5 @4096,hard-sol-a-trap-04,1
v5 @4096,hard-sol-a-trap-05,0
v5 @4096,hard-sol-a-trap-06,1
v5 @4096,hard-sol-a-trap-08,1
v5 @4096,hard-sol-a-trap-10,1
v5 @4096,hard-sol-a-trap-13,0
v5 @4096,hard-sol-a-trap-15,0
v5 @4096,hard-sol-b-judge_hard-01,1
v5 @4096,hard-sol-b-judge_hard-02,0
v5 @4096,hard-sol-b-judge_hard-05,1
v5 @4096,hard-sol-b-judge_hard-08,0
v5 @4096,hard-sol-b-judge_hard-10,0
v5 @4096,hard-sol-b-judge_hard-14,0
v5 @4096,hard-sol-b-judge_hard-15,1
v5 @4096,hard-sol-b-judge_hard-18,0
v5 @4096,hard-sol-b-long_policy-01,0
v5 @4096,hard-sol-b-long_policy-02,0
v5 @4096,hard-sol-b-long_policy-05,1
v5 @4096,hard-sol-b-long_policy-06,0
v5 @4096,hard-sol-b-routing_hard-01,1
v5 @4096,hard-sol-b-routing_hard-02,1
v5 @4096,hard-sol-b-routing_hard-03,1
v5 @4096,hard-sol-b-routing_hard-07,1
v5 @4096,hard-sol-b-routing_hard-09,1
v5 @4096,hard-sol-b-temporal_numeric-01,0
v5 @4096,hard-sol-b-temporal_numeric-02,1
v5 @4096,hard-sol-b-temporal_numeric-03,1
v5 @4096,hard-sol-b-temporal_numeric-04,0
v5 @4096,hard-sol-c-judge_hard-03,0
v5 @4096,hard-sol-c-judge_hard-05,1
v5 @4096,hard-sol-c-judge_hard-07,0
v5 @4096,hard-sol-c-judge_hard-08,0
v5 @4096,hard-sol-c-judge_hard-09,1
v5 @4096,hard-sol-c-judge_hard-10,1
v5 @4096,hard-sol-c-judge_hard-11,0
v5 @4096,hard-sol-c-judge_hard-13,0
v5 @4096,hard-sol-c-judge_hard-15,1
v5 @4096,hard-sol-c-multi_hop-07,0
v5 @4096,hard-sol-c-multi_hop-09,1
v5 @4096,hard-sol-c-multi_hop-11,0
v5 @4096,hard-sol-c-multi_hop-12,0
v5 @4096,hard-sol-c-multi_hop-13,1
v6 uncalibrated,original-policy-01-0,1
v6 uncalibrated,original-policy-01-1,1
v6 uncalibrated,original-policy-02-0,0
v6 uncalibrated,original-policy-02-1,0
v6 uncalibrated,original-policy-03-0,1
v6 uncalibrated,original-policy-03-1,0
v6 uncalibrated,original-policy-04-0,0
v6 uncalibrated,original-policy-04-1,1
v6 uncalibrated,original-policy-05-0,1
v6 uncalibrated,original-policy-05-1,1
v6 uncalibrated,original-policy-06-0,1
v6 uncalibrated,original-policy-06-1,1
v6 uncalibrated,original-intent-01-0,1
v6 uncalibrated,original-intent-01-1,1
v6 uncalibrated,original-intent-02-0,0
v6 uncalibrated,original-intent-02-1,1
v6 uncalibrated,original-intent-03-0,1
v6 uncalibrated,original-intent-03-1,1
v6 uncalibrated,original-intent-04-0,1
v6 uncalibrated,original-intent-04-1,1
v6 uncalibrated,original-intent-05-0,0
v6 uncalibrated,original-intent-05-1,0
v6 uncalibrated,original-intent-06-0,1
v6 uncalibrated,original-intent-06-1,1
v6 uncalibrated,original-ordinal-01-0,1
v6 uncalibrated,original-ordinal-01-1,1
v6 uncalibrated,original-ordinal-02-0,1
v6 uncalibrated,original-ordinal-02-1,1
v6 uncalibrated,original-ordinal-03-0,1
v6 uncalibrated,original-ordinal-03-1,0
v6 uncalibrated,original-ordinal-04-0,1
v6 uncalibrated,original-ordinal-04-1,1
v6 uncalibrated,original-ordinal-05-0,0
v6 uncalibrated,original-ordinal-05-1,1
v6 uncalibrated,original-ordinal-06-0,1
v6 uncalibrated,original-ordinal-06-1,1
v6 uncalibrated,original-extraction-01-0,1
v6 uncalibrated,original-extraction-01-1,1
v6 uncalibrated,original-extraction-02-0,1
v6 uncalibrated,original-extraction-02-1,1
v6 uncalibrated,original-extraction-03-0,1
v6 uncalibrated,original-extraction-03-1,1
v6 uncalibrated,original-extraction-04-0,1
v6 uncalibrated,original-extraction-04-1,1
v6 uncalibrated,original-extraction-05-0,1
v6 uncalibrated,original-extraction-05-1,1
v6 uncalibrated,original-extraction-06-0,1
v6 uncalibrated,original-extraction-06-1,1
v6 uncalibrated,original-adequacy-01-0,1
v6 uncalibrated,original-adequacy-01-1,1
v6 uncalibrated,original-adequacy-02-0,0
v6 uncalibrated,original-adequacy-02-1,1
v6 uncalibrated,original-adequacy-03-0,0
v6 uncalibrated,original-adequacy-03-1,0
v6 uncalibrated,original-adequacy-04-0,1
v6 uncalibrated,original-adequacy-04-1,0
v6 uncalibrated,original-adequacy-05-0,1
v6 uncalibrated,original-adequacy-05-1,1
v6 uncalibrated,original-adequacy-06-0,1
v6 uncalibrated,original-adequacy-06-1,1
v6 uncalibrated,original-routing-01-0,1
v6 uncalibrated,original-routing-01-1,1
v6 uncalibrated,original-routing-02-0,1
v6 uncalibrated,original-routing-02-1,1
v6 uncalibrated,original-routing-03-0,1
v6 uncalibrated,original-routing-03-1,1
v6 uncalibrated,original-routing-04-0,1
v6 uncalibrated,original-routing-04-1,1
v6 uncalibrated,original-routing-05-0,1
v6 uncalibrated,original-routing-05-1,0
v6 uncalibrated,original-routing-06-0,1
v6 uncalibrated,original-routing-06-1,1
v6 uncalibrated,easy-intent-00,1
v6 uncalibrated,easy-intent-01,1
v6 uncalibrated,easy-intent-02,1
v6 uncalibrated,easy-intent-03,1
v6 uncalibrated,easy-intent-04,1
v6 uncalibrated,easy-intent-05,1
v6 uncalibrated,easy-intent-06,1
v6 uncalibrated,easy-intent-07,1
v6 uncalibrated,easy-intent-08,1
v6 uncalibrated,easy-intent-09,1
v6 uncalibrated,easy-intent-10,1
v6 uncalibrated,easy-intent-11,1
v6 uncalibrated,easy-fact-00,1
v6 uncalibrated,easy-fact-01,1
v6 uncalibrated,easy-fact-02,1
v6 uncalibrated,easy-fact-03,1
v6 uncalibrated,easy-fact-04,1
v6 uncalibrated,easy-fact-05,1
v6 uncalibrated,easy-fact-06,1
v6 uncalibrated,easy-fact-07,1
v6 uncalibrated,easy-fact-08,1
v6 uncalibrated,easy-fact-09,1
v6 uncalibrated,easy-fact-10,1
v6 uncalibrated,easy-fact-11,1
v6 uncalibrated,easy-extraction-00,1
v6 uncalibrated,easy-extraction-01,1
v6 uncalibrated,easy-extraction-02,1
v6 uncalibrated,easy-extraction-03,1
v6 uncalibrated,easy-extraction-04,1
v6 uncalibrated,easy-extraction-05,1
v6 uncalibrated,easy-extraction-06,1
v6 uncalibrated,easy-extraction-07,1
v6 uncalibrated,easy-extraction-08,1
v6 uncalibrated,easy-extraction-09,1
v6 uncalibrated,easy-extraction-10,1
v6 uncalibrated,easy-extraction-11,1
v6 uncalibrated,easy-tool_selection-00,1
v6 uncalibrated,easy-tool_selection-01,1
v6 uncalibrated,easy-tool_selection-02,1
v6 uncalibrated,easy-tool_selection-03,1
v6 uncalibrated,easy-tool_selection-04,1
v6 uncalibrated,easy-tool_selection-05,1
v6 uncalibrated,easy-tool_selection-06,1
v6 uncalibrated,easy-tool_selection-07,1
v6 uncalibrated,easy-tool_selection-08,1
v6 uncalibrated,easy-tool_selection-09,1
v6 uncalibrated,easy-tool_selection-10,1
v6 uncalibrated,easy-tool_selection-11,1
v6 uncalibrated,hard-opus-a-long_policy-01,0
v6 uncalibrated,hard-opus-a-long_policy-04,0
v6 uncalibrated,hard-opus-a-long_policy-08,1
v6 uncalibrated,hard-opus-a-long_policy-09,0
v6 uncalibrated,hard-opus-a-long_policy-11,1
v6 uncalibrated,hard-opus-a-long_policy-13,1
v6 uncalibrated,hard-opus-a-long_policy-17,0
v6 uncalibrated,hard-opus-a-long_policy-19,0
v6 uncalibrated,hard-opus-a-probability-03,1
v6 uncalibrated,hard-opus-a-probability-04,0
v6 uncalibrated,hard-opus-a-probability-07,0
v6 uncalibrated,hard-opus-a-probability-08,0
v6 uncalibrated,hard-opus-a-temporal_numeric-03,0
v6 uncalibrated,hard-opus-a-temporal_numeric-06,0
v6 uncalibrated,hard-opus-a-temporal_numeric-07,1
v6 uncalibrated,hard-opus-a-temporal_numeric-09,0
v6 uncalibrated,hard-opus-a-temporal_numeric-12,0
v6 uncalibrated,hard-opus-b-ambiguous-02,1
v6 uncalibrated,hard-opus-b-ambiguous-03,0
v6 uncalibrated,hard-opus-b-ambiguous-07,0
v6 uncalibrated,hard-opus-b-ambiguous-09,0
v6 uncalibrated,hard-opus-b-ambiguous-10,1
v6 uncalibrated,hard-opus-b-ambiguous-11,1
v6 uncalibrated,hard-opus-b-ambiguous-13,0
v6 uncalibrated,hard-opus-b-multi_hop-03,0
v6 uncalibrated,hard-opus-b-multi_hop-04,0
v6 uncalibrated,hard-opus-b-multi_hop-05,1
v6 uncalibrated,hard-opus-b-multi_hop-07,0
v6 uncalibrated,hard-opus-b-multi_hop-08,0
v6 uncalibrated,hard-opus-b-probability-01,0
v6 uncalibrated,hard-opus-b-probability-02,0
v6 uncalibrated,hard-opus-b-probability-03,1
v6 uncalibrated,hard-opus-b-probability-04,0
v6 uncalibrated,hard-opus-b-probability-06,0
v6 uncalibrated,hard-opus-b-tradeoff-01,0
v6 uncalibrated,hard-opus-b-tradeoff-03,0
v6 uncalibrated,hard-opus-b-tradeoff-06,1
v6 uncalibrated,hard-opus-b-tradeoff-07,1
v6 uncalibrated,hard-opus-b-tradeoff-08,0
v6 uncalibrated,hard-opus-b-tradeoff-12,0
v6 uncalibrated,hard-opus-c-long_policy-02,0
v6 uncalibrated,hard-opus-c-long_policy-03,0
v6 uncalibrated,hard-opus-c-long_policy-04,1
v6 uncalibrated,hard-opus-c-long_policy-05,0
v6 uncalibrated,hard-opus-c-long_policy-08,0
v6 uncalibrated,hard-opus-c-long_policy-10,1
v6 uncalibrated,hard-opus-c-long_policy-11,0
v6 uncalibrated,hard-opus-c-probability-03,0
v6 uncalibrated,hard-opus-c-temporal_numeric-02,1
v6 uncalibrated,hard-opus-c-temporal_numeric-03,0
v6 uncalibrated,hard-opus-c-temporal_numeric-04,0
v6 uncalibrated,hard-opus-c-temporal_numeric-06,0
v6 uncalibrated,hard-opus-c-temporal_numeric-08,0
v6 uncalibrated,hard-opus-c-temporal_numeric-12,1
v6 uncalibrated,hard-sol-a-adversarial-01,0
v6 uncalibrated,hard-sol-a-adversarial-06,0
v6 uncalibrated,hard-sol-a-adversarial-07,1
v6 uncalibrated,hard-sol-a-adversarial-08,1
v6 uncalibrated,hard-sol-a-adversarial-09,0
v6 uncalibrated,hard-sol-a-adversarial-11,1
v6 uncalibrated,hard-sol-a-multi_hop-01,1
v6 uncalibrated,hard-sol-a-multi_hop-02,0
v6 uncalibrated,hard-sol-a-multi_hop-05,0
v6 uncalibrated,hard-sol-a-multi_hop-07,0
v6 uncalibrated,hard-sol-a-multi_hop-08,0
v6 uncalibrated,hard-sol-a-multi_hop-09,1
v6 uncalibrated,hard-sol-a-multi_hop-10,1
v6 uncalibrated,hard-sol-a-multi_hop-12,0
v6 uncalibrated,hard-sol-a-trap-02,1
v6 uncalibrated,hard-sol-a-trap-04,1
v6 uncalibrated,hard-sol-a-trap-05,0
v6 uncalibrated,hard-sol-a-trap-06,1
v6 uncalibrated,hard-sol-a-trap-08,0
v6 uncalibrated,hard-sol-a-trap-10,1
v6 uncalibrated,hard-sol-a-trap-13,1
v6 uncalibrated,hard-sol-a-trap-15,0
v6 uncalibrated,hard-sol-b-judge_hard-01,1
v6 uncalibrated,hard-sol-b-judge_hard-02,0
v6 uncalibrated,hard-sol-b-judge_hard-05,1
v6 uncalibrated,hard-sol-b-judge_hard-08,0
v6 uncalibrated,hard-sol-b-judge_hard-10,0
v6 uncalibrated,hard-sol-b-judge_hard-14,0
v6 uncalibrated,hard-sol-b-judge_hard-15,1
v6 uncalibrated,hard-sol-b-judge_hard-18,0
v6 uncalibrated,hard-sol-b-long_policy-01,0
v6 uncalibrated,hard-sol-b-long_policy-02,0
v6 uncalibrated,hard-sol-b-long_policy-05,1
v6 uncalibrated,hard-sol-b-long_policy-06,0
v6 uncalibrated,hard-sol-b-routing_hard-01,1
v6 uncalibrated,hard-sol-b-routing_hard-02,1
v6 uncalibrated,hard-sol-b-routing_hard-03,1
v6 uncalibrated,hard-sol-b-routing_hard-07,1
v6 uncalibrated,hard-sol-b-routing_hard-09,1
v6 uncalibrated,hard-sol-b-temporal_numeric-01,0
v6 uncalibrated,hard-sol-b-temporal_numeric-02,1
v6 uncalibrated,hard-sol-b-temporal_numeric-03,0
v6 uncalibrated,hard-sol-b-temporal_numeric-04,1
v6 uncalibrated,hard-sol-c-judge_hard-03,0
v6 uncalibrated,hard-sol-c-judge_hard-05,1
v6 uncalibrated,hard-sol-c-judge_hard-07,0
v6 uncalibrated,hard-sol-c-judge_hard-08,0
v6 uncalibrated,hard-sol-c-judge_hard-09,1
v6 uncalibrated,hard-sol-c-judge_hard-10,1
v6 uncalibrated,hard-sol-c-judge_hard-11,0
v6 uncalibrated,hard-sol-c-judge_hard-13,0
v6 uncalibrated,hard-sol-c-judge_hard-15,1
v6 uncalibrated,hard-sol-c-multi_hop-07,0
v6 uncalibrated,hard-sol-c-multi_hop-09,1
v6 uncalibrated,hard-sol-c-multi_hop-11,0
v6 uncalibrated,hard-sol-c-multi_hop-12,0
v6 uncalibrated,hard-sol-c-multi_hop-13,1
v6 arm: instruct,original-policy-01-0,1
v6 arm: instruct,original-policy-01-1,1
v6 arm: instruct,original-policy-02-0,0
v6 arm: instruct,original-policy-02-1,0
v6 arm: instruct,original-policy-03-0,0
v6 arm: instruct,original-policy-03-1,0
v6 arm: instruct,original-policy-04-0,0
v6 arm: instruct,original-policy-04-1,1
v6 arm: instruct,original-policy-05-0,1
v6 arm: instruct,original-policy-05-1,1
v6 arm: instruct,original-policy-06-0,1
v6 arm: instruct,original-policy-06-1,0
v6 arm: instruct,original-intent-01-0,0
v6 arm: instruct,original-intent-01-1,1
v6 arm: instruct,original-intent-02-0,1
v6 arm: instruct,original-intent-02-1,1
v6 arm: instruct,original-intent-03-0,1
v6 arm: instruct,original-intent-03-1,1
v6 arm: instruct,original-intent-04-0,1
v6 arm: instruct,original-intent-04-1,1
v6 arm: instruct,original-intent-05-0,0
v6 arm: instruct,original-intent-05-1,0
v6 arm: instruct,original-intent-06-0,1
v6 arm: instruct,original-intent-06-1,1
v6 arm: instruct,original-ordinal-01-0,1
v6 arm: instruct,original-ordinal-01-1,1
v6 arm: instruct,original-ordinal-02-0,1
v6 arm: instruct,original-ordinal-02-1,1
v6 arm: instruct,original-ordinal-03-0,0
v6 arm: instruct,original-ordinal-03-1,0
v6 arm: instruct,original-ordinal-04-0,1
v6 arm: instruct,original-ordinal-04-1,1
v6 arm: instruct,original-ordinal-05-0,1
v6 arm: instruct,original-ordinal-05-1,1
v6 arm: instruct,original-ordinal-06-0,1
v6 arm: instruct,original-ordinal-06-1,1
v6 arm: instruct,original-extraction-01-0,1
v6 arm: instruct,original-extraction-01-1,1
v6 arm: instruct,original-extraction-02-0,1
v6 arm: instruct,original-extraction-02-1,1
v6 arm: instruct,original-extraction-03-0,1
v6 arm: instruct,original-extraction-03-1,1
v6 arm: instruct,original-extraction-04-0,1
v6 arm: instruct,original-extraction-04-1,1
v6 arm: instruct,original-extraction-05-0,1
v6 arm: instruct,original-extraction-05-1,1
v6 arm: instruct,original-extraction-06-0,1
v6 arm: instruct,original-extraction-06-1,1
v6 arm: instruct,original-adequacy-01-0,1
v6 arm: instruct,original-adequacy-01-1,1
v6 arm: instruct,original-adequacy-02-0,0
v6 arm: instruct,original-adequacy-02-1,1
v6 arm: instruct,original-adequacy-03-0,0
v6 arm: instruct,original-adequacy-03-1,0
v6 arm: instruct,original-adequacy-04-0,1
v6 arm: instruct,original-adequacy-04-1,1
v6 arm: instruct,original-adequacy-05-0,0
v6 arm: instruct,original-adequacy-05-1,0
v6 arm: instruct,original-adequacy-06-0,0
v6 arm: instruct,original-adequacy-06-1,1
v6 arm: instruct,original-routing-01-0,1
v6 arm: instruct,original-routing-01-1,1
v6 arm: instruct,original-routing-02-0,1
v6 arm: instruct,original-routing-02-1,1
v6 arm: instruct,original-routing-03-0,1
v6 arm: instruct,original-routing-03-1,1
v6 arm: instruct,original-routing-04-0,1
v6 arm: instruct,original-routing-04-1,1
v6 arm: instruct,original-routing-05-0,1
v6 arm: instruct,original-routing-05-1,1
v6 arm: instruct,original-routing-06-0,1
v6 arm: instruct,original-routing-06-1,1
v6 arm: instruct,easy-intent-00,1
v6 arm: instruct,easy-intent-01,1
v6 arm: instruct,easy-intent-02,1
v6 arm: instruct,easy-intent-03,1
v6 arm: instruct,easy-intent-04,1
v6 arm: instruct,easy-intent-05,1
v6 arm: instruct,easy-intent-06,1
v6 arm: instruct,easy-intent-07,1
v6 arm: instruct,easy-intent-08,1
v6 arm: instruct,easy-intent-09,1
v6 arm: instruct,easy-intent-10,1
v6 arm: instruct,easy-intent-11,1
v6 arm: instruct,easy-fact-00,1
v6 arm: instruct,easy-fact-01,1
v6 arm: instruct,easy-fact-02,1
v6 arm: instruct,easy-fact-03,1
v6 arm: instruct,easy-fact-04,1
v6 arm: instruct,easy-fact-05,1
v6 arm: instruct,easy-fact-06,1
v6 arm: instruct,easy-fact-07,1
v6 arm: instruct,easy-fact-08,1
v6 arm: instruct,easy-fact-09,1
v6 arm: instruct,easy-fact-10,1
v6 arm: instruct,easy-fact-11,1
v6 arm: instruct,easy-extraction-00,1
v6 arm: instruct,easy-extraction-01,1
v6 arm: instruct,easy-extraction-02,1
v6 arm: instruct,easy-extraction-03,1
v6 arm: instruct,easy-extraction-04,1
v6 arm: instruct,easy-extraction-05,1
v6 arm: instruct,easy-extraction-06,1
v6 arm: instruct,easy-extraction-07,1
v6 arm: instruct,easy-extraction-08,1
v6 arm: instruct,easy-extraction-09,1
v6 arm: instruct,easy-extraction-10,1
v6 arm: instruct,easy-extraction-11,1
v6 arm: instruct,easy-tool_selection-00,1
v6 arm: instruct,easy-tool_selection-01,1
v6 arm: instruct,easy-tool_selection-02,1
v6 arm: instruct,easy-tool_selection-03,1
v6 arm: instruct,easy-tool_selection-04,1
v6 arm: instruct,easy-tool_selection-05,1
v6 arm: instruct,easy-tool_selection-06,1
v6 arm: instruct,easy-tool_selection-07,1
v6 arm: instruct,easy-tool_selection-08,1
v6 arm: instruct,easy-tool_selection-09,1
v6 arm: instruct,easy-tool_selection-10,1
v6 arm: instruct,easy-tool_selection-11,1
v6 arm: instruct,hard-opus-a-long_policy-01,0
v6 arm: instruct,hard-opus-a-long_policy-04,0
v6 arm: instruct,hard-opus-a-long_policy-08,1
v6 arm: instruct,hard-opus-a-long_policy-09,0
v6 arm: instruct,hard-opus-a-long_policy-11,0
v6 arm: instruct,hard-opus-a-long_policy-13,0
v6 arm: instruct,hard-opus-a-long_policy-17,0
v6 arm: instruct,hard-opus-a-long_policy-19,0
v6 arm: instruct,hard-opus-a-probability-03,1
v6 arm: instruct,hard-opus-a-probability-04,0
v6 arm: instruct,hard-opus-a-probability-07,0
v6 arm: instruct,hard-opus-a-probability-08,1
v6 arm: instruct,hard-opus-a-temporal_numeric-03,0
v6 arm: instruct,hard-opus-a-temporal_numeric-06,0
v6 arm: instruct,hard-opus-a-temporal_numeric-07,0
v6 arm: instruct,hard-opus-a-temporal_numeric-09,0
v6 arm: instruct,hard-opus-a-temporal_numeric-12,0
v6 arm: instruct,hard-opus-b-ambiguous-02,1
v6 arm: instruct,hard-opus-b-ambiguous-03,0
v6 arm: instruct,hard-opus-b-ambiguous-07,0
v6 arm: instruct,hard-opus-b-ambiguous-09,0
v6 arm: instruct,hard-opus-b-ambiguous-10,0
v6 arm: instruct,hard-opus-b-ambiguous-11,1
v6 arm: instruct,hard-opus-b-ambiguous-13,0
v6 arm: instruct,hard-opus-b-multi_hop-03,0
v6 arm: instruct,hard-opus-b-multi_hop-04,0
v6 arm: instruct,hard-opus-b-multi_hop-05,0
v6 arm: instruct,hard-opus-b-multi_hop-07,0
v6 arm: instruct,hard-opus-b-multi_hop-08,0
v6 arm: instruct,hard-opus-b-probability-01,0
v6 arm: instruct,hard-opus-b-probability-02,0
v6 arm: instruct,hard-opus-b-probability-03,1
v6 arm: instruct,hard-opus-b-probability-04,1
v6 arm: instruct,hard-opus-b-probability-06,0
v6 arm: instruct,hard-opus-b-tradeoff-01,0
v6 arm: instruct,hard-opus-b-tradeoff-03,0
v6 arm: instruct,hard-opus-b-tradeoff-06,1
v6 arm: instruct,hard-opus-b-tradeoff-07,0
v6 arm: instruct,hard-opus-b-tradeoff-08,0
v6 arm: instruct,hard-opus-b-tradeoff-12,0
v6 arm: instruct,hard-opus-c-long_policy-02,0
v6 arm: instruct,hard-opus-c-long_policy-03,0
v6 arm: instruct,hard-opus-c-long_policy-04,1
v6 arm: instruct,hard-opus-c-long_policy-05,0
v6 arm: instruct,hard-opus-c-long_policy-08,0
v6 arm: instruct,hard-opus-c-long_policy-10,1
v6 arm: instruct,hard-opus-c-long_policy-11,0
v6 arm: instruct,hard-opus-c-probability-03,0
v6 arm: instruct,hard-opus-c-temporal_numeric-02,1
v6 arm: instruct,hard-opus-c-temporal_numeric-03,0
v6 arm: instruct,hard-opus-c-temporal_numeric-04,0
v6 arm: instruct,hard-opus-c-temporal_numeric-06,0
v6 arm: instruct,hard-opus-c-temporal_numeric-08,0
v6 arm: instruct,hard-opus-c-temporal_numeric-12,1
v6 arm: instruct,hard-sol-a-adversarial-01,0
v6 arm: instruct,hard-sol-a-adversarial-06,1
v6 arm: instruct,hard-sol-a-adversarial-07,0
v6 arm: instruct,hard-sol-a-adversarial-08,1
v6 arm: instruct,hard-sol-a-adversarial-09,0
v6 arm: instruct,hard-sol-a-adversarial-11,0
v6 arm: instruct,hard-sol-a-multi_hop-01,1
v6 arm: instruct,hard-sol-a-multi_hop-02,1
v6 arm: instruct,hard-sol-a-multi_hop-05,0
v6 arm: instruct,hard-sol-a-multi_hop-07,0
v6 arm: instruct,hard-sol-a-multi_hop-08,0
v6 arm: instruct,hard-sol-a-multi_hop-09,1
v6 arm: instruct,hard-sol-a-multi_hop-10,1
v6 arm: instruct,hard-sol-a-multi_hop-12,0
v6 arm: instruct,hard-sol-a-trap-02,1
v6 arm: instruct,hard-sol-a-trap-04,1
v6 arm: instruct,hard-sol-a-trap-05,0
v6 arm: instruct,hard-sol-a-trap-06,1
v6 arm: instruct,hard-sol-a-trap-08,1
v6 arm: instruct,hard-sol-a-trap-10,1
v6 arm: instruct,hard-sol-a-trap-13,1
v6 arm: instruct,hard-sol-a-trap-15,1
v6 arm: instruct,hard-sol-b-judge_hard-01,1
v6 arm: instruct,hard-sol-b-judge_hard-02,0
v6 arm: instruct,hard-sol-b-judge_hard-05,1
v6 arm: instruct,hard-sol-b-judge_hard-08,0
v6 arm: instruct,hard-sol-b-judge_hard-10,0
v6 arm: instruct,hard-sol-b-judge_hard-14,0
v6 arm: instruct,hard-sol-b-judge_hard-15,1
v6 arm: instruct,hard-sol-b-judge_hard-18,0
v6 arm: instruct,hard-sol-b-long_policy-01,0
v6 arm: instruct,hard-sol-b-long_policy-02,0
v6 arm: instruct,hard-sol-b-long_policy-05,1
v6 arm: instruct,hard-sol-b-long_policy-06,0
v6 arm: instruct,hard-sol-b-routing_hard-01,1
v6 arm: instruct,hard-sol-b-routing_hard-02,1
v6 arm: instruct,hard-sol-b-routing_hard-03,0
v6 arm: instruct,hard-sol-b-routing_hard-07,1
v6 arm: instruct,hard-sol-b-routing_hard-09,0
v6 arm: instruct,hard-sol-b-temporal_numeric-01,0
v6 arm: instruct,hard-sol-b-temporal_numeric-02,1
v6 arm: instruct,hard-sol-b-temporal_numeric-03,0
v6 arm: instruct,hard-sol-b-temporal_numeric-04,1
v6 arm: instruct,hard-sol-c-judge_hard-03,0
v6 arm: instruct,hard-sol-c-judge_hard-05,1
v6 arm: instruct,hard-sol-c-judge_hard-07,0
v6 arm: instruct,hard-sol-c-judge_hard-08,0
v6 arm: instruct,hard-sol-c-judge_hard-09,1
v6 arm: instruct,hard-sol-c-judge_hard-10,1
v6 arm: instruct,hard-sol-c-judge_hard-11,0
v6 arm: instruct,hard-sol-c-judge_hard-13,0
v6 arm: instruct,hard-sol-c-judge_hard-15,1
v6 arm: instruct,hard-sol-c-multi_hop-07,0
v6 arm: instruct,hard-sol-c-multi_hop-09,1
v6 arm: instruct,hard-sol-c-multi_hop-11,0
v6 arm: instruct,hard-sol-c-multi_hop-12,0
v6 arm: instruct,hard-sol-c-multi_hop-13,1
v6 arm: lm_head,original-policy-01-0,0
v6 arm: lm_head,original-policy-01-1,1
v6 arm: lm_head,original-policy-02-0,1
v6 arm: lm_head,original-policy-02-1,0
v6 arm: lm_head,original-policy-03-0,1
v6 arm: lm_head,original-policy-03-1,0
v6 arm: lm_head,original-policy-04-0,0
v6 arm: lm_head,original-policy-04-1,1
v6 arm: lm_head,original-policy-05-0,0
v6 arm: lm_head,original-policy-05-1,1
v6 arm: lm_head,original-policy-06-0,1
v6 arm: lm_head,original-policy-06-1,1
v6 arm: lm_head,original-intent-01-0,1
v6 arm: lm_head,original-intent-01-1,1
v6 arm: lm_head,original-intent-02-0,1
v6 arm: lm_head,original-intent-02-1,1
v6 arm: lm_head,original-intent-03-0,1
v6 arm: lm_head,original-intent-03-1,1
v6 arm: lm_head,original-intent-04-0,1
v6 arm: lm_head,original-intent-04-1,1
v6 arm: lm_head,original-intent-05-0,0
v6 arm: lm_head,original-intent-05-1,0
v6 arm: lm_head,original-intent-06-0,1
v6 arm: lm_head,original-intent-06-1,1
v6 arm: lm_head,original-ordinal-01-0,1
v6 arm: lm_head,original-ordinal-01-1,1
v6 arm: lm_head,original-ordinal-02-0,1
v6 arm: lm_head,original-ordinal-02-1,1
v6 arm: lm_head,original-ordinal-03-0,1
v6 arm: lm_head,original-ordinal-03-1,0
v6 arm: lm_head,original-ordinal-04-0,1
v6 arm: lm_head,original-ordinal-04-1,1
v6 arm: lm_head,original-ordinal-05-0,1
v6 arm: lm_head,original-ordinal-05-1,1
v6 arm: lm_head,original-ordinal-06-0,1
v6 arm: lm_head,original-ordinal-06-1,1
v6 arm: lm_head,original-extraction-01-0,1
v6 arm: lm_head,original-extraction-01-1,1
v6 arm: lm_head,original-extraction-02-0,0
v6 arm: lm_head,original-extraction-02-1,1
v6 arm: lm_head,original-extraction-03-0,1
v6 arm: lm_head,original-extraction-03-1,1
v6 arm: lm_head,original-extraction-04-0,1
v6 arm: lm_head,original-extraction-04-1,1
v6 arm: lm_head,original-extraction-05-0,1
v6 arm: lm_head,original-extraction-05-1,0
v6 arm: lm_head,original-extraction-06-0,1
v6 arm: lm_head,original-extraction-06-1,1
v6 arm: lm_head,original-adequacy-01-0,1
v6 arm: lm_head,original-adequacy-01-1,1
v6 arm: lm_head,original-adequacy-02-0,0
v6 arm: lm_head,original-adequacy-02-1,1
v6 arm: lm_head,original-adequacy-03-0,0
v6 arm: lm_head,original-adequacy-03-1,0
v6 arm: lm_head,original-adequacy-04-0,1
v6 arm: lm_head,original-adequacy-04-1,0
v6 arm: lm_head,original-adequacy-05-0,1
v6 arm: lm_head,original-adequacy-05-1,0
v6 arm: lm_head,original-adequacy-06-0,1
v6 arm: lm_head,original-adequacy-06-1,1
v6 arm: lm_head,original-routing-01-0,1
v6 arm: lm_head,original-routing-01-1,1
v6 arm: lm_head,original-routing-02-0,1
v6 arm: lm_head,original-routing-02-1,1
v6 arm: lm_head,original-routing-03-0,1
v6 arm: lm_head,original-routing-03-1,1
v6 arm: lm_head,original-routing-04-0,1
v6 arm: lm_head,original-routing-04-1,1
v6 arm: lm_head,original-routing-05-0,1
v6 arm: lm_head,original-routing-05-1,1
v6 arm: lm_head,original-routing-06-0,1
v6 arm: lm_head,original-routing-06-1,1
v6 arm: lm_head,easy-intent-00,1
v6 arm: lm_head,easy-intent-01,1
v6 arm: lm_head,easy-intent-02,1
v6 arm: lm_head,easy-intent-03,1
v6 arm: lm_head,easy-intent-04,1
v6 arm: lm_head,easy-intent-05,1
v6 arm: lm_head,easy-intent-06,1
v6 arm: lm_head,easy-intent-07,1
v6 arm: lm_head,easy-intent-08,1
v6 arm: lm_head,easy-intent-09,1
v6 arm: lm_head,easy-intent-10,1
v6 arm: lm_head,easy-intent-11,1
v6 arm: lm_head,easy-fact-00,1
v6 arm: lm_head,easy-fact-01,1
v6 arm: lm_head,easy-fact-02,1
v6 arm: lm_head,easy-fact-03,1
v6 arm: lm_head,easy-fact-04,1
v6 arm: lm_head,easy-fact-05,1
v6 arm: lm_head,easy-fact-06,1
v6 arm: lm_head,easy-fact-07,1
v6 arm: lm_head,easy-fact-08,1
v6 arm: lm_head,easy-fact-09,1
v6 arm: lm_head,easy-fact-10,1
v6 arm: lm_head,easy-fact-11,1
v6 arm: lm_head,easy-extraction-00,1
v6 arm: lm_head,easy-extraction-01,1
v6 arm: lm_head,easy-extraction-02,1
v6 arm: lm_head,easy-extraction-03,1
v6 arm: lm_head,easy-extraction-04,1
v6 arm: lm_head,easy-extraction-05,1
v6 arm: lm_head,easy-extraction-06,1
v6 arm: lm_head,easy-extraction-07,1
v6 arm: lm_head,easy-extraction-08,1
v6 arm: lm_head,easy-extraction-09,1
v6 arm: lm_head,easy-extraction-10,1
v6 arm: lm_head,easy-extraction-11,1
v6 arm: lm_head,easy-tool_selection-00,1
v6 arm: lm_head,easy-tool_selection-01,1
v6 arm: lm_head,easy-tool_selection-02,1
v6 arm: lm_head,easy-tool_selection-03,1
v6 arm: lm_head,easy-tool_selection-04,1
v6 arm: lm_head,easy-tool_selection-05,1
v6 arm: lm_head,easy-tool_selection-06,1
v6 arm: lm_head,easy-tool_selection-07,1
v6 arm: lm_head,easy-tool_selection-08,1
v6 arm: lm_head,easy-tool_selection-09,1
v6 arm: lm_head,easy-tool_selection-10,1
v6 arm: lm_head,easy-tool_selection-11,1
v6 arm: lm_head,hard-opus-a-long_policy-01,0
v6 arm: lm_head,hard-opus-a-long_policy-04,0
v6 arm: lm_head,hard-opus-a-long_policy-08,1
v6 arm: lm_head,hard-opus-a-long_policy-09,0
v6 arm: lm_head,hard-opus-a-long_policy-11,0
v6 arm: lm_head,hard-opus-a-long_policy-13,1
v6 arm: lm_head,hard-opus-a-long_policy-17,0
v6 arm: lm_head,hard-opus-a-long_policy-19,0
v6 arm: lm_head,hard-opus-a-probability-03,1
v6 arm: lm_head,hard-opus-a-probability-04,0
v6 arm: lm_head,hard-opus-a-probability-07,0
v6 arm: lm_head,hard-opus-a-probability-08,0
v6 arm: lm_head,hard-opus-a-temporal_numeric-03,0
v6 arm: lm_head,hard-opus-a-temporal_numeric-06,0
v6 arm: lm_head,hard-opus-a-temporal_numeric-07,0
v6 arm: lm_head,hard-opus-a-temporal_numeric-09,0
v6 arm: lm_head,hard-opus-a-temporal_numeric-12,0
v6 arm: lm_head,hard-opus-b-ambiguous-02,1
v6 arm: lm_head,hard-opus-b-ambiguous-03,0
v6 arm: lm_head,hard-opus-b-ambiguous-07,0
v6 arm: lm_head,hard-opus-b-ambiguous-09,0
v6 arm: lm_head,hard-opus-b-ambiguous-10,1
v6 arm: lm_head,hard-opus-b-ambiguous-11,1
v6 arm: lm_head,hard-opus-b-ambiguous-13,0
v6 arm: lm_head,hard-opus-b-multi_hop-03,1
v6 arm: lm_head,hard-opus-b-multi_hop-04,0
v6 arm: lm_head,hard-opus-b-multi_hop-05,0
v6 arm: lm_head,hard-opus-b-multi_hop-07,0
v6 arm: lm_head,hard-opus-b-multi_hop-08,0
v6 arm: lm_head,hard-opus-b-probability-01,0
v6 arm: lm_head,hard-opus-b-probability-02,0
v6 arm: lm_head,hard-opus-b-probability-03,1
v6 arm: lm_head,hard-opus-b-probability-04,0
v6 arm: lm_head,hard-opus-b-probability-06,0
v6 arm: lm_head,hard-opus-b-tradeoff-01,0
v6 arm: lm_head,hard-opus-b-tradeoff-03,0
v6 arm: lm_head,hard-opus-b-tradeoff-06,1
v6 arm: lm_head,hard-opus-b-tradeoff-07,1
v6 arm: lm_head,hard-opus-b-tradeoff-08,0
v6 arm: lm_head,hard-opus-b-tradeoff-12,0
v6 arm: lm_head,hard-opus-c-long_policy-02,0
v6 arm: lm_head,hard-opus-c-long_policy-03,0
v6 arm: lm_head,hard-opus-c-long_policy-04,1
v6 arm: lm_head,hard-opus-c-long_policy-05,1
v6 arm: lm_head,hard-opus-c-long_policy-08,0
v6 arm: lm_head,hard-opus-c-long_policy-10,1
v6 arm: lm_head,hard-opus-c-long_policy-11,0
v6 arm: lm_head,hard-opus-c-probability-03,0
v6 arm: lm_head,hard-opus-c-temporal_numeric-02,1
v6 arm: lm_head,hard-opus-c-temporal_numeric-03,0
v6 arm: lm_head,hard-opus-c-temporal_numeric-04,0
v6 arm: lm_head,hard-opus-c-temporal_numeric-06,0
v6 arm: lm_head,hard-opus-c-temporal_numeric-08,0
v6 arm: lm_head,hard-opus-c-temporal_numeric-12,1
v6 arm: lm_head,hard-sol-a-adversarial-01,0
v6 arm: lm_head,hard-sol-a-adversarial-06,0
v6 arm: lm_head,hard-sol-a-adversarial-07,1
v6 arm: lm_head,hard-sol-a-adversarial-08,1
v6 arm: lm_head,hard-sol-a-adversarial-09,0
v6 arm: lm_head,hard-sol-a-adversarial-11,0
v6 arm: lm_head,hard-sol-a-multi_hop-01,1
v6 arm: lm_head,hard-sol-a-multi_hop-02,0
v6 arm: lm_head,hard-sol-a-multi_hop-05,0
v6 arm: lm_head,hard-sol-a-multi_hop-07,0
v6 arm: lm_head,hard-sol-a-multi_hop-08,0
v6 arm: lm_head,hard-sol-a-multi_hop-09,1
v6 arm: lm_head,hard-sol-a-multi_hop-10,1
v6 arm: lm_head,hard-sol-a-multi_hop-12,0
v6 arm: lm_head,hard-sol-a-trap-02,1
v6 arm: lm_head,hard-sol-a-trap-04,1
v6 arm: lm_head,hard-sol-a-trap-05,0
v6 arm: lm_head,hard-sol-a-trap-06,1
v6 arm: lm_head,hard-sol-a-trap-08,1
v6 arm: lm_head,hard-sol-a-trap-10,1
v6 arm: lm_head,hard-sol-a-trap-13,0
v6 arm: lm_head,hard-sol-a-trap-15,0
v6 arm: lm_head,hard-sol-b-judge_hard-01,1
v6 arm: lm_head,hard-sol-b-judge_hard-02,0
v6 arm: lm_head,hard-sol-b-judge_hard-05,1
v6 arm: lm_head,hard-sol-b-judge_hard-08,0
v6 arm: lm_head,hard-sol-b-judge_hard-10,0
v6 arm: lm_head,hard-sol-b-judge_hard-14,0
v6 arm: lm_head,hard-sol-b-judge_hard-15,1
v6 arm: lm_head,hard-sol-b-judge_hard-18,0
v6 arm: lm_head,hard-sol-b-long_policy-01,0
v6 arm: lm_head,hard-sol-b-long_policy-02,0
v6 arm: lm_head,hard-sol-b-long_policy-05,1
v6 arm: lm_head,hard-sol-b-long_policy-06,1
v6 arm: lm_head,hard-sol-b-routing_hard-01,1
v6 arm: lm_head,hard-sol-b-routing_hard-02,1
v6 arm: lm_head,hard-sol-b-routing_hard-03,1
v6 arm: lm_head,hard-sol-b-routing_hard-07,1
v6 arm: lm_head,hard-sol-b-routing_hard-09,1
v6 arm: lm_head,hard-sol-b-temporal_numeric-01,0
v6 arm: lm_head,hard-sol-b-temporal_numeric-02,1
v6 arm: lm_head,hard-sol-b-temporal_numeric-03,0
v6 arm: lm_head,hard-sol-b-temporal_numeric-04,1
v6 arm: lm_head,hard-sol-c-judge_hard-03,0
v6 arm: lm_head,hard-sol-c-judge_hard-05,1
v6 arm: lm_head,hard-sol-c-judge_hard-07,0
v6 arm: lm_head,hard-sol-c-judge_hard-08,0
v6 arm: lm_head,hard-sol-c-judge_hard-09,1
v6 arm: lm_head,hard-sol-c-judge_hard-10,1
v6 arm: lm_head,hard-sol-c-judge_hard-11,0
v6 arm: lm_head,hard-sol-c-judge_hard-13,0
v6 arm: lm_head,hard-sol-c-judge_hard-15,1
v6 arm: lm_head,hard-sol-c-multi_hop-07,0
v6 arm: lm_head,hard-sol-c-multi_hop-09,1
v6 arm: lm_head,hard-sol-c-multi_hop-11,0
v6 arm: lm_head,hard-sol-c-multi_hop-12,0
v6 arm: lm_head,hard-sol-c-multi_hop-13,1
v6 arm: KL,original-policy-01-0,0
v6 arm: KL,original-policy-01-1,1
v6 arm: KL,original-policy-02-0,1
v6 arm: KL,original-policy-02-1,0
v6 arm: KL,original-policy-03-0,1
v6 arm: KL,original-policy-03-1,0
v6 arm: KL,original-policy-04-0,0
v6 arm: KL,original-policy-04-1,1
v6 arm: KL,original-policy-05-0,0
v6 arm: KL,original-policy-05-1,1
v6 arm: KL,original-policy-06-0,1
v6 arm: KL,original-policy-06-1,1
v6 arm: KL,original-intent-01-0,1
v6 arm: KL,original-intent-01-1,1
v6 arm: KL,original-intent-02-0,0
v6 arm: KL,original-intent-02-1,1
v6 arm: KL,original-intent-03-0,1
v6 arm: KL,original-intent-03-1,1
v6 arm: KL,original-intent-04-0,1
v6 arm: KL,original-intent-04-1,1
v6 arm: KL,original-intent-05-0,0
v6 arm: KL,original-intent-05-1,0
v6 arm: KL,original-intent-06-0,1
v6 arm: KL,original-intent-06-1,1
v6 arm: KL,original-ordinal-01-0,1
v6 arm: KL,original-ordinal-01-1,1
v6 arm: KL,original-ordinal-02-0,1
v6 arm: KL,original-ordinal-02-1,1
v6 arm: KL,original-ordinal-03-0,1
v6 arm: KL,original-ordinal-03-1,0
v6 arm: KL,original-ordinal-04-0,1
v6 arm: KL,original-ordinal-04-1,1
v6 arm: KL,original-ordinal-05-0,0
v6 arm: KL,original-ordinal-05-1,1
v6 arm: KL,original-ordinal-06-0,1
v6 arm: KL,original-ordinal-06-1,1
v6 arm: KL,original-extraction-01-0,1
v6 arm: KL,original-extraction-01-1,1
v6 arm: KL,original-extraction-02-0,1
v6 arm: KL,original-extraction-02-1,1
v6 arm: KL,original-extraction-03-0,1
v6 arm: KL,original-extraction-03-1,1
v6 arm: KL,original-extraction-04-0,1
v6 arm: KL,original-extraction-04-1,1
v6 arm: KL,original-extraction-05-0,1
v6 arm: KL,original-extraction-05-1,1
v6 arm: KL,original-extraction-06-0,1
v6 arm: KL,original-extraction-06-1,1
v6 arm: KL,original-adequacy-01-0,1
v6 arm: KL,original-adequacy-01-1,1
v6 arm: KL,original-adequacy-02-0,1
v6 arm: KL,original-adequacy-02-1,1
v6 arm: KL,original-adequacy-03-0,0
v6 arm: KL,original-adequacy-03-1,0
v6 arm: KL,original-adequacy-04-0,1
v6 arm: KL,original-adequacy-04-1,0
v6 arm: KL,original-adequacy-05-0,1
v6 arm: KL,original-adequacy-05-1,1
v6 arm: KL,original-adequacy-06-0,1
v6 arm: KL,original-adequacy-06-1,1
v6 arm: KL,original-routing-01-0,1
v6 arm: KL,original-routing-01-1,1
v6 arm: KL,original-routing-02-0,1
v6 arm: KL,original-routing-02-1,1
v6 arm: KL,original-routing-03-0,1
v6 arm: KL,original-routing-03-1,1
v6 arm: KL,original-routing-04-0,1
v6 arm: KL,original-routing-04-1,1
v6 arm: KL,original-routing-05-0,1
v6 arm: KL,original-routing-05-1,1
v6 arm: KL,original-routing-06-0,1
v6 arm: KL,original-routing-06-1,1
v6 arm: KL,easy-intent-00,1
v6 arm: KL,easy-intent-01,1
v6 arm: KL,easy-intent-02,1
v6 arm: KL,easy-intent-03,1
v6 arm: KL,easy-intent-04,1
v6 arm: KL,easy-intent-05,1
v6 arm: KL,easy-intent-06,1
v6 arm: KL,easy-intent-07,1
v6 arm: KL,easy-intent-08,1
v6 arm: KL,easy-intent-09,1
v6 arm: KL,easy-intent-10,1
v6 arm: KL,easy-intent-11,1
v6 arm: KL,easy-fact-00,1
v6 arm: KL,easy-fact-01,1
v6 arm: KL,easy-fact-02,1
v6 arm: KL,easy-fact-03,1
v6 arm: KL,easy-fact-04,1
v6 arm: KL,easy-fact-05,1
v6 arm: KL,easy-fact-06,1
v6 arm: KL,easy-fact-07,1
v6 arm: KL,easy-fact-08,1
v6 arm: KL,easy-fact-09,1
v6 arm: KL,easy-fact-10,1
v6 arm: KL,easy-fact-11,1
v6 arm: KL,easy-extraction-00,1
v6 arm: KL,easy-extraction-01,1
v6 arm: KL,easy-extraction-02,1
v6 arm: KL,easy-extraction-03,1
v6 arm: KL,easy-extraction-04,1
v6 arm: KL,easy-extraction-05,1
v6 arm: KL,easy-extraction-06,1
v6 arm: KL,easy-extraction-07,1
v6 arm: KL,easy-extraction-08,1
v6 arm: KL,easy-extraction-09,1
v6 arm: KL,easy-extraction-10,1
v6 arm: KL,easy-extraction-11,1
v6 arm: KL,easy-tool_selection-00,1
v6 arm: KL,easy-tool_selection-01,1
v6 arm: KL,easy-tool_selection-02,1
v6 arm: KL,easy-tool_selection-03,1
v6 arm: KL,easy-tool_selection-04,1
v6 arm: KL,easy-tool_selection-05,1
v6 arm: KL,easy-tool_selection-06,1
v6 arm: KL,easy-tool_selection-07,1
v6 arm: KL,easy-tool_selection-08,1
v6 arm: KL,easy-tool_selection-09,1
v6 arm: KL,easy-tool_selection-10,1
v6 arm: KL,easy-tool_selection-11,1
v6 arm: KL,hard-opus-a-long_policy-01,0
v6 arm: KL,hard-opus-a-long_policy-04,0
v6 arm: KL,hard-opus-a-long_policy-08,1
v6 arm: KL,hard-opus-a-long_policy-09,0
v6 arm: KL,hard-opus-a-long_policy-11,1
v6 arm: KL,hard-opus-a-long_policy-13,1
v6 arm: KL,hard-opus-a-long_policy-17,0
v6 arm: KL,hard-opus-a-long_policy-19,0
v6 arm: KL,hard-opus-a-probability-03,1
v6 arm: KL,hard-opus-a-probability-04,0
v6 arm: KL,hard-opus-a-probability-07,0
v6 arm: KL,hard-opus-a-probability-08,0
v6 arm: KL,hard-opus-a-temporal_numeric-03,0
v6 arm: KL,hard-opus-a-temporal_numeric-06,0
v6 arm: KL,hard-opus-a-temporal_numeric-07,1
v6 arm: KL,hard-opus-a-temporal_numeric-09,0
v6 arm: KL,hard-opus-a-temporal_numeric-12,0
v6 arm: KL,hard-opus-b-ambiguous-02,1
v6 arm: KL,hard-opus-b-ambiguous-03,0
v6 arm: KL,hard-opus-b-ambiguous-07,0
v6 arm: KL,hard-opus-b-ambiguous-09,0
v6 arm: KL,hard-opus-b-ambiguous-10,0
v6 arm: KL,hard-opus-b-ambiguous-11,1
v6 arm: KL,hard-opus-b-ambiguous-13,0
v6 arm: KL,hard-opus-b-multi_hop-03,0
v6 arm: KL,hard-opus-b-multi_hop-04,0
v6 arm: KL,hard-opus-b-multi_hop-05,1
v6 arm: KL,hard-opus-b-multi_hop-07,0
v6 arm: KL,hard-opus-b-multi_hop-08,0
v6 arm: KL,hard-opus-b-probability-01,0
v6 arm: KL,hard-opus-b-probability-02,0
v6 arm: KL,hard-opus-b-probability-03,1
v6 arm: KL,hard-opus-b-probability-04,0
v6 arm: KL,hard-opus-b-probability-06,1
v6 arm: KL,hard-opus-b-tradeoff-01,0
v6 arm: KL,hard-opus-b-tradeoff-03,0
v6 arm: KL,hard-opus-b-tradeoff-06,1
v6 arm: KL,hard-opus-b-tradeoff-07,1
v6 arm: KL,hard-opus-b-tradeoff-08,0
v6 arm: KL,hard-opus-b-tradeoff-12,0
v6 arm: KL,hard-opus-c-long_policy-02,0
v6 arm: KL,hard-opus-c-long_policy-03,0
v6 arm: KL,hard-opus-c-long_policy-04,1
v6 arm: KL,hard-opus-c-long_policy-05,1
v6 arm: KL,hard-opus-c-long_policy-08,0
v6 arm: KL,hard-opus-c-long_policy-10,1
v6 arm: KL,hard-opus-c-long_policy-11,0
v6 arm: KL,hard-opus-c-probability-03,0
v6 arm: KL,hard-opus-c-temporal_numeric-02,1
v6 arm: KL,hard-opus-c-temporal_numeric-03,0
v6 arm: KL,hard-opus-c-temporal_numeric-04,0
v6 arm: KL,hard-opus-c-temporal_numeric-06,0
v6 arm: KL,hard-opus-c-temporal_numeric-08,0
v6 arm: KL,hard-opus-c-temporal_numeric-12,0
v6 arm: KL,hard-sol-a-adversarial-01,0
v6 arm: KL,hard-sol-a-adversarial-06,0
v6 arm: KL,hard-sol-a-adversarial-07,1
v6 arm: KL,hard-sol-a-adversarial-08,1
v6 arm: KL,hard-sol-a-adversarial-09,0
v6 arm: KL,hard-sol-a-adversarial-11,0
v6 arm: KL,hard-sol-a-multi_hop-01,1
v6 arm: KL,hard-sol-a-multi_hop-02,0
v6 arm: KL,hard-sol-a-multi_hop-05,0
v6 arm: KL,hard-sol-a-multi_hop-07,0
v6 arm: KL,hard-sol-a-multi_hop-08,0
v6 arm: KL,hard-sol-a-multi_hop-09,0
v6 arm: KL,hard-sol-a-multi_hop-10,1
v6 arm: KL,hard-sol-a-multi_hop-12,0
v6 arm: KL,hard-sol-a-trap-02,1
v6 arm: KL,hard-sol-a-trap-04,1
v6 arm: KL,hard-sol-a-trap-05,0
v6 arm: KL,hard-sol-a-trap-06,1
v6 arm: KL,hard-sol-a-trap-08,1
v6 arm: KL,hard-sol-a-trap-10,1
v6 arm: KL,hard-sol-a-trap-13,0
v6 arm: KL,hard-sol-a-trap-15,0
v6 arm: KL,hard-sol-b-judge_hard-01,1
v6 arm: KL,hard-sol-b-judge_hard-02,0
v6 arm: KL,hard-sol-b-judge_hard-05,1
v6 arm: KL,hard-sol-b-judge_hard-08,0
v6 arm: KL,hard-sol-b-judge_hard-10,0
v6 arm: KL,hard-sol-b-judge_hard-14,0
v6 arm: KL,hard-sol-b-judge_hard-15,1
v6 arm: KL,hard-sol-b-judge_hard-18,0
v6 arm: KL,hard-sol-b-long_policy-01,1
v6 arm: KL,hard-sol-b-long_policy-02,0
v6 arm: KL,hard-sol-b-long_policy-05,1
v6 arm: KL,hard-sol-b-long_policy-06,0
v6 arm: KL,hard-sol-b-routing_hard-01,1
v6 arm: KL,hard-sol-b-routing_hard-02,1
v6 arm: KL,hard-sol-b-routing_hard-03,1
v6 arm: KL,hard-sol-b-routing_hard-07,1
v6 arm: KL,hard-sol-b-routing_hard-09,0
v6 arm: KL,hard-sol-b-temporal_numeric-01,0
v6 arm: KL,hard-sol-b-temporal_numeric-02,1
v6 arm: KL,hard-sol-b-temporal_numeric-03,0
v6 arm: KL,hard-sol-b-temporal_numeric-04,0
v6 arm: KL,hard-sol-c-judge_hard-03,0
v6 arm: KL,hard-sol-c-judge_hard-05,1
v6 arm: KL,hard-sol-c-judge_hard-07,0
v6 arm: KL,hard-sol-c-judge_hard-08,0
v6 arm: KL,hard-sol-c-judge_hard-09,1
v6 arm: KL,hard-sol-c-judge_hard-10,1
v6 arm: KL,hard-sol-c-judge_hard-11,0
v6 arm: KL,hard-sol-c-judge_hard-13,0
v6 arm: KL,hard-sol-c-judge_hard-15,1
v6 arm: KL,hard-sol-c-multi_hop-07,0
v6 arm: KL,hard-sol-c-multi_hop-09,1
v6 arm: KL,hard-sol-c-multi_hop-11,0
v6 arm: KL,hard-sol-c-multi_hop-12,0
v6 arm: KL,hard-sol-c-multi_hop-13,1
scaling: 1.7B,original-policy-01-0,1
scaling: 1.7B,original-policy-01-1,1
scaling: 1.7B,original-policy-02-0,0
scaling: 1.7B,original-policy-02-1,0
scaling: 1.7B,original-policy-03-0,0
scaling: 1.7B,original-policy-03-1,0
scaling: 1.7B,original-policy-04-0,0
scaling: 1.7B,original-policy-04-1,1
scaling: 1.7B,original-policy-05-0,1
scaling: 1.7B,original-policy-05-1,1
scaling: 1.7B,original-policy-06-0,1
scaling: 1.7B,original-policy-06-1,1
scaling: 1.7B,original-intent-01-0,1
scaling: 1.7B,original-intent-01-1,1
scaling: 1.7B,original-intent-02-0,0
scaling: 1.7B,original-intent-02-1,1
scaling: 1.7B,original-intent-03-0,1
scaling: 1.7B,original-intent-03-1,1
scaling: 1.7B,original-intent-04-0,1
scaling: 1.7B,original-intent-04-1,1
scaling: 1.7B,original-intent-05-0,0
scaling: 1.7B,original-intent-05-1,0
scaling: 1.7B,original-intent-06-0,1
scaling: 1.7B,original-intent-06-1,1
scaling: 1.7B,original-ordinal-01-0,1
scaling: 1.7B,original-ordinal-01-1,1
scaling: 1.7B,original-ordinal-02-0,1
scaling: 1.7B,original-ordinal-02-1,1
scaling: 1.7B,original-ordinal-03-0,1
scaling: 1.7B,original-ordinal-03-1,0
scaling: 1.7B,original-ordinal-04-0,1
scaling: 1.7B,original-ordinal-04-1,1
scaling: 1.7B,original-ordinal-05-0,0
scaling: 1.7B,original-ordinal-05-1,1
scaling: 1.7B,original-ordinal-06-0,1
scaling: 1.7B,original-ordinal-06-1,1
scaling: 1.7B,original-extraction-01-0,1
scaling: 1.7B,original-extraction-01-1,1
scaling: 1.7B,original-extraction-02-0,0
scaling: 1.7B,original-extraction-02-1,1
scaling: 1.7B,original-extraction-03-0,1
scaling: 1.7B,original-extraction-03-1,1
scaling: 1.7B,original-extraction-04-0,1
scaling: 1.7B,original-extraction-04-1,1
scaling: 1.7B,original-extraction-05-0,1
scaling: 1.7B,original-extraction-05-1,1
scaling: 1.7B,original-extraction-06-0,1
scaling: 1.7B,original-extraction-06-1,1
scaling: 1.7B,original-adequacy-01-0,1
scaling: 1.7B,original-adequacy-01-1,1
scaling: 1.7B,original-adequacy-02-0,0
scaling: 1.7B,original-adequacy-02-1,1
scaling: 1.7B,original-adequacy-03-0,0
scaling: 1.7B,original-adequacy-03-1,0
scaling: 1.7B,original-adequacy-04-0,1
scaling: 1.7B,original-adequacy-04-1,0
scaling: 1.7B,original-adequacy-05-0,1
scaling: 1.7B,original-adequacy-05-1,1
scaling: 1.7B,original-adequacy-06-0,1
scaling: 1.7B,original-adequacy-06-1,1
scaling: 1.7B,original-routing-01-0,1
scaling: 1.7B,original-routing-01-1,1
scaling: 1.7B,original-routing-02-0,1
scaling: 1.7B,original-routing-02-1,1
scaling: 1.7B,original-routing-03-0,1
scaling: 1.7B,original-routing-03-1,1
scaling: 1.7B,original-routing-04-0,1
scaling: 1.7B,original-routing-04-1,1
scaling: 1.7B,original-routing-05-0,1
scaling: 1.7B,original-routing-05-1,0
scaling: 1.7B,original-routing-06-0,1
scaling: 1.7B,original-routing-06-1,1
scaling: 1.7B,easy-intent-00,1
scaling: 1.7B,easy-intent-01,1
scaling: 1.7B,easy-intent-02,1
scaling: 1.7B,easy-intent-03,1
scaling: 1.7B,easy-intent-04,1
scaling: 1.7B,easy-intent-05,1
scaling: 1.7B,easy-intent-06,1
scaling: 1.7B,easy-intent-07,1
scaling: 1.7B,easy-intent-08,1
scaling: 1.7B,easy-intent-09,1
scaling: 1.7B,easy-intent-10,1
scaling: 1.7B,easy-intent-11,1
scaling: 1.7B,easy-fact-00,1
scaling: 1.7B,easy-fact-01,1
scaling: 1.7B,easy-fact-02,1
scaling: 1.7B,easy-fact-03,1
scaling: 1.7B,easy-fact-04,1
scaling: 1.7B,easy-fact-05,1
scaling: 1.7B,easy-fact-06,1
scaling: 1.7B,easy-fact-07,1
scaling: 1.7B,easy-fact-08,1
scaling: 1.7B,easy-fact-09,1
scaling: 1.7B,easy-fact-10,1
scaling: 1.7B,easy-fact-11,1
scaling: 1.7B,easy-extraction-00,1
scaling: 1.7B,easy-extraction-01,1
scaling: 1.7B,easy-extraction-02,1
scaling: 1.7B,easy-extraction-03,1
scaling: 1.7B,easy-extraction-04,1
scaling: 1.7B,easy-extraction-05,1
scaling: 1.7B,easy-extraction-06,1
scaling: 1.7B,easy-extraction-07,1
scaling: 1.7B,easy-extraction-08,1
scaling: 1.7B,easy-extraction-09,1
scaling: 1.7B,easy-extraction-10,1
scaling: 1.7B,easy-extraction-11,1
scaling: 1.7B,easy-tool_selection-00,1
scaling: 1.7B,easy-tool_selection-01,1
scaling: 1.7B,easy-tool_selection-02,1
scaling: 1.7B,easy-tool_selection-03,1
scaling: 1.7B,easy-tool_selection-04,1
scaling: 1.7B,easy-tool_selection-05,1
scaling: 1.7B,easy-tool_selection-06,1
scaling: 1.7B,easy-tool_selection-07,1
scaling: 1.7B,easy-tool_selection-08,1
scaling: 1.7B,easy-tool_selection-09,1
scaling: 1.7B,easy-tool_selection-10,1
scaling: 1.7B,easy-tool_selection-11,1
scaling: 1.7B,hard-opus-a-long_policy-01,0
scaling: 1.7B,hard-opus-a-long_policy-04,0
scaling: 1.7B,hard-opus-a-long_policy-08,0
scaling: 1.7B,hard-opus-a-long_policy-09,0
scaling: 1.7B,hard-opus-a-long_policy-11,1
scaling: 1.7B,hard-opus-a-long_policy-13,1
scaling: 1.7B,hard-opus-a-long_policy-17,0
scaling: 1.7B,hard-opus-a-long_policy-19,0
scaling: 1.7B,hard-opus-a-probability-03,1
scaling: 1.7B,hard-opus-a-probability-04,1
scaling: 1.7B,hard-opus-a-probability-07,0
scaling: 1.7B,hard-opus-a-probability-08,0
scaling: 1.7B,hard-opus-a-temporal_numeric-03,0
scaling: 1.7B,hard-opus-a-temporal_numeric-06,0
scaling: 1.7B,hard-opus-a-temporal_numeric-07,1
scaling: 1.7B,hard-opus-a-temporal_numeric-09,0
scaling: 1.7B,hard-opus-a-temporal_numeric-12,0
scaling: 1.7B,hard-opus-b-ambiguous-02,1
scaling: 1.7B,hard-opus-b-ambiguous-03,0
scaling: 1.7B,hard-opus-b-ambiguous-07,0
scaling: 1.7B,hard-opus-b-ambiguous-09,0
scaling: 1.7B,hard-opus-b-ambiguous-10,0
scaling: 1.7B,hard-opus-b-ambiguous-11,1
scaling: 1.7B,hard-opus-b-ambiguous-13,0
scaling: 1.7B,hard-opus-b-multi_hop-03,0
scaling: 1.7B,hard-opus-b-multi_hop-04,0
scaling: 1.7B,hard-opus-b-multi_hop-05,1
scaling: 1.7B,hard-opus-b-multi_hop-07,0
scaling: 1.7B,hard-opus-b-multi_hop-08,0
scaling: 1.7B,hard-opus-b-probability-01,0
scaling: 1.7B,hard-opus-b-probability-02,0
scaling: 1.7B,hard-opus-b-probability-03,1
scaling: 1.7B,hard-opus-b-probability-04,1
scaling: 1.7B,hard-opus-b-probability-06,1
scaling: 1.7B,hard-opus-b-tradeoff-01,0
scaling: 1.7B,hard-opus-b-tradeoff-03,0
scaling: 1.7B,hard-opus-b-tradeoff-06,1
scaling: 1.7B,hard-opus-b-tradeoff-07,0
scaling: 1.7B,hard-opus-b-tradeoff-08,0
scaling: 1.7B,hard-opus-b-tradeoff-12,1
scaling: 1.7B,hard-opus-c-long_policy-02,0
scaling: 1.7B,hard-opus-c-long_policy-03,0
scaling: 1.7B,hard-opus-c-long_policy-04,1
scaling: 1.7B,hard-opus-c-long_policy-05,0
scaling: 1.7B,hard-opus-c-long_policy-08,0
scaling: 1.7B,hard-opus-c-long_policy-10,1
scaling: 1.7B,hard-opus-c-long_policy-11,0
scaling: 1.7B,hard-opus-c-probability-03,0
scaling: 1.7B,hard-opus-c-temporal_numeric-02,1
scaling: 1.7B,hard-opus-c-temporal_numeric-03,0
scaling: 1.7B,hard-opus-c-temporal_numeric-04,0
scaling: 1.7B,hard-opus-c-temporal_numeric-06,0
scaling: 1.7B,hard-opus-c-temporal_numeric-08,0
scaling: 1.7B,hard-opus-c-temporal_numeric-12,1
scaling: 1.7B,hard-sol-a-adversarial-01,0
scaling: 1.7B,hard-sol-a-adversarial-06,1
scaling: 1.7B,hard-sol-a-adversarial-07,0
scaling: 1.7B,hard-sol-a-adversarial-08,1
scaling: 1.7B,hard-sol-a-adversarial-09,0
scaling: 1.7B,hard-sol-a-adversarial-11,1
scaling: 1.7B,hard-sol-a-multi_hop-01,1
scaling: 1.7B,hard-sol-a-multi_hop-02,0
scaling: 1.7B,hard-sol-a-multi_hop-05,0
scaling: 1.7B,hard-sol-a-multi_hop-07,0
scaling: 1.7B,hard-sol-a-multi_hop-08,0
scaling: 1.7B,hard-sol-a-multi_hop-09,0
scaling: 1.7B,hard-sol-a-multi_hop-10,1
scaling: 1.7B,hard-sol-a-multi_hop-12,0
scaling: 1.7B,hard-sol-a-trap-02,1
scaling: 1.7B,hard-sol-a-trap-04,1
scaling: 1.7B,hard-sol-a-trap-05,0
scaling: 1.7B,hard-sol-a-trap-06,1
scaling: 1.7B,hard-sol-a-trap-08,0
scaling: 1.7B,hard-sol-a-trap-10,1
scaling: 1.7B,hard-sol-a-trap-13,0
scaling: 1.7B,hard-sol-a-trap-15,0
scaling: 1.7B,hard-sol-b-judge_hard-01,1
scaling: 1.7B,hard-sol-b-judge_hard-02,0
scaling: 1.7B,hard-sol-b-judge_hard-05,1
scaling: 1.7B,hard-sol-b-judge_hard-08,0
scaling: 1.7B,hard-sol-b-judge_hard-10,0
scaling: 1.7B,hard-sol-b-judge_hard-14,0
scaling: 1.7B,hard-sol-b-judge_hard-15,1
scaling: 1.7B,hard-sol-b-judge_hard-18,0
scaling: 1.7B,hard-sol-b-long_policy-01,0
scaling: 1.7B,hard-sol-b-long_policy-02,0
scaling: 1.7B,hard-sol-b-long_policy-05,1
scaling: 1.7B,hard-sol-b-long_policy-06,1
scaling: 1.7B,hard-sol-b-routing_hard-01,1
scaling: 1.7B,hard-sol-b-routing_hard-02,1
scaling: 1.7B,hard-sol-b-routing_hard-03,1
scaling: 1.7B,hard-sol-b-routing_hard-07,1
scaling: 1.7B,hard-sol-b-routing_hard-09,1
scaling: 1.7B,hard-sol-b-temporal_numeric-01,0
scaling: 1.7B,hard-sol-b-temporal_numeric-02,1
scaling: 1.7B,hard-sol-b-temporal_numeric-03,0
scaling: 1.7B,hard-sol-b-temporal_numeric-04,1
scaling: 1.7B,hard-sol-c-judge_hard-03,0
scaling: 1.7B,hard-sol-c-judge_hard-05,1
scaling: 1.7B,hard-sol-c-judge_hard-07,0
scaling: 1.7B,hard-sol-c-judge_hard-08,0
scaling: 1.7B,hard-sol-c-judge_hard-09,1
scaling: 1.7B,hard-sol-c-judge_hard-10,1
scaling: 1.7B,hard-sol-c-judge_hard-11,0
scaling: 1.7B,hard-sol-c-judge_hard-13,0
scaling: 1.7B,hard-sol-c-judge_hard-15,1
scaling: 1.7B,hard-sol-c-multi_hop-07,0
scaling: 1.7B,hard-sol-c-multi_hop-09,1
scaling: 1.7B,hard-sol-c-multi_hop-11,0
scaling: 1.7B,hard-sol-c-multi_hop-12,0
scaling: 1.7B,hard-sol-c-multi_hop-13,1
scaling: 4B,original-policy-01-0,1
scaling: 4B,original-policy-01-1,1
scaling: 4B,original-policy-02-0,1
scaling: 4B,original-policy-02-1,1
scaling: 4B,original-policy-03-0,1
scaling: 4B,original-policy-03-1,0
scaling: 4B,original-policy-04-0,0
scaling: 4B,original-policy-04-1,1
scaling: 4B,original-policy-05-0,0
scaling: 4B,original-policy-05-1,1
scaling: 4B,original-policy-06-0,1
scaling: 4B,original-policy-06-1,1
scaling: 4B,original-intent-01-0,1
scaling: 4B,original-intent-01-1,1
scaling: 4B,original-intent-02-0,0
scaling: 4B,original-intent-02-1,1
scaling: 4B,original-intent-03-0,1
scaling: 4B,original-intent-03-1,1
scaling: 4B,original-intent-04-0,1
scaling: 4B,original-intent-04-1,1
scaling: 4B,original-intent-05-0,1
scaling: 4B,original-intent-05-1,1
scaling: 4B,original-intent-06-0,1
scaling: 4B,original-intent-06-1,1
scaling: 4B,original-ordinal-01-0,1
scaling: 4B,original-ordinal-01-1,1
scaling: 4B,original-ordinal-02-0,1
scaling: 4B,original-ordinal-02-1,0
scaling: 4B,original-ordinal-03-0,1
scaling: 4B,original-ordinal-03-1,0
scaling: 4B,original-ordinal-04-0,1
scaling: 4B,original-ordinal-04-1,1
scaling: 4B,original-ordinal-05-0,1
scaling: 4B,original-ordinal-05-1,1
scaling: 4B,original-ordinal-06-0,0
scaling: 4B,original-ordinal-06-1,1
scaling: 4B,original-extraction-01-0,1
scaling: 4B,original-extraction-01-1,1
scaling: 4B,original-extraction-02-0,0
scaling: 4B,original-extraction-02-1,1
scaling: 4B,original-extraction-03-0,1
scaling: 4B,original-extraction-03-1,1
scaling: 4B,original-extraction-04-0,1
scaling: 4B,original-extraction-04-1,1
scaling: 4B,original-extraction-05-0,1
scaling: 4B,original-extraction-05-1,1
scaling: 4B,original-extraction-06-0,1
scaling: 4B,original-extraction-06-1,1
scaling: 4B,original-adequacy-01-0,1
scaling: 4B,original-adequacy-01-1,1
scaling: 4B,original-adequacy-02-0,1
scaling: 4B,original-adequacy-02-1,1
scaling: 4B,original-adequacy-03-0,0
scaling: 4B,original-adequacy-03-1,0
scaling: 4B,original-adequacy-04-0,1
scaling: 4B,original-adequacy-04-1,1
scaling: 4B,original-adequacy-05-0,0
scaling: 4B,original-adequacy-05-1,0
scaling: 4B,original-adequacy-06-0,1
scaling: 4B,original-adequacy-06-1,1
scaling: 4B,original-routing-01-0,1
scaling: 4B,original-routing-01-1,1
scaling: 4B,original-routing-02-0,1
scaling: 4B,original-routing-02-1,1
scaling: 4B,original-routing-03-0,1
scaling: 4B,original-routing-03-1,1
scaling: 4B,original-routing-04-0,1
scaling: 4B,original-routing-04-1,1
scaling: 4B,original-routing-05-0,1
scaling: 4B,original-routing-05-1,1
scaling: 4B,original-routing-06-0,1
scaling: 4B,original-routing-06-1,1
scaling: 4B,easy-intent-00,1
scaling: 4B,easy-intent-01,1
scaling: 4B,easy-intent-02,1
scaling: 4B,easy-intent-03,1
scaling: 4B,easy-intent-04,1
scaling: 4B,easy-intent-05,1
scaling: 4B,easy-intent-06,1
scaling: 4B,easy-intent-07,1
scaling: 4B,easy-intent-08,1
scaling: 4B,easy-intent-09,1
scaling: 4B,easy-intent-10,1
scaling: 4B,easy-intent-11,1
scaling: 4B,easy-fact-00,1
scaling: 4B,easy-fact-01,1
scaling: 4B,easy-fact-02,1
scaling: 4B,easy-fact-03,1
scaling: 4B,easy-fact-04,1
scaling: 4B,easy-fact-05,1
scaling: 4B,easy-fact-06,1
scaling: 4B,easy-fact-07,1
scaling: 4B,easy-fact-08,1
scaling: 4B,easy-fact-09,1
scaling: 4B,easy-fact-10,1
scaling: 4B,easy-fact-11,1
scaling: 4B,easy-extraction-00,1
scaling: 4B,easy-extraction-01,1
scaling: 4B,easy-extraction-02,1
scaling: 4B,easy-extraction-03,1
scaling: 4B,easy-extraction-04,1
scaling: 4B,easy-extraction-05,1
scaling: 4B,easy-extraction-06,1
scaling: 4B,easy-extraction-07,1
scaling: 4B,easy-extraction-08,1
scaling: 4B,easy-extraction-09,1
scaling: 4B,easy-extraction-10,1
scaling: 4B,easy-extraction-11,1
scaling: 4B,easy-tool_selection-00,1
scaling: 4B,easy-tool_selection-01,1
scaling: 4B,easy-tool_selection-02,1
scaling: 4B,easy-tool_selection-03,1
scaling: 4B,easy-tool_selection-04,1
scaling: 4B,easy-tool_selection-05,1
scaling: 4B,easy-tool_selection-06,1
scaling: 4B,easy-tool_selection-07,1
scaling: 4B,easy-tool_selection-08,1
scaling: 4B,easy-tool_selection-09,1
scaling: 4B,easy-tool_selection-10,1
scaling: 4B,easy-tool_selection-11,1
scaling: 4B,hard-opus-a-long_policy-01,0
scaling: 4B,hard-opus-a-long_policy-04,1
scaling: 4B,hard-opus-a-long_policy-08,0
scaling: 4B,hard-opus-a-long_policy-09,1
scaling: 4B,hard-opus-a-long_policy-11,1
scaling: 4B,hard-opus-a-long_policy-13,1
scaling: 4B,hard-opus-a-long_policy-17,0
scaling: 4B,hard-opus-a-long_policy-19,0
scaling: 4B,hard-opus-a-probability-03,1
scaling: 4B,hard-opus-a-probability-04,0
scaling: 4B,hard-opus-a-probability-07,1
scaling: 4B,hard-opus-a-probability-08,0
scaling: 4B,hard-opus-a-temporal_numeric-03,0
scaling: 4B,hard-opus-a-temporal_numeric-06,0
scaling: 4B,hard-opus-a-temporal_numeric-07,0
scaling: 4B,hard-opus-a-temporal_numeric-09,0
scaling: 4B,hard-opus-a-temporal_numeric-12,0
scaling: 4B,hard-opus-b-ambiguous-02,0
scaling: 4B,hard-opus-b-ambiguous-03,1
scaling: 4B,hard-opus-b-ambiguous-07,0
scaling: 4B,hard-opus-b-ambiguous-09,0
scaling: 4B,hard-opus-b-ambiguous-10,1
scaling: 4B,hard-opus-b-ambiguous-11,0
scaling: 4B,hard-opus-b-ambiguous-13,1
scaling: 4B,hard-opus-b-multi_hop-03,0
scaling: 4B,hard-opus-b-multi_hop-04,1
scaling: 4B,hard-opus-b-multi_hop-05,0
scaling: 4B,hard-opus-b-multi_hop-07,1
scaling: 4B,hard-opus-b-multi_hop-08,0
scaling: 4B,hard-opus-b-probability-01,1
scaling: 4B,hard-opus-b-probability-02,0
scaling: 4B,hard-opus-b-probability-03,1
scaling: 4B,hard-opus-b-probability-04,1
scaling: 4B,hard-opus-b-probability-06,0
scaling: 4B,hard-opus-b-tradeoff-01,0
scaling: 4B,hard-opus-b-tradeoff-03,0
scaling: 4B,hard-opus-b-tradeoff-06,1
scaling: 4B,hard-opus-b-tradeoff-07,0
scaling: 4B,hard-opus-b-tradeoff-08,0
scaling: 4B,hard-opus-b-tradeoff-12,0
scaling: 4B,hard-opus-c-long_policy-02,0
scaling: 4B,hard-opus-c-long_policy-03,0
scaling: 4B,hard-opus-c-long_policy-04,1
scaling: 4B,hard-opus-c-long_policy-05,0
scaling: 4B,hard-opus-c-long_policy-08,1
scaling: 4B,hard-opus-c-long_policy-10,0
scaling: 4B,hard-opus-c-long_policy-11,0
scaling: 4B,hard-opus-c-probability-03,1
scaling: 4B,hard-opus-c-temporal_numeric-02,1
scaling: 4B,hard-opus-c-temporal_numeric-03,0
scaling: 4B,hard-opus-c-temporal_numeric-04,0
scaling: 4B,hard-opus-c-temporal_numeric-06,0
scaling: 4B,hard-opus-c-temporal_numeric-08,1
scaling: 4B,hard-opus-c-temporal_numeric-12,0
scaling: 4B,hard-sol-a-adversarial-01,0
scaling: 4B,hard-sol-a-adversarial-06,1
scaling: 4B,hard-sol-a-adversarial-07,1
scaling: 4B,hard-sol-a-adversarial-08,1
scaling: 4B,hard-sol-a-adversarial-09,1
scaling: 4B,hard-sol-a-adversarial-11,1
scaling: 4B,hard-sol-a-multi_hop-01,1
scaling: 4B,hard-sol-a-multi_hop-02,0
scaling: 4B,hard-sol-a-multi_hop-05,0
scaling: 4B,hard-sol-a-multi_hop-07,0
scaling: 4B,hard-sol-a-multi_hop-08,0
scaling: 4B,hard-sol-a-multi_hop-09,1
scaling: 4B,hard-sol-a-multi_hop-10,0
scaling: 4B,hard-sol-a-multi_hop-12,0
scaling: 4B,hard-sol-a-trap-02,1
scaling: 4B,hard-sol-a-trap-04,1
scaling: 4B,hard-sol-a-trap-05,0
scaling: 4B,hard-sol-a-trap-06,1
scaling: 4B,hard-sol-a-trap-08,0
scaling: 4B,hard-sol-a-trap-10,1
scaling: 4B,hard-sol-a-trap-13,1
scaling: 4B,hard-sol-a-trap-15,0
scaling: 4B,hard-sol-b-judge_hard-01,1
scaling: 4B,hard-sol-b-judge_hard-02,0
scaling: 4B,hard-sol-b-judge_hard-05,1
scaling: 4B,hard-sol-b-judge_hard-08,0
scaling: 4B,hard-sol-b-judge_hard-10,0
scaling: 4B,hard-sol-b-judge_hard-14,0
scaling: 4B,hard-sol-b-judge_hard-15,1
scaling: 4B,hard-sol-b-judge_hard-18,0
scaling: 4B,hard-sol-b-long_policy-01,0
scaling: 4B,hard-sol-b-long_policy-02,1
scaling: 4B,hard-sol-b-long_policy-05,1
scaling: 4B,hard-sol-b-long_policy-06,1
scaling: 4B,hard-sol-b-routing_hard-01,1
scaling: 4B,hard-sol-b-routing_hard-02,1
scaling: 4B,hard-sol-b-routing_hard-03,1
scaling: 4B,hard-sol-b-routing_hard-07,1
scaling: 4B,hard-sol-b-routing_hard-09,1
scaling: 4B,hard-sol-b-temporal_numeric-01,0
scaling: 4B,hard-sol-b-temporal_numeric-02,1
scaling: 4B,hard-sol-b-temporal_numeric-03,0
scaling: 4B,hard-sol-b-temporal_numeric-04,0
scaling: 4B,hard-sol-c-judge_hard-03,0
scaling: 4B,hard-sol-c-judge_hard-05,1
scaling: 4B,hard-sol-c-judge_hard-07,0
scaling: 4B,hard-sol-c-judge_hard-08,0
scaling: 4B,hard-sol-c-judge_hard-09,1
scaling: 4B,hard-sol-c-judge_hard-10,1
scaling: 4B,hard-sol-c-judge_hard-11,1
scaling: 4B,hard-sol-c-judge_hard-13,0
scaling: 4B,hard-sol-c-judge_hard-15,1
scaling: 4B,hard-sol-c-multi_hop-07,0
scaling: 4B,hard-sol-c-multi_hop-09,0
scaling: 4B,hard-sol-c-multi_hop-11,0
scaling: 4B,hard-sol-c-multi_hop-12,0
scaling: 4B,hard-sol-c-multi_hop-13,1
v14 prefix cache,original-policy-01-0,1
v14 prefix cache,original-policy-01-1,1
v14 prefix cache,original-policy-02-0,1
v14 prefix cache,original-policy-02-1,0
v14 prefix cache,original-policy-03-0,1
v14 prefix cache,original-policy-03-1,0
v14 prefix cache,original-policy-04-0,1
v14 prefix cache,original-policy-04-1,1
v14 prefix cache,original-policy-05-0,0
v14 prefix cache,original-policy-05-1,1
v14 prefix cache,original-policy-06-0,1
v14 prefix cache,original-policy-06-1,1
v14 prefix cache,original-intent-01-0,1
v14 prefix cache,original-intent-01-1,1
v14 prefix cache,original-intent-02-0,1
v14 prefix cache,original-intent-02-1,1
v14 prefix cache,original-intent-03-0,1
v14 prefix cache,original-intent-03-1,1
v14 prefix cache,original-intent-04-0,1
v14 prefix cache,original-intent-04-1,1
v14 prefix cache,original-intent-05-0,0
v14 prefix cache,original-intent-05-1,0
v14 prefix cache,original-intent-06-0,1
v14 prefix cache,original-intent-06-1,1
v14 prefix cache,original-ordinal-01-0,1
v14 prefix cache,original-ordinal-01-1,1
v14 prefix cache,original-ordinal-02-0,1
v14 prefix cache,original-ordinal-02-1,1
v14 prefix cache,original-ordinal-03-0,1
v14 prefix cache,original-ordinal-03-1,1
v14 prefix cache,original-ordinal-04-0,1
v14 prefix cache,original-ordinal-04-1,1
v14 prefix cache,original-ordinal-05-0,0
v14 prefix cache,original-ordinal-05-1,1
v14 prefix cache,original-ordinal-06-0,1
v14 prefix cache,original-ordinal-06-1,1
v14 prefix cache,original-extraction-01-0,1
v14 prefix cache,original-extraction-01-1,1
v14 prefix cache,original-extraction-02-0,1
v14 prefix cache,original-extraction-02-1,1
v14 prefix cache,original-extraction-03-0,1
v14 prefix cache,original-extraction-03-1,1
v14 prefix cache,original-extraction-04-0,1
v14 prefix cache,original-extraction-04-1,1
v14 prefix cache,original-extraction-05-0,1
v14 prefix cache,original-extraction-05-1,1
v14 prefix cache,original-extraction-06-0,1
v14 prefix cache,original-extraction-06-1,1
v14 prefix cache,original-adequacy-01-0,1
v14 prefix cache,original-adequacy-01-1,1
v14 prefix cache,original-adequacy-02-0,0
v14 prefix cache,original-adequacy-02-1,1
v14 prefix cache,original-adequacy-03-0,0
v14 prefix cache,original-adequacy-03-1,0
v14 prefix cache,original-adequacy-04-0,1
v14 prefix cache,original-adequacy-04-1,1
v14 prefix cache,original-adequacy-05-0,0
v14 prefix cache,original-adequacy-05-1,0
v14 prefix cache,original-adequacy-06-0,1
v14 prefix cache,original-adequacy-06-1,1
v14 prefix cache,original-routing-01-0,1
v14 prefix cache,original-routing-01-1,1
v14 prefix cache,original-routing-02-0,1
v14 prefix cache,original-routing-02-1,1
v14 prefix cache,original-routing-03-0,1
v14 prefix cache,original-routing-03-1,1
v14 prefix cache,original-routing-04-0,1
v14 prefix cache,original-routing-04-1,1
v14 prefix cache,original-routing-05-0,1
v14 prefix cache,original-routing-05-1,0
v14 prefix cache,original-routing-06-0,1
v14 prefix cache,original-routing-06-1,1
v14 prefix cache,easy-intent-00,1
v14 prefix cache,easy-intent-01,1
v14 prefix cache,easy-intent-02,1
v14 prefix cache,easy-intent-03,1
v14 prefix cache,easy-intent-04,1
v14 prefix cache,easy-intent-05,1
v14 prefix cache,easy-intent-06,1
v14 prefix cache,easy-intent-07,1
v14 prefix cache,easy-intent-08,1
v14 prefix cache,easy-intent-09,1
v14 prefix cache,easy-intent-10,1
v14 prefix cache,easy-intent-11,1
v14 prefix cache,easy-fact-00,1
v14 prefix cache,easy-fact-01,1
v14 prefix cache,easy-fact-02,1
v14 prefix cache,easy-fact-03,1
v14 prefix cache,easy-fact-04,1
v14 prefix cache,easy-fact-05,1
v14 prefix cache,easy-fact-06,1
v14 prefix cache,easy-fact-07,1
v14 prefix cache,easy-fact-08,1
v14 prefix cache,easy-fact-09,1
v14 prefix cache,easy-fact-10,1
v14 prefix cache,easy-fact-11,1
v14 prefix cache,easy-extraction-00,1
v14 prefix cache,easy-extraction-01,1
v14 prefix cache,easy-extraction-02,1
v14 prefix cache,easy-extraction-03,1
v14 prefix cache,easy-extraction-04,1
v14 prefix cache,easy-extraction-05,1
v14 prefix cache,easy-extraction-06,1
v14 prefix cache,easy-extraction-07,1
v14 prefix cache,easy-extraction-08,1
v14 prefix cache,easy-extraction-09,1
v14 prefix cache,easy-extraction-10,1
v14 prefix cache,easy-extraction-11,1
v14 prefix cache,easy-tool_selection-00,1
v14 prefix cache,easy-tool_selection-01,1
v14 prefix cache,easy-tool_selection-02,1
v14 prefix cache,easy-tool_selection-03,1
v14 prefix cache,easy-tool_selection-04,1
v14 prefix cache,easy-tool_selection-05,1
v14 prefix cache,easy-tool_selection-06,1
v14 prefix cache,easy-tool_selection-07,1
v14 prefix cache,easy-tool_selection-08,1
v14 prefix cache,easy-tool_selection-09,1
v14 prefix cache,easy-tool_selection-10,1
v14 prefix cache,easy-tool_selection-11,1
v14 prefix cache,hard-opus-a-long_policy-01,1
v14 prefix cache,hard-opus-a-long_policy-04,0
v14 prefix cache,hard-opus-a-long_policy-08,0
v14 prefix cache,hard-opus-a-long_policy-09,0
v14 prefix cache,hard-opus-a-long_policy-11,0
v14 prefix cache,hard-opus-a-long_policy-13,0
v14 prefix cache,hard-opus-a-long_policy-17,1
v14 prefix cache,hard-opus-a-long_policy-19,0
v14 prefix cache,hard-opus-a-probability-03,1
v14 prefix cache,hard-opus-a-probability-04,0
v14 prefix cache,hard-opus-a-probability-07,0
v14 prefix cache,hard-opus-a-probability-08,1
v14 prefix cache,hard-opus-a-temporal_numeric-03,0
v14 prefix cache,hard-opus-a-temporal_numeric-06,0
v14 prefix cache,hard-opus-a-temporal_numeric-07,0
v14 prefix cache,hard-opus-a-temporal_numeric-09,0
v14 prefix cache,hard-opus-a-temporal_numeric-12,0
v14 prefix cache,hard-opus-b-ambiguous-02,0
v14 prefix cache,hard-opus-b-ambiguous-03,0
v14 prefix cache,hard-opus-b-ambiguous-07,0
v14 prefix cache,hard-opus-b-ambiguous-09,0
v14 prefix cache,hard-opus-b-ambiguous-10,0
v14 prefix cache,hard-opus-b-ambiguous-11,1
v14 prefix cache,hard-opus-b-ambiguous-13,1
v14 prefix cache,hard-opus-b-multi_hop-03,0
v14 prefix cache,hard-opus-b-multi_hop-04,0
v14 prefix cache,hard-opus-b-multi_hop-05,0
v14 prefix cache,hard-opus-b-multi_hop-07,0
v14 prefix cache,hard-opus-b-multi_hop-08,0
v14 prefix cache,hard-opus-b-probability-01,1
v14 prefix cache,hard-opus-b-probability-02,0
v14 prefix cache,hard-opus-b-probability-03,1
v14 prefix cache,hard-opus-b-probability-04,1
v14 prefix cache,hard-opus-b-probability-06,0
v14 prefix cache,hard-opus-b-tradeoff-01,0
v14 prefix cache,hard-opus-b-tradeoff-03,0
v14 prefix cache,hard-opus-b-tradeoff-06,1
v14 prefix cache,hard-opus-b-tradeoff-07,0
v14 prefix cache,hard-opus-b-tradeoff-08,0
v14 prefix cache,hard-opus-b-tradeoff-12,1
v14 prefix cache,hard-opus-c-long_policy-02,1
v14 prefix cache,hard-opus-c-long_policy-03,0
v14 prefix cache,hard-opus-c-long_policy-04,1
v14 prefix cache,hard-opus-c-long_policy-05,0
v14 prefix cache,hard-opus-c-long_policy-08,0
v14 prefix cache,hard-opus-c-long_policy-10,1
v14 prefix cache,hard-opus-c-long_policy-11,0
v14 prefix cache,hard-opus-c-probability-03,0
v14 prefix cache,hard-opus-c-temporal_numeric-02,1
v14 prefix cache,hard-opus-c-temporal_numeric-03,0
v14 prefix cache,hard-opus-c-temporal_numeric-04,0
v14 prefix cache,hard-opus-c-temporal_numeric-06,0
v14 prefix cache,hard-opus-c-temporal_numeric-08,0
v14 prefix cache,hard-opus-c-temporal_numeric-12,1
v14 prefix cache,hard-sol-a-adversarial-01,1
v14 prefix cache,hard-sol-a-adversarial-06,1
v14 prefix cache,hard-sol-a-adversarial-07,1
v14 prefix cache,hard-sol-a-adversarial-08,1
v14 prefix cache,hard-sol-a-adversarial-09,1
v14 prefix cache,hard-sol-a-adversarial-11,0
v14 prefix cache,hard-sol-a-multi_hop-01,1
v14 prefix cache,hard-sol-a-multi_hop-02,0
v14 prefix cache,hard-sol-a-multi_hop-05,1
v14 prefix cache,hard-sol-a-multi_hop-07,1
v14 prefix cache,hard-sol-a-multi_hop-08,0
v14 prefix cache,hard-sol-a-multi_hop-09,1
v14 prefix cache,hard-sol-a-multi_hop-10,1
v14 prefix cache,hard-sol-a-multi_hop-12,0
v14 prefix cache,hard-sol-a-trap-02,1
v14 prefix cache,hard-sol-a-trap-04,1
v14 prefix cache,hard-sol-a-trap-05,0
v14 prefix cache,hard-sol-a-trap-06,1
v14 prefix cache,hard-sol-a-trap-08,0
v14 prefix cache,hard-sol-a-trap-10,1
v14 prefix cache,hard-sol-a-trap-13,1
v14 prefix cache,hard-sol-a-trap-15,1
v14 prefix cache,hard-sol-b-judge_hard-01,1
v14 prefix cache,hard-sol-b-judge_hard-02,0
v14 prefix cache,hard-sol-b-judge_hard-05,1
v14 prefix cache,hard-sol-b-judge_hard-08,0
v14 prefix cache,hard-sol-b-judge_hard-10,0
v14 prefix cache,hard-sol-b-judge_hard-14,0
v14 prefix cache,hard-sol-b-judge_hard-15,1
v14 prefix cache,hard-sol-b-judge_hard-18,0
v14 prefix cache,hard-sol-b-long_policy-01,0
v14 prefix cache,hard-sol-b-long_policy-02,0
v14 prefix cache,hard-sol-b-long_policy-05,1
v14 prefix cache,hard-sol-b-long_policy-06,1
v14 prefix cache,hard-sol-b-routing_hard-01,1
v14 prefix cache,hard-sol-b-routing_hard-02,1
v14 prefix cache,hard-sol-b-routing_hard-03,1
v14 prefix cache,hard-sol-b-routing_hard-07,1
v14 prefix cache,hard-sol-b-routing_hard-09,1
v14 prefix cache,hard-sol-b-temporal_numeric-01,0
v14 prefix cache,hard-sol-b-temporal_numeric-02,1
v14 prefix cache,hard-sol-b-temporal_numeric-03,1
v14 prefix cache,hard-sol-b-temporal_numeric-04,0
v14 prefix cache,hard-sol-c-judge_hard-03,0
v14 prefix cache,hard-sol-c-judge_hard-05,1
v14 prefix cache,hard-sol-c-judge_hard-07,0
v14 prefix cache,hard-sol-c-judge_hard-08,0
v14 prefix cache,hard-sol-c-judge_hard-09,1
v14 prefix cache,hard-sol-c-judge_hard-10,1
v14 prefix cache,hard-sol-c-judge_hard-11,0
v14 prefix cache,hard-sol-c-judge_hard-13,0
v14 prefix cache,hard-sol-c-judge_hard-15,1
v14 prefix cache,hard-sol-c-multi_hop-07,1
v14 prefix cache,hard-sol-c-multi_hop-09,1
v14 prefix cache,hard-sol-c-multi_hop-11,1
v14 prefix cache,hard-sol-c-multi_hop-12,0
v14 prefix cache,hard-sol-c-multi_hop-13,1
decider-2b v10,original-policy-01-0,1
decider-2b v10,original-policy-01-1,1
decider-2b v10,original-policy-02-0,1
decider-2b v10,original-policy-02-1,0
decider-2b v10,original-policy-03-0,1
decider-2b v10,original-policy-03-1,1
decider-2b v10,original-policy-04-0,1
decider-2b v10,original-policy-04-1,1
decider-2b v10,original-policy-05-0,1
decider-2b v10,original-policy-05-1,1
decider-2b v10,original-policy-06-0,1
decider-2b v10,original-policy-06-1,1
decider-2b v10,original-intent-01-0,1
decider-2b v10,original-intent-01-1,1
decider-2b v10,original-intent-02-0,1
decider-2b v10,original-intent-02-1,1
decider-2b v10,original-intent-03-0,1
decider-2b v10,original-intent-03-1,1
decider-2b v10,original-intent-04-0,1
decider-2b v10,original-intent-04-1,1
decider-2b v10,original-intent-05-0,1
decider-2b v10,original-intent-05-1,1
decider-2b v10,original-intent-06-0,1
decider-2b v10,original-intent-06-1,1
decider-2b v10,original-ordinal-01-0,1
decider-2b v10,original-ordinal-01-1,1
decider-2b v10,original-ordinal-02-0,1
decider-2b v10,original-ordinal-02-1,1
decider-2b v10,original-ordinal-03-0,1
decider-2b v10,original-ordinal-03-1,1
decider-2b v10,original-ordinal-04-0,1
decider-2b v10,original-ordinal-04-1,1
decider-2b v10,original-ordinal-05-0,1
decider-2b v10,original-ordinal-05-1,1
decider-2b v10,original-ordinal-06-0,1
decider-2b v10,original-ordinal-06-1,1
decider-2b v10,original-extraction-01-0,1
decider-2b v10,original-extraction-01-1,1
decider-2b v10,original-extraction-02-0,1
decider-2b v10,original-extraction-02-1,1
decider-2b v10,original-extraction-03-0,1
decider-2b v10,original-extraction-03-1,1
decider-2b v10,original-extraction-04-0,1
decider-2b v10,original-extraction-04-1,1
decider-2b v10,original-extraction-05-0,1
decider-2b v10,original-extraction-05-1,0
decider-2b v10,original-extraction-06-0,1
decider-2b v10,original-extraction-06-1,1
decider-2b v10,original-adequacy-01-0,1
decider-2b v10,original-adequacy-01-1,1
decider-2b v10,original-adequacy-02-0,1
decider-2b v10,original-adequacy-02-1,1
decider-2b v10,original-adequacy-03-0,0
decider-2b v10,original-adequacy-03-1,0
decider-2b v10,original-adequacy-04-0,1
decider-2b v10,original-adequacy-04-1,1
decider-2b v10,original-adequacy-05-0,0
decider-2b v10,original-adequacy-05-1,0
decider-2b v10,original-adequacy-06-0,1
decider-2b v10,original-adequacy-06-1,1
decider-2b v10,original-routing-01-0,1
decider-2b v10,original-routing-01-1,1
decider-2b v10,original-routing-02-0,1
decider-2b v10,original-routing-02-1,1
decider-2b v10,original-routing-03-0,1
decider-2b v10,original-routing-03-1,1
decider-2b v10,original-routing-04-0,0
decider-2b v10,original-routing-04-1,1
decider-2b v10,original-routing-05-0,0
decider-2b v10,original-routing-05-1,0
decider-2b v10,original-routing-06-0,1
decider-2b v10,original-routing-06-1,1
decider-2b v10,easy-intent-00,1
decider-2b v10,easy-intent-01,1
decider-2b v10,easy-intent-02,1
decider-2b v10,easy-intent-03,1
decider-2b v10,easy-intent-04,1
decider-2b v10,easy-intent-05,1
decider-2b v10,easy-intent-06,1
decider-2b v10,easy-intent-07,1
decider-2b v10,easy-intent-08,1
decider-2b v10,easy-intent-09,1
decider-2b v10,easy-intent-10,1
decider-2b v10,easy-intent-11,1
decider-2b v10,easy-fact-00,1
decider-2b v10,easy-fact-01,1
decider-2b v10,easy-fact-02,1
decider-2b v10,easy-fact-03,1
decider-2b v10,easy-fact-04,1
decider-2b v10,easy-fact-05,1
decider-2b v10,easy-fact-06,1
decider-2b v10,easy-fact-07,1
decider-2b v10,easy-fact-08,1
decider-2b v10,easy-fact-09,1
decider-2b v10,easy-fact-10,1
decider-2b v10,easy-fact-11,1
decider-2b v10,easy-extraction-00,1
decider-2b v10,easy-extraction-01,1
decider-2b v10,easy-extraction-02,1
decider-2b v10,easy-extraction-03,1
decider-2b v10,easy-extraction-04,1
decider-2b v10,easy-extraction-05,1
decider-2b v10,easy-extraction-06,1
decider-2b v10,easy-extraction-07,1
decider-2b v10,easy-extraction-08,1
decider-2b v10,easy-extraction-09,1
decider-2b v10,easy-extraction-10,1
decider-2b v10,easy-extraction-11,1
decider-2b v10,easy-tool_selection-00,1
decider-2b v10,easy-tool_selection-01,1
decider-2b v10,easy-tool_selection-02,1
decider-2b v10,easy-tool_selection-03,1
decider-2b v10,easy-tool_selection-04,1
decider-2b v10,easy-tool_selection-05,1
decider-2b v10,easy-tool_selection-06,1
decider-2b v10,easy-tool_selection-07,1
decider-2b v10,easy-tool_selection-08,1
decider-2b v10,easy-tool_selection-09,1
decider-2b v10,easy-tool_selection-10,1
decider-2b v10,easy-tool_selection-11,1
decider-2b v10,hard-opus-a-long_policy-01,1
decider-2b v10,hard-opus-a-long_policy-04,0
decider-2b v10,hard-opus-a-long_policy-08,0
decider-2b v10,hard-opus-a-long_policy-09,0
decider-2b v10,hard-opus-a-long_policy-11,0
decider-2b v10,hard-opus-a-long_policy-13,0
decider-2b v10,hard-opus-a-long_policy-17,0
decider-2b v10,hard-opus-a-long_policy-19,0
decider-2b v10,hard-opus-a-probability-03,0
decider-2b v10,hard-opus-a-probability-04,0
decider-2b v10,hard-opus-a-probability-07,0
decider-2b v10,hard-opus-a-probability-08,1
decider-2b v10,hard-opus-a-temporal_numeric-03,0
decider-2b v10,hard-opus-a-temporal_numeric-06,0
decider-2b v10,hard-opus-a-temporal_numeric-07,1
decider-2b v10,hard-opus-a-temporal_numeric-09,0
decider-2b v10,hard-opus-a-temporal_numeric-12,0
decider-2b v10,hard-opus-b-ambiguous-02,0
decider-2b v10,hard-opus-b-ambiguous-03,0
decider-2b v10,hard-opus-b-ambiguous-07,0
decider-2b v10,hard-opus-b-ambiguous-09,0
decider-2b v10,hard-opus-b-ambiguous-10,0
decider-2b v10,hard-opus-b-ambiguous-11,1
decider-2b v10,hard-opus-b-ambiguous-13,1
decider-2b v10,hard-opus-b-multi_hop-03,0
decider-2b v10,hard-opus-b-multi_hop-04,0
decider-2b v10,hard-opus-b-multi_hop-05,0
decider-2b v10,hard-opus-b-multi_hop-07,0
decider-2b v10,hard-opus-b-multi_hop-08,0
decider-2b v10,hard-opus-b-probability-01,1
decider-2b v10,hard-opus-b-probability-02,0
decider-2b v10,hard-opus-b-probability-03,0
decider-2b v10,hard-opus-b-probability-04,1
decider-2b v10,hard-opus-b-probability-06,0
decider-2b v10,hard-opus-b-tradeoff-01,0
decider-2b v10,hard-opus-b-tradeoff-03,0
decider-2b v10,hard-opus-b-tradeoff-06,0
decider-2b v10,hard-opus-b-tradeoff-07,0
decider-2b v10,hard-opus-b-tradeoff-08,0
decider-2b v10,hard-opus-b-tradeoff-12,1
decider-2b v10,hard-opus-c-long_policy-02,1
decider-2b v10,hard-opus-c-long_policy-03,0
decider-2b v10,hard-opus-c-long_policy-04,1
decider-2b v10,hard-opus-c-long_policy-05,0
decider-2b v10,hard-opus-c-long_policy-08,0
decider-2b v10,hard-opus-c-long_policy-10,0
decider-2b v10,hard-opus-c-long_policy-11,0
decider-2b v10,hard-opus-c-probability-03,1
decider-2b v10,hard-opus-c-temporal_numeric-02,0
decider-2b v10,hard-opus-c-temporal_numeric-03,0
decider-2b v10,hard-opus-c-temporal_numeric-04,0
decider-2b v10,hard-opus-c-temporal_numeric-06,0
decider-2b v10,hard-opus-c-temporal_numeric-08,0
decider-2b v10,hard-opus-c-temporal_numeric-12,1
decider-2b v10,hard-sol-a-adversarial-01,0
decider-2b v10,hard-sol-a-adversarial-06,1
decider-2b v10,hard-sol-a-adversarial-07,0
decider-2b v10,hard-sol-a-adversarial-08,1
decider-2b v10,hard-sol-a-adversarial-09,1
decider-2b v10,hard-sol-a-adversarial-11,0
decider-2b v10,hard-sol-a-multi_hop-01,1
decider-2b v10,hard-sol-a-multi_hop-02,0
decider-2b v10,hard-sol-a-multi_hop-05,1
decider-2b v10,hard-sol-a-multi_hop-07,1
decider-2b v10,hard-sol-a-multi_hop-08,1
decider-2b v10,hard-sol-a-multi_hop-09,1
decider-2b v10,hard-sol-a-multi_hop-10,0
decider-2b v10,hard-sol-a-multi_hop-12,0
decider-2b v10,hard-sol-a-trap-02,1
decider-2b v10,hard-sol-a-trap-04,1
decider-2b v10,hard-sol-a-trap-05,1
decider-2b v10,hard-sol-a-trap-06,1
decider-2b v10,hard-sol-a-trap-08,1
decider-2b v10,hard-sol-a-trap-10,1
decider-2b v10,hard-sol-a-trap-13,1
decider-2b v10,hard-sol-a-trap-15,1
decider-2b v10,hard-sol-b-judge_hard-01,1
decider-2b v10,hard-sol-b-judge_hard-02,0
decider-2b v10,hard-sol-b-judge_hard-05,1
decider-2b v10,hard-sol-b-judge_hard-08,0
decider-2b v10,hard-sol-b-judge_hard-10,0
decider-2b v10,hard-sol-b-judge_hard-14,1
decider-2b v10,hard-sol-b-judge_hard-15,1
decider-2b v10,hard-sol-b-judge_hard-18,0
decider-2b v10,hard-sol-b-long_policy-01,1
decider-2b v10,hard-sol-b-long_policy-02,0
decider-2b v10,hard-sol-b-long_policy-05,0
decider-2b v10,hard-sol-b-long_policy-06,1
decider-2b v10,hard-sol-b-routing_hard-01,1
decider-2b v10,hard-sol-b-routing_hard-02,1
decider-2b v10,hard-sol-b-routing_hard-03,1
decider-2b v10,hard-sol-b-routing_hard-07,1
decider-2b v10,hard-sol-b-routing_hard-09,1
decider-2b v10,hard-sol-b-temporal_numeric-01,0
decider-2b v10,hard-sol-b-temporal_numeric-02,1
decider-2b v10,hard-sol-b-temporal_numeric-03,1
decider-2b v10,hard-sol-b-temporal_numeric-04,1
decider-2b v10,hard-sol-c-judge_hard-03,0
decider-2b v10,hard-sol-c-judge_hard-05,1
decider-2b v10,hard-sol-c-judge_hard-07,0
decider-2b v10,hard-sol-c-judge_hard-08,0
decider-2b v10,hard-sol-c-judge_hard-09,1
decider-2b v10,hard-sol-c-judge_hard-10,1
decider-2b v10,hard-sol-c-judge_hard-11,1
decider-2b v10,hard-sol-c-judge_hard-13,0
decider-2b v10,hard-sol-c-judge_hard-15,1
decider-2b v10,hard-sol-c-multi_hop-07,1
decider-2b v10,hard-sol-c-multi_hop-09,1
decider-2b v10,hard-sol-c-multi_hop-11,1
decider-2b v10,hard-sol-c-multi_hop-12,0
decider-2b v10,hard-sol-c-multi_hop-13,1
decider-2b v11,original-policy-01-0,1
decider-2b v11,original-policy-01-1,1
decider-2b v11,original-policy-02-0,1
decider-2b v11,original-policy-02-1,0
decider-2b v11,original-policy-03-0,1
decider-2b v11,original-policy-03-1,0
decider-2b v11,original-policy-04-0,1
decider-2b v11,original-policy-04-1,1
decider-2b v11,original-policy-05-0,1
decider-2b v11,original-policy-05-1,1
decider-2b v11,original-policy-06-0,1
decider-2b v11,original-policy-06-1,1
decider-2b v11,original-intent-01-0,1
decider-2b v11,original-intent-01-1,1
decider-2b v11,original-intent-02-0,1
decider-2b v11,original-intent-02-1,1
decider-2b v11,original-intent-03-0,1
decider-2b v11,original-intent-03-1,1
decider-2b v11,original-intent-04-0,1
decider-2b v11,original-intent-04-1,1
decider-2b v11,original-intent-05-0,1
decider-2b v11,original-intent-05-1,1
decider-2b v11,original-intent-06-0,1
decider-2b v11,original-intent-06-1,1
decider-2b v11,original-ordinal-01-0,1
decider-2b v11,original-ordinal-01-1,1
decider-2b v11,original-ordinal-02-0,1
decider-2b v11,original-ordinal-02-1,1
decider-2b v11,original-ordinal-03-0,1
decider-2b v11,original-ordinal-03-1,1
decider-2b v11,original-ordinal-04-0,1
decider-2b v11,original-ordinal-04-1,1
decider-2b v11,original-ordinal-05-0,1
decider-2b v11,original-ordinal-05-1,1
decider-2b v11,original-ordinal-06-0,1
decider-2b v11,original-ordinal-06-1,1
decider-2b v11,original-extraction-01-0,1
decider-2b v11,original-extraction-01-1,1
decider-2b v11,original-extraction-02-0,1
decider-2b v11,original-extraction-02-1,1
decider-2b v11,original-extraction-03-0,1
decider-2b v11,original-extraction-03-1,1
decider-2b v11,original-extraction-04-0,1
decider-2b v11,original-extraction-04-1,1
decider-2b v11,original-extraction-05-0,1
decider-2b v11,original-extraction-05-1,1
decider-2b v11,original-extraction-06-0,1
decider-2b v11,original-extraction-06-1,1
decider-2b v11,original-adequacy-01-0,1
decider-2b v11,original-adequacy-01-1,1
decider-2b v11,original-adequacy-02-0,1
decider-2b v11,original-adequacy-02-1,1
decider-2b v11,original-adequacy-03-0,0
decider-2b v11,original-adequacy-03-1,0
decider-2b v11,original-adequacy-04-0,1
decider-2b v11,original-adequacy-04-1,1
decider-2b v11,original-adequacy-05-0,0
decider-2b v11,original-adequacy-05-1,0
decider-2b v11,original-adequacy-06-0,1
decider-2b v11,original-adequacy-06-1,1
decider-2b v11,original-routing-01-0,1
decider-2b v11,original-routing-01-1,1
decider-2b v11,original-routing-02-0,1
decider-2b v11,original-routing-02-1,1
decider-2b v11,original-routing-03-0,1
decider-2b v11,original-routing-03-1,1
decider-2b v11,original-routing-04-0,1
decider-2b v11,original-routing-04-1,1
decider-2b v11,original-routing-05-0,0
decider-2b v11,original-routing-05-1,0
decider-2b v11,original-routing-06-0,1
decider-2b v11,original-routing-06-1,1
decider-2b v11,easy-intent-00,1
decider-2b v11,easy-intent-01,1
decider-2b v11,easy-intent-02,1
decider-2b v11,easy-intent-03,1
decider-2b v11,easy-intent-04,1
decider-2b v11,easy-intent-05,1
decider-2b v11,easy-intent-06,1
decider-2b v11,easy-intent-07,1
decider-2b v11,easy-intent-08,1
decider-2b v11,easy-intent-09,1
decider-2b v11,easy-intent-10,1
decider-2b v11,easy-intent-11,1
decider-2b v11,easy-fact-00,1
decider-2b v11,easy-fact-01,1
decider-2b v11,easy-fact-02,1
decider-2b v11,easy-fact-03,1
decider-2b v11,easy-fact-04,1
decider-2b v11,easy-fact-05,1
decider-2b v11,easy-fact-06,1
decider-2b v11,easy-fact-07,1
decider-2b v11,easy-fact-08,1
decider-2b v11,easy-fact-09,1
decider-2b v11,easy-fact-10,1
decider-2b v11,easy-fact-11,1
decider-2b v11,easy-extraction-00,1
decider-2b v11,easy-extraction-01,1
decider-2b v11,easy-extraction-02,1
decider-2b v11,easy-extraction-03,1
decider-2b v11,easy-extraction-04,1
decider-2b v11,easy-extraction-05,1
decider-2b v11,easy-extraction-06,1
decider-2b v11,easy-extraction-07,1
decider-2b v11,easy-extraction-08,1
decider-2b v11,easy-extraction-09,1
decider-2b v11,easy-extraction-10,1
decider-2b v11,easy-extraction-11,1
decider-2b v11,easy-tool_selection-00,1
decider-2b v11,easy-tool_selection-01,1
decider-2b v11,easy-tool_selection-02,1
decider-2b v11,easy-tool_selection-03,1
decider-2b v11,easy-tool_selection-04,1
decider-2b v11,easy-tool_selection-05,1
decider-2b v11,easy-tool_selection-06,1
decider-2b v11,easy-tool_selection-07,1
decider-2b v11,easy-tool_selection-08,1
decider-2b v11,easy-tool_selection-09,1
decider-2b v11,easy-tool_selection-10,1
decider-2b v11,easy-tool_selection-11,1
decider-2b v11,hard-opus-a-long_policy-01,1
decider-2b v11,hard-opus-a-long_policy-04,0
decider-2b v11,hard-opus-a-long_policy-08,1
decider-2b v11,hard-opus-a-long_policy-09,0
decider-2b v11,hard-opus-a-long_policy-11,0
decider-2b v11,hard-opus-a-long_policy-13,0
decider-2b v11,hard-opus-a-long_policy-17,0
decider-2b v11,hard-opus-a-long_policy-19,1
decider-2b v11,hard-opus-a-probability-03,0
decider-2b v11,hard-opus-a-probability-04,1
decider-2b v11,hard-opus-a-probability-07,1
decider-2b v11,hard-opus-a-probability-08,1
decider-2b v11,hard-opus-a-temporal_numeric-03,0
decider-2b v11,hard-opus-a-temporal_numeric-06,1
decider-2b v11,hard-opus-a-temporal_numeric-07,0
decider-2b v11,hard-opus-a-temporal_numeric-09,0
decider-2b v11,hard-opus-a-temporal_numeric-12,0
decider-2b v11,hard-opus-b-ambiguous-02,0
decider-2b v11,hard-opus-b-ambiguous-03,1
decider-2b v11,hard-opus-b-ambiguous-07,0
decider-2b v11,hard-opus-b-ambiguous-09,0
decider-2b v11,hard-opus-b-ambiguous-10,0
decider-2b v11,hard-opus-b-ambiguous-11,1
decider-2b v11,hard-opus-b-ambiguous-13,1
decider-2b v11,hard-opus-b-multi_hop-03,1
decider-2b v11,hard-opus-b-multi_hop-04,0
decider-2b v11,hard-opus-b-multi_hop-05,1
decider-2b v11,hard-opus-b-multi_hop-07,0
decider-2b v11,hard-opus-b-multi_hop-08,1
decider-2b v11,hard-opus-b-probability-01,1
decider-2b v11,hard-opus-b-probability-02,0
decider-2b v11,hard-opus-b-probability-03,1
decider-2b v11,hard-opus-b-probability-04,1
decider-2b v11,hard-opus-b-probability-06,1
decider-2b v11,hard-opus-b-tradeoff-01,0
decider-2b v11,hard-opus-b-tradeoff-03,1
decider-2b v11,hard-opus-b-tradeoff-06,0
decider-2b v11,hard-opus-b-tradeoff-07,1
decider-2b v11,hard-opus-b-tradeoff-08,0
decider-2b v11,hard-opus-b-tradeoff-12,1
decider-2b v11,hard-opus-c-long_policy-02,0
decider-2b v11,hard-opus-c-long_policy-03,0
decider-2b v11,hard-opus-c-long_policy-04,1
decider-2b v11,hard-opus-c-long_policy-05,0
decider-2b v11,hard-opus-c-long_policy-08,1
decider-2b v11,hard-opus-c-long_policy-10,1
decider-2b v11,hard-opus-c-long_policy-11,1
decider-2b v11,hard-opus-c-probability-03,0
decider-2b v11,hard-opus-c-temporal_numeric-02,0
decider-2b v11,hard-opus-c-temporal_numeric-03,0
decider-2b v11,hard-opus-c-temporal_numeric-04,0
decider-2b v11,hard-opus-c-temporal_numeric-06,0
decider-2b v11,hard-opus-c-temporal_numeric-08,0
decider-2b v11,hard-opus-c-temporal_numeric-12,1
decider-2b v11,hard-sol-a-adversarial-01,1
decider-2b v11,hard-sol-a-adversarial-06,1
decider-2b v11,hard-sol-a-adversarial-07,1
decider-2b v11,hard-sol-a-adversarial-08,1
decider-2b v11,hard-sol-a-adversarial-09,1
decider-2b v11,hard-sol-a-adversarial-11,1
decider-2b v11,hard-sol-a-multi_hop-01,0
decider-2b v11,hard-sol-a-multi_hop-02,1
decider-2b v11,hard-sol-a-multi_hop-05,1
decider-2b v11,hard-sol-a-multi_hop-07,0
decider-2b v11,hard-sol-a-multi_hop-08,1
decider-2b v11,hard-sol-a-multi_hop-09,1
decider-2b v11,hard-sol-a-multi_hop-10,1
decider-2b v11,hard-sol-a-multi_hop-12,0
decider-2b v11,hard-sol-a-trap-02,1
decider-2b v11,hard-sol-a-trap-04,1
decider-2b v11,hard-sol-a-trap-05,1
decider-2b v11,hard-sol-a-trap-06,1
decider-2b v11,hard-sol-a-trap-08,1
decider-2b v11,hard-sol-a-trap-10,1
decider-2b v11,hard-sol-a-trap-13,1
decider-2b v11,hard-sol-a-trap-15,1
decider-2b v11,hard-sol-b-judge_hard-01,1
decider-2b v11,hard-sol-b-judge_hard-02,0
decider-2b v11,hard-sol-b-judge_hard-05,1
decider-2b v11,hard-sol-b-judge_hard-08,0
decider-2b v11,hard-sol-b-judge_hard-10,1
decider-2b v11,hard-sol-b-judge_hard-14,1
decider-2b v11,hard-sol-b-judge_hard-15,1
decider-2b v11,hard-sol-b-judge_hard-18,0
decider-2b v11,hard-sol-b-long_policy-01,1
decider-2b v11,hard-sol-b-long_policy-02,0
decider-2b v11,hard-sol-b-long_policy-05,0
decider-2b v11,hard-sol-b-long_policy-06,0
decider-2b v11,hard-sol-b-routing_hard-01,1
decider-2b v11,hard-sol-b-routing_hard-02,1
decider-2b v11,hard-sol-b-routing_hard-03,1
decider-2b v11,hard-sol-b-routing_hard-07,1
decider-2b v11,hard-sol-b-routing_hard-09,1
decider-2b v11,hard-sol-b-temporal_numeric-01,0
decider-2b v11,hard-sol-b-temporal_numeric-02,0
decider-2b v11,hard-sol-b-temporal_numeric-03,1
decider-2b v11,hard-sol-b-temporal_numeric-04,0
decider-2b v11,hard-sol-c-judge_hard-03,0
decider-2b v11,hard-sol-c-judge_hard-05,1
decider-2b v11,hard-sol-c-judge_hard-07,0
decider-2b v11,hard-sol-c-judge_hard-08,0
decider-2b v11,hard-sol-c-judge_hard-09,1
decider-2b v11,hard-sol-c-judge_hard-10,1
decider-2b v11,hard-sol-c-judge_hard-11,1
decider-2b v11,hard-sol-c-judge_hard-13,0
decider-2b v11,hard-sol-c-judge_hard-15,1
decider-2b v11,hard-sol-c-multi_hop-07,0
decider-2b v11,hard-sol-c-multi_hop-09,0
decider-2b v11,hard-sol-c-multi_hop-11,1
decider-2b v11,hard-sol-c-multi_hop-12,0
decider-2b v11,hard-sol-c-multi_hop-13,1
"Qwen3.5-4B, frozen",original-policy-01-0,1
"Qwen3.5-4B, frozen",original-policy-01-1,1
"Qwen3.5-4B, frozen",original-policy-02-0,1
"Qwen3.5-4B, frozen",original-policy-02-1,0
"Qwen3.5-4B, frozen",original-policy-03-0,1
"Qwen3.5-4B, frozen",original-policy-03-1,1
"Qwen3.5-4B, frozen",original-policy-04-0,1
"Qwen3.5-4B, frozen",original-policy-04-1,1
"Qwen3.5-4B, frozen",original-policy-05-0,1
"Qwen3.5-4B, frozen",original-policy-05-1,1
"Qwen3.5-4B, frozen",original-policy-06-0,1
"Qwen3.5-4B, frozen",original-policy-06-1,1
"Qwen3.5-4B, frozen",original-intent-01-0,1
"Qwen3.5-4B, frozen",original-intent-01-1,1
"Qwen3.5-4B, frozen",original-intent-02-0,1
"Qwen3.5-4B, frozen",original-intent-02-1,1
"Qwen3.5-4B, frozen",original-intent-03-0,1
"Qwen3.5-4B, frozen",original-intent-03-1,1
"Qwen3.5-4B, frozen",original-intent-04-0,1
"Qwen3.5-4B, frozen",original-intent-04-1,1
"Qwen3.5-4B, frozen",original-intent-05-0,1
"Qwen3.5-4B, frozen",original-intent-05-1,1
"Qwen3.5-4B, frozen",original-intent-06-0,1
"Qwen3.5-4B, frozen",original-intent-06-1,1
"Qwen3.5-4B, frozen",original-ordinal-01-0,1
"Qwen3.5-4B, frozen",original-ordinal-01-1,1
"Qwen3.5-4B, frozen",original-ordinal-02-0,1
"Qwen3.5-4B, frozen",original-ordinal-02-1,1
"Qwen3.5-4B, frozen",original-ordinal-03-0,1
"Qwen3.5-4B, frozen",original-ordinal-03-1,1
"Qwen3.5-4B, frozen",original-ordinal-04-0,1
"Qwen3.5-4B, frozen",original-ordinal-04-1,1
"Qwen3.5-4B, frozen",original-ordinal-05-0,1
"Qwen3.5-4B, frozen",original-ordinal-05-1,1
"Qwen3.5-4B, frozen",original-ordinal-06-0,1
"Qwen3.5-4B, frozen",original-ordinal-06-1,1
"Qwen3.5-4B, frozen",original-extraction-01-0,1
"Qwen3.5-4B, frozen",original-extraction-01-1,1
"Qwen3.5-4B, frozen",original-extraction-02-0,1
"Qwen3.5-4B, frozen",original-extraction-02-1,1
"Qwen3.5-4B, frozen",original-extraction-03-0,1
"Qwen3.5-4B, frozen",original-extraction-03-1,1
"Qwen3.5-4B, frozen",original-extraction-04-0,1
"Qwen3.5-4B, frozen",original-extraction-04-1,1
"Qwen3.5-4B, frozen",original-extraction-05-0,1
"Qwen3.5-4B, frozen",original-extraction-05-1,1
"Qwen3.5-4B, frozen",original-extraction-06-0,1
"Qwen3.5-4B, frozen",original-extraction-06-1,1
"Qwen3.5-4B, frozen",original-adequacy-01-0,1
"Qwen3.5-4B, frozen",original-adequacy-01-1,1
"Qwen3.5-4B, frozen",original-adequacy-02-0,1
"Qwen3.5-4B, frozen",original-adequacy-02-1,1
"Qwen3.5-4B, frozen",original-adequacy-03-0,1
"Qwen3.5-4B, frozen",original-adequacy-03-1,1
"Qwen3.5-4B, frozen",original-adequacy-04-0,1
"Qwen3.5-4B, frozen",original-adequacy-04-1,1
"Qwen3.5-4B, frozen",original-adequacy-05-0,1
"Qwen3.5-4B, frozen",original-adequacy-05-1,1
"Qwen3.5-4B, frozen",original-adequacy-06-0,1
"Qwen3.5-4B, frozen",original-adequacy-06-1,1
"Qwen3.5-4B, frozen",original-routing-01-0,1
"Qwen3.5-4B, frozen",original-routing-01-1,1
"Qwen3.5-4B, frozen",original-routing-02-0,1
"Qwen3.5-4B, frozen",original-routing-02-1,1
"Qwen3.5-4B, frozen",original-routing-03-0,1
"Qwen3.5-4B, frozen",original-routing-03-1,1
"Qwen3.5-4B, frozen",original-routing-04-0,1
"Qwen3.5-4B, frozen",original-routing-04-1,1
"Qwen3.5-4B, frozen",original-routing-05-0,1
"Qwen3.5-4B, frozen",original-routing-05-1,1
"Qwen3.5-4B, frozen",original-routing-06-0,1
"Qwen3.5-4B, frozen",original-routing-06-1,1
"Qwen3.5-4B, frozen",easy-intent-00,1
"Qwen3.5-4B, frozen",easy-intent-01,1
"Qwen3.5-4B, frozen",easy-intent-02,1
"Qwen3.5-4B, frozen",easy-intent-03,1
"Qwen3.5-4B, frozen",easy-intent-04,1
"Qwen3.5-4B, frozen",easy-intent-05,1
"Qwen3.5-4B, frozen",easy-intent-06,1
"Qwen3.5-4B, frozen",easy-intent-07,1
"Qwen3.5-4B, frozen",easy-intent-08,1
"Qwen3.5-4B, frozen",easy-intent-09,1
"Qwen3.5-4B, frozen",easy-intent-10,1
"Qwen3.5-4B, frozen",easy-intent-11,1
"Qwen3.5-4B, frozen",easy-fact-00,1
"Qwen3.5-4B, frozen",easy-fact-01,1
"Qwen3.5-4B, frozen",easy-fact-02,1
"Qwen3.5-4B, frozen",easy-fact-03,1
"Qwen3.5-4B, frozen",easy-fact-04,1
"Qwen3.5-4B, frozen",easy-fact-05,0
"Qwen3.5-4B, frozen",easy-fact-06,1
"Qwen3.5-4B, frozen",easy-fact-07,1
"Qwen3.5-4B, frozen",easy-fact-08,1
"Qwen3.5-4B, frozen",easy-fact-09,1
"Qwen3.5-4B, frozen",easy-fact-10,1
"Qwen3.5-4B, frozen",easy-fact-11,1
"Qwen3.5-4B, frozen",easy-extraction-00,1
"Qwen3.5-4B, frozen",easy-extraction-01,1
"Qwen3.5-4B, frozen",easy-extraction-02,1
"Qwen3.5-4B, frozen",easy-extraction-03,1
"Qwen3.5-4B, frozen",easy-extraction-04,1
"Qwen3.5-4B, frozen",easy-extraction-05,1
"Qwen3.5-4B, frozen",easy-extraction-06,1
"Qwen3.5-4B, frozen",easy-extraction-07,1
"Qwen3.5-4B, frozen",easy-extraction-08,1
"Qwen3.5-4B, frozen",easy-extraction-09,1
"Qwen3.5-4B, frozen",easy-extraction-10,1
"Qwen3.5-4B, frozen",easy-extraction-11,1
"Qwen3.5-4B, frozen",easy-tool_selection-00,1
"Qwen3.5-4B, frozen",easy-tool_selection-01,1
"Qwen3.5-4B, frozen",easy-tool_selection-02,1
"Qwen3.5-4B, frozen",easy-tool_selection-03,1
"Qwen3.5-4B, frozen",easy-tool_selection-04,1
"Qwen3.5-4B, frozen",easy-tool_selection-05,1
"Qwen3.5-4B, frozen",easy-tool_selection-06,1
"Qwen3.5-4B, frozen",easy-tool_selection-07,1
"Qwen3.5-4B, frozen",easy-tool_selection-08,1
"Qwen3.5-4B, frozen",easy-tool_selection-09,1
"Qwen3.5-4B, frozen",easy-tool_selection-10,1
"Qwen3.5-4B, frozen",easy-tool_selection-11,1
"Qwen3.5-4B, frozen",hard-opus-a-long_policy-01,1
"Qwen3.5-4B, frozen",hard-opus-a-long_policy-04,0
"Qwen3.5-4B, frozen",hard-opus-a-long_policy-08,1
"Qwen3.5-4B, frozen",hard-opus-a-long_policy-09,1
"Qwen3.5-4B, frozen",hard-opus-a-long_policy-11,1
"Qwen3.5-4B, frozen",hard-opus-a-long_policy-13,0
"Qwen3.5-4B, frozen",hard-opus-a-long_policy-17,0
"Qwen3.5-4B, frozen",hard-opus-a-long_policy-19,1
"Qwen3.5-4B, frozen",hard-opus-a-probability-03,0
"Qwen3.5-4B, frozen",hard-opus-a-probability-04,0
"Qwen3.5-4B, frozen",hard-opus-a-probability-07,0
"Qwen3.5-4B, frozen",hard-opus-a-probability-08,1
"Qwen3.5-4B, frozen",hard-opus-a-temporal_numeric-03,1
"Qwen3.5-4B, frozen",hard-opus-a-temporal_numeric-06,0
"Qwen3.5-4B, frozen",hard-opus-a-temporal_numeric-07,0
"Qwen3.5-4B, frozen",hard-opus-a-temporal_numeric-09,1
"Qwen3.5-4B, frozen",hard-opus-a-temporal_numeric-12,0
"Qwen3.5-4B, frozen",hard-opus-b-ambiguous-02,1
"Qwen3.5-4B, frozen",hard-opus-b-ambiguous-03,0
"Qwen3.5-4B, frozen",hard-opus-b-ambiguous-07,0
"Qwen3.5-4B, frozen",hard-opus-b-ambiguous-09,1
"Qwen3.5-4B, frozen",hard-opus-b-ambiguous-10,1
"Qwen3.5-4B, frozen",hard-opus-b-ambiguous-11,1
"Qwen3.5-4B, frozen",hard-opus-b-ambiguous-13,1
"Qwen3.5-4B, frozen",hard-opus-b-multi_hop-03,0
"Qwen3.5-4B, frozen",hard-opus-b-multi_hop-04,0
"Qwen3.5-4B, frozen",hard-opus-b-multi_hop-05,0
"Qwen3.5-4B, frozen",hard-opus-b-multi_hop-07,0
"Qwen3.5-4B, frozen",hard-opus-b-multi_hop-08,1
"Qwen3.5-4B, frozen",hard-opus-b-probability-01,1
"Qwen3.5-4B, frozen",hard-opus-b-probability-02,0
"Qwen3.5-4B, frozen",hard-opus-b-probability-03,0
"Qwen3.5-4B, frozen",hard-opus-b-probability-04,1
"Qwen3.5-4B, frozen",hard-opus-b-probability-06,0
"Qwen3.5-4B, frozen",hard-opus-b-tradeoff-01,1
"Qwen3.5-4B, frozen",hard-opus-b-tradeoff-03,1
"Qwen3.5-4B, frozen",hard-opus-b-tradeoff-06,0
"Qwen3.5-4B, frozen",hard-opus-b-tradeoff-07,0
"Qwen3.5-4B, frozen",hard-opus-b-tradeoff-08,1
"Qwen3.5-4B, frozen",hard-opus-b-tradeoff-12,1
"Qwen3.5-4B, frozen",hard-opus-c-long_policy-02,1
"Qwen3.5-4B, frozen",hard-opus-c-long_policy-03,0
"Qwen3.5-4B, frozen",hard-opus-c-long_policy-04,1
"Qwen3.5-4B, frozen",hard-opus-c-long_policy-05,0
"Qwen3.5-4B, frozen",hard-opus-c-long_policy-08,0
"Qwen3.5-4B, frozen",hard-opus-c-long_policy-10,0
"Qwen3.5-4B, frozen",hard-opus-c-long_policy-11,0
"Qwen3.5-4B, frozen",hard-opus-c-probability-03,1
"Qwen3.5-4B, frozen",hard-opus-c-temporal_numeric-02,0
"Qwen3.5-4B, frozen",hard-opus-c-temporal_numeric-03,0
"Qwen3.5-4B, frozen",hard-opus-c-temporal_numeric-04,0
"Qwen3.5-4B, frozen",hard-opus-c-temporal_numeric-06,0
"Qwen3.5-4B, frozen",hard-opus-c-temporal_numeric-08,0
"Qwen3.5-4B, frozen",hard-opus-c-temporal_numeric-12,1
"Qwen3.5-4B, frozen",hard-sol-a-adversarial-01,1
"Qwen3.5-4B, frozen",hard-sol-a-adversarial-06,1
"Qwen3.5-4B, frozen",hard-sol-a-adversarial-07,1
"Qwen3.5-4B, frozen",hard-sol-a-adversarial-08,1
"Qwen3.5-4B, frozen",hard-sol-a-adversarial-09,0
"Qwen3.5-4B, frozen",hard-sol-a-adversarial-11,0
"Qwen3.5-4B, frozen",hard-sol-a-multi_hop-01,1
"Qwen3.5-4B, frozen",hard-sol-a-multi_hop-02,1
"Qwen3.5-4B, frozen",hard-sol-a-multi_hop-05,1
"Qwen3.5-4B, frozen",hard-sol-a-multi_hop-07,1
"Qwen3.5-4B, frozen",hard-sol-a-multi_hop-08,1
"Qwen3.5-4B, frozen",hard-sol-a-multi_hop-09,1
"Qwen3.5-4B, frozen",hard-sol-a-multi_hop-10,0
"Qwen3.5-4B, frozen",hard-sol-a-multi_hop-12,0
"Qwen3.5-4B, frozen",hard-sol-a-trap-02,1
"Qwen3.5-4B, frozen",hard-sol-a-trap-04,1
"Qwen3.5-4B, frozen",hard-sol-a-trap-05,1
"Qwen3.5-4B, frozen",hard-sol-a-trap-06,1
"Qwen3.5-4B, frozen",hard-sol-a-trap-08,1
"Qwen3.5-4B, frozen",hard-sol-a-trap-10,1
"Qwen3.5-4B, frozen",hard-sol-a-trap-13,1
"Qwen3.5-4B, frozen",hard-sol-a-trap-15,1
"Qwen3.5-4B, frozen",hard-sol-b-judge_hard-01,1
"Qwen3.5-4B, frozen",hard-sol-b-judge_hard-02,0
"Qwen3.5-4B, frozen",hard-sol-b-judge_hard-05,1
"Qwen3.5-4B, frozen",hard-sol-b-judge_hard-08,0
"Qwen3.5-4B, frozen",hard-sol-b-judge_hard-10,1
"Qwen3.5-4B, frozen",hard-sol-b-judge_hard-14,1
"Qwen3.5-4B, frozen",hard-sol-b-judge_hard-15,1
"Qwen3.5-4B, frozen",hard-sol-b-judge_hard-18,1
"Qwen3.5-4B, frozen",hard-sol-b-long_policy-01,0
"Qwen3.5-4B, frozen",hard-sol-b-long_policy-02,1
"Qwen3.5-4B, frozen",hard-sol-b-long_policy-05,1
"Qwen3.5-4B, frozen",hard-sol-b-long_policy-06,1
"Qwen3.5-4B, frozen",hard-sol-b-routing_hard-01,1
"Qwen3.5-4B, frozen",hard-sol-b-routing_hard-02,1
"Qwen3.5-4B, frozen",hard-sol-b-routing_hard-03,1
"Qwen3.5-4B, frozen",hard-sol-b-routing_hard-07,1
"Qwen3.5-4B, frozen",hard-sol-b-routing_hard-09,1
"Qwen3.5-4B, frozen",hard-sol-b-temporal_numeric-01,0
"Qwen3.5-4B, frozen",hard-sol-b-temporal_numeric-02,0
"Qwen3.5-4B, frozen",hard-sol-b-temporal_numeric-03,0
"Qwen3.5-4B, frozen",hard-sol-b-temporal_numeric-04,0
"Qwen3.5-4B, frozen",hard-sol-c-judge_hard-03,1
"Qwen3.5-4B, frozen",hard-sol-c-judge_hard-05,0
"Qwen3.5-4B, frozen",hard-sol-c-judge_hard-07,1
"Qwen3.5-4B, frozen",hard-sol-c-judge_hard-08,1
"Qwen3.5-4B, frozen",hard-sol-c-judge_hard-09,0
"Qwen3.5-4B, frozen",hard-sol-c-judge_hard-10,1
"Qwen3.5-4B, frozen",hard-sol-c-judge_hard-11,1
"Qwen3.5-4B, frozen",hard-sol-c-judge_hard-13,1
"Qwen3.5-4B, frozen",hard-sol-c-judge_hard-15,1
"Qwen3.5-4B, frozen",hard-sol-c-multi_hop-07,1
"Qwen3.5-4B, frozen",hard-sol-c-multi_hop-09,1
"Qwen3.5-4B, frozen",hard-sol-c-multi_hop-11,1
"Qwen3.5-4B, frozen",hard-sol-c-multi_hop-12,1
"Qwen3.5-4B, frozen",hard-sol-c-multi_hop-13,1
"Qwen3.5-2B, frozen",original-policy-01-0,1
"Qwen3.5-2B, frozen",original-policy-01-1,1
"Qwen3.5-2B, frozen",original-policy-02-0,0
"Qwen3.5-2B, frozen",original-policy-02-1,0
"Qwen3.5-2B, frozen",original-policy-03-0,0
"Qwen3.5-2B, frozen",original-policy-03-1,0
"Qwen3.5-2B, frozen",original-policy-04-0,1
"Qwen3.5-2B, frozen",original-policy-04-1,1
"Qwen3.5-2B, frozen",original-policy-05-0,1
"Qwen3.5-2B, frozen",original-policy-05-1,1
"Qwen3.5-2B, frozen",original-policy-06-0,1
"Qwen3.5-2B, frozen",original-policy-06-1,0
"Qwen3.5-2B, frozen",original-intent-01-0,0
"Qwen3.5-2B, frozen",original-intent-01-1,1
"Qwen3.5-2B, frozen",original-intent-02-0,0
"Qwen3.5-2B, frozen",original-intent-02-1,1
"Qwen3.5-2B, frozen",original-intent-03-0,1
"Qwen3.5-2B, frozen",original-intent-03-1,1
"Qwen3.5-2B, frozen",original-intent-04-0,1
"Qwen3.5-2B, frozen",original-intent-04-1,1
"Qwen3.5-2B, frozen",original-intent-05-0,0
"Qwen3.5-2B, frozen",original-intent-05-1,0
"Qwen3.5-2B, frozen",original-intent-06-0,0
"Qwen3.5-2B, frozen",original-intent-06-1,0
"Qwen3.5-2B, frozen",original-ordinal-01-0,1
"Qwen3.5-2B, frozen",original-ordinal-01-1,1
"Qwen3.5-2B, frozen",original-ordinal-02-0,1
"Qwen3.5-2B, frozen",original-ordinal-02-1,1
"Qwen3.5-2B, frozen",original-ordinal-03-0,1
"Qwen3.5-2B, frozen",original-ordinal-03-1,1
"Qwen3.5-2B, frozen",original-ordinal-04-0,1
"Qwen3.5-2B, frozen",original-ordinal-04-1,1
"Qwen3.5-2B, frozen",original-ordinal-05-0,0
"Qwen3.5-2B, frozen",original-ordinal-05-1,1
"Qwen3.5-2B, frozen",original-ordinal-06-0,1
"Qwen3.5-2B, frozen",original-ordinal-06-1,1
"Qwen3.5-2B, frozen",original-extraction-01-0,1
"Qwen3.5-2B, frozen",original-extraction-01-1,1
"Qwen3.5-2B, frozen",original-extraction-02-0,1
"Qwen3.5-2B, frozen",original-extraction-02-1,1
"Qwen3.5-2B, frozen",original-extraction-03-0,1
"Qwen3.5-2B, frozen",original-extraction-03-1,1
"Qwen3.5-2B, frozen",original-extraction-04-0,1
"Qwen3.5-2B, frozen",original-extraction-04-1,1
"Qwen3.5-2B, frozen",original-extraction-05-0,1
"Qwen3.5-2B, frozen",original-extraction-05-1,1
"Qwen3.5-2B, frozen",original-extraction-06-0,1
"Qwen3.5-2B, frozen",original-extraction-06-1,1
"Qwen3.5-2B, frozen",original-adequacy-01-0,1
"Qwen3.5-2B, frozen",original-adequacy-01-1,1
"Qwen3.5-2B, frozen",original-adequacy-02-0,0
"Qwen3.5-2B, frozen",original-adequacy-02-1,1
"Qwen3.5-2B, frozen",original-adequacy-03-0,0
"Qwen3.5-2B, frozen",original-adequacy-03-1,0
"Qwen3.5-2B, frozen",original-adequacy-04-0,1
"Qwen3.5-2B, frozen",original-adequacy-04-1,1
"Qwen3.5-2B, frozen",original-adequacy-05-0,0
"Qwen3.5-2B, frozen",original-adequacy-05-1,0
"Qwen3.5-2B, frozen",original-adequacy-06-0,1
"Qwen3.5-2B, frozen",original-adequacy-06-1,1
"Qwen3.5-2B, frozen",original-routing-01-0,1
"Qwen3.5-2B, frozen",original-routing-01-1,1
"Qwen3.5-2B, frozen",original-routing-02-0,1
"Qwen3.5-2B, frozen",original-routing-02-1,1
"Qwen3.5-2B, frozen",original-routing-03-0,1
"Qwen3.5-2B, frozen",original-routing-03-1,1
"Qwen3.5-2B, frozen",original-routing-04-0,1
"Qwen3.5-2B, frozen",original-routing-04-1,1
"Qwen3.5-2B, frozen",original-routing-05-0,1
"Qwen3.5-2B, frozen",original-routing-05-1,0
"Qwen3.5-2B, frozen",original-routing-06-0,1
"Qwen3.5-2B, frozen",original-routing-06-1,1
"Qwen3.5-2B, frozen",easy-intent-00,1
"Qwen3.5-2B, frozen",easy-intent-01,1
"Qwen3.5-2B, frozen",easy-intent-02,1
"Qwen3.5-2B, frozen",easy-intent-03,1
"Qwen3.5-2B, frozen",easy-intent-04,1
"Qwen3.5-2B, frozen",easy-intent-05,1
"Qwen3.5-2B, frozen",easy-intent-06,1
"Qwen3.5-2B, frozen",easy-intent-07,1
"Qwen3.5-2B, frozen",easy-intent-08,1
"Qwen3.5-2B, frozen",easy-intent-09,1
"Qwen3.5-2B, frozen",easy-intent-10,1
"Qwen3.5-2B, frozen",easy-intent-11,1
"Qwen3.5-2B, frozen",easy-fact-00,1
"Qwen3.5-2B, frozen",easy-fact-01,1
"Qwen3.5-2B, frozen",easy-fact-02,1
"Qwen3.5-2B, frozen",easy-fact-03,1
"Qwen3.5-2B, frozen",easy-fact-04,1
"Qwen3.5-2B, frozen",easy-fact-05,1
"Qwen3.5-2B, frozen",easy-fact-06,1
"Qwen3.5-2B, frozen",easy-fact-07,1
"Qwen3.5-2B, frozen",easy-fact-08,1
"Qwen3.5-2B, frozen",easy-fact-09,1
"Qwen3.5-2B, frozen",easy-fact-10,1
"Qwen3.5-2B, frozen",easy-fact-11,1
"Qwen3.5-2B, frozen",easy-extraction-00,1
"Qwen3.5-2B, frozen",easy-extraction-01,1
"Qwen3.5-2B, frozen",easy-extraction-02,1
"Qwen3.5-2B, frozen",easy-extraction-03,1
"Qwen3.5-2B, frozen",easy-extraction-04,1
"Qwen3.5-2B, frozen",easy-extraction-05,1
"Qwen3.5-2B, frozen",easy-extraction-06,1
"Qwen3.5-2B, frozen",easy-extraction-07,1
"Qwen3.5-2B, frozen",easy-extraction-08,1
"Qwen3.5-2B, frozen",easy-extraction-09,1
"Qwen3.5-2B, frozen",easy-extraction-10,1
"Qwen3.5-2B, frozen",easy-extraction-11,1
"Qwen3.5-2B, frozen",easy-tool_selection-00,1
"Qwen3.5-2B, frozen",easy-tool_selection-01,1
"Qwen3.5-2B, frozen",easy-tool_selection-02,1
"Qwen3.5-2B, frozen",easy-tool_selection-03,1
"Qwen3.5-2B, frozen",easy-tool_selection-04,1
"Qwen3.5-2B, frozen",easy-tool_selection-05,1
"Qwen3.5-2B, frozen",easy-tool_selection-06,1
"Qwen3.5-2B, frozen",easy-tool_selection-07,1
"Qwen3.5-2B, frozen",easy-tool_selection-08,1
"Qwen3.5-2B, frozen",easy-tool_selection-09,1
"Qwen3.5-2B, frozen",easy-tool_selection-10,1
"Qwen3.5-2B, frozen",easy-tool_selection-11,1
"Qwen3.5-2B, frozen",hard-opus-a-long_policy-01,0
"Qwen3.5-2B, frozen",hard-opus-a-long_policy-04,0
"Qwen3.5-2B, frozen",hard-opus-a-long_policy-08,0
"Qwen3.5-2B, frozen",hard-opus-a-long_policy-09,0
"Qwen3.5-2B, frozen",hard-opus-a-long_policy-11,0
"Qwen3.5-2B, frozen",hard-opus-a-long_policy-13,0
"Qwen3.5-2B, frozen",hard-opus-a-long_policy-17,0
"Qwen3.5-2B, frozen",hard-opus-a-long_policy-19,1
"Qwen3.5-2B, frozen",hard-opus-a-probability-03,1
"Qwen3.5-2B, frozen",hard-opus-a-probability-04,0
"Qwen3.5-2B, frozen",hard-opus-a-probability-07,0
"Qwen3.5-2B, frozen",hard-opus-a-probability-08,0
"Qwen3.5-2B, frozen",hard-opus-a-temporal_numeric-03,1
"Qwen3.5-2B, frozen",hard-opus-a-temporal_numeric-06,0
"Qwen3.5-2B, frozen",hard-opus-a-temporal_numeric-07,0
"Qwen3.5-2B, frozen",hard-opus-a-temporal_numeric-09,1
"Qwen3.5-2B, frozen",hard-opus-a-temporal_numeric-12,0
"Qwen3.5-2B, frozen",hard-opus-b-ambiguous-02,1
"Qwen3.5-2B, frozen",hard-opus-b-ambiguous-03,1
"Qwen3.5-2B, frozen",hard-opus-b-ambiguous-07,0
"Qwen3.5-2B, frozen",hard-opus-b-ambiguous-09,0
"Qwen3.5-2B, frozen",hard-opus-b-ambiguous-10,1
"Qwen3.5-2B, frozen",hard-opus-b-ambiguous-11,1
"Qwen3.5-2B, frozen",hard-opus-b-ambiguous-13,1
"Qwen3.5-2B, frozen",hard-opus-b-multi_hop-03,0
"Qwen3.5-2B, frozen",hard-opus-b-multi_hop-04,0
"Qwen3.5-2B, frozen",hard-opus-b-multi_hop-05,0
"Qwen3.5-2B, frozen",hard-opus-b-multi_hop-07,1
"Qwen3.5-2B, frozen",hard-opus-b-multi_hop-08,0
"Qwen3.5-2B, frozen",hard-opus-b-probability-01,1
"Qwen3.5-2B, frozen",hard-opus-b-probability-02,0
"Qwen3.5-2B, frozen",hard-opus-b-probability-03,1
"Qwen3.5-2B, frozen",hard-opus-b-probability-04,0
"Qwen3.5-2B, frozen",hard-opus-b-probability-06,0
"Qwen3.5-2B, frozen",hard-opus-b-tradeoff-01,1
"Qwen3.5-2B, frozen",hard-opus-b-tradeoff-03,1
"Qwen3.5-2B, frozen",hard-opus-b-tradeoff-06,0
"Qwen3.5-2B, frozen",hard-opus-b-tradeoff-07,0
"Qwen3.5-2B, frozen",hard-opus-b-tradeoff-08,0
"Qwen3.5-2B, frozen",hard-opus-b-tradeoff-12,1
"Qwen3.5-2B, frozen",hard-opus-c-long_policy-02,1
"Qwen3.5-2B, frozen",hard-opus-c-long_policy-03,0
"Qwen3.5-2B, frozen",hard-opus-c-long_policy-04,0
"Qwen3.5-2B, frozen",hard-opus-c-long_policy-05,1
"Qwen3.5-2B, frozen",hard-opus-c-long_policy-08,0
"Qwen3.5-2B, frozen",hard-opus-c-long_policy-10,0
"Qwen3.5-2B, frozen",hard-opus-c-long_policy-11,1
"Qwen3.5-2B, frozen",hard-opus-c-probability-03,0
"Qwen3.5-2B, frozen",hard-opus-c-temporal_numeric-02,0
"Qwen3.5-2B, frozen",hard-opus-c-temporal_numeric-03,1
"Qwen3.5-2B, frozen",hard-opus-c-temporal_numeric-04,0
"Qwen3.5-2B, frozen",hard-opus-c-temporal_numeric-06,0
"Qwen3.5-2B, frozen",hard-opus-c-temporal_numeric-08,0
"Qwen3.5-2B, frozen",hard-opus-c-temporal_numeric-12,1
"Qwen3.5-2B, frozen",hard-sol-a-adversarial-01,1
"Qwen3.5-2B, frozen",hard-sol-a-adversarial-06,1
"Qwen3.5-2B, frozen",hard-sol-a-adversarial-07,0
"Qwen3.5-2B, frozen",hard-sol-a-adversarial-08,0
"Qwen3.5-2B, frozen",hard-sol-a-adversarial-09,0
"Qwen3.5-2B, frozen",hard-sol-a-adversarial-11,0
"Qwen3.5-2B, frozen",hard-sol-a-multi_hop-01,0
"Qwen3.5-2B, frozen",hard-sol-a-multi_hop-02,0
"Qwen3.5-2B, frozen",hard-sol-a-multi_hop-05,0
"Qwen3.5-2B, frozen",hard-sol-a-multi_hop-07,0
"Qwen3.5-2B, frozen",hard-sol-a-multi_hop-08,0
"Qwen3.5-2B, frozen",hard-sol-a-multi_hop-09,1
"Qwen3.5-2B, frozen",hard-sol-a-multi_hop-10,0
"Qwen3.5-2B, frozen",hard-sol-a-multi_hop-12,0
"Qwen3.5-2B, frozen",hard-sol-a-trap-02,1
"Qwen3.5-2B, frozen",hard-sol-a-trap-04,1
"Qwen3.5-2B, frozen",hard-sol-a-trap-05,0
"Qwen3.5-2B, frozen",hard-sol-a-trap-06,1
"Qwen3.5-2B, frozen",hard-sol-a-trap-08,1
"Qwen3.5-2B, frozen",hard-sol-a-trap-10,1
"Qwen3.5-2B, frozen",hard-sol-a-trap-13,1
"Qwen3.5-2B, frozen",hard-sol-a-trap-15,1
"Qwen3.5-2B, frozen",hard-sol-b-judge_hard-01,0
"Qwen3.5-2B, frozen",hard-sol-b-judge_hard-02,0
"Qwen3.5-2B, frozen",hard-sol-b-judge_hard-05,0
"Qwen3.5-2B, frozen",hard-sol-b-judge_hard-08,0
"Qwen3.5-2B, frozen",hard-sol-b-judge_hard-10,1
"Qwen3.5-2B, frozen",hard-sol-b-judge_hard-14,1
"Qwen3.5-2B, frozen",hard-sol-b-judge_hard-15,1
"Qwen3.5-2B, frozen",hard-sol-b-judge_hard-18,0
"Qwen3.5-2B, frozen",hard-sol-b-long_policy-01,1
"Qwen3.5-2B, frozen",hard-sol-b-long_policy-02,0
"Qwen3.5-2B, frozen",hard-sol-b-long_policy-05,0
"Qwen3.5-2B, frozen",hard-sol-b-long_policy-06,1
"Qwen3.5-2B, frozen",hard-sol-b-routing_hard-01,1
"Qwen3.5-2B, frozen",hard-sol-b-routing_hard-02,1
"Qwen3.5-2B, frozen",hard-sol-b-routing_hard-03,1
"Qwen3.5-2B, frozen",hard-sol-b-routing_hard-07,1
"Qwen3.5-2B, frozen",hard-sol-b-routing_hard-09,1
"Qwen3.5-2B, frozen",hard-sol-b-temporal_numeric-01,0
"Qwen3.5-2B, frozen",hard-sol-b-temporal_numeric-02,1
"Qwen3.5-2B, frozen",hard-sol-b-temporal_numeric-03,0
"Qwen3.5-2B, frozen",hard-sol-b-temporal_numeric-04,0
"Qwen3.5-2B, frozen",hard-sol-c-judge_hard-03,1
"Qwen3.5-2B, frozen",hard-sol-c-judge_hard-05,0
"Qwen3.5-2B, frozen",hard-sol-c-judge_hard-07,1
"Qwen3.5-2B, frozen",hard-sol-c-judge_hard-08,1
"Qwen3.5-2B, frozen",hard-sol-c-judge_hard-09,0
"Qwen3.5-2B, frozen",hard-sol-c-judge_hard-10,0
"Qwen3.5-2B, frozen",hard-sol-c-judge_hard-11,1
"Qwen3.5-2B, frozen",hard-sol-c-judge_hard-13,1
"Qwen3.5-2B, frozen",hard-sol-c-judge_hard-15,1
"Qwen3.5-2B, frozen",hard-sol-c-multi_hop-07,1
"Qwen3.5-2B, frozen",hard-sol-c-multi_hop-09,0
"Qwen3.5-2B, frozen",hard-sol-c-multi_hop-11,1
"Qwen3.5-2B, frozen",hard-sol-c-multi_hop-12,0
"Qwen3.5-2B, frozen",hard-sol-c-multi_hop-13,1
"Qwen3-8B, frozen",original-policy-01-0,1
"Qwen3-8B, frozen",original-policy-01-1,1
"Qwen3-8B, frozen",original-policy-02-0,1
"Qwen3-8B, frozen",original-policy-02-1,0
"Qwen3-8B, frozen",original-policy-03-0,1
"Qwen3-8B, frozen",original-policy-03-1,0
"Qwen3-8B, frozen",original-policy-04-0,1
"Qwen3-8B, frozen",original-policy-04-1,1
"Qwen3-8B, frozen",original-policy-05-0,1
"Qwen3-8B, frozen",original-policy-05-1,1
"Qwen3-8B, frozen",original-policy-06-0,1
"Qwen3-8B, frozen",original-policy-06-1,0
"Qwen3-8B, frozen",original-intent-01-0,1
"Qwen3-8B, frozen",original-intent-01-1,1
"Qwen3-8B, frozen",original-intent-02-0,0
"Qwen3-8B, frozen",original-intent-02-1,1
"Qwen3-8B, frozen",original-intent-03-0,1
"Qwen3-8B, frozen",original-intent-03-1,1
"Qwen3-8B, frozen",original-intent-04-0,1
"Qwen3-8B, frozen",original-intent-04-1,0
"Qwen3-8B, frozen",original-intent-05-0,1
"Qwen3-8B, frozen",original-intent-05-1,1
"Qwen3-8B, frozen",original-intent-06-0,1
"Qwen3-8B, frozen",original-intent-06-1,0
"Qwen3-8B, frozen",original-ordinal-01-0,1
"Qwen3-8B, frozen",original-ordinal-01-1,1
"Qwen3-8B, frozen",original-ordinal-02-0,1
"Qwen3-8B, frozen",original-ordinal-02-1,1
"Qwen3-8B, frozen",original-ordinal-03-0,1
"Qwen3-8B, frozen",original-ordinal-03-1,1
"Qwen3-8B, frozen",original-ordinal-04-0,1
"Qwen3-8B, frozen",original-ordinal-04-1,1
"Qwen3-8B, frozen",original-ordinal-05-0,1
"Qwen3-8B, frozen",original-ordinal-05-1,1
"Qwen3-8B, frozen",original-ordinal-06-0,1
"Qwen3-8B, frozen",original-ordinal-06-1,1
"Qwen3-8B, frozen",original-extraction-01-0,1
"Qwen3-8B, frozen",original-extraction-01-1,1
"Qwen3-8B, frozen",original-extraction-02-0,1
"Qwen3-8B, frozen",original-extraction-02-1,1
"Qwen3-8B, frozen",original-extraction-03-0,1
"Qwen3-8B, frozen",original-extraction-03-1,1
"Qwen3-8B, frozen",original-extraction-04-0,1
"Qwen3-8B, frozen",original-extraction-04-1,1
"Qwen3-8B, frozen",original-extraction-05-0,1
"Qwen3-8B, frozen",original-extraction-05-1,1
"Qwen3-8B, frozen",original-extraction-06-0,1
"Qwen3-8B, frozen",original-extraction-06-1,1
"Qwen3-8B, frozen",original-adequacy-01-0,1
"Qwen3-8B, frozen",original-adequacy-01-1,0
"Qwen3-8B, frozen",original-adequacy-02-0,1
"Qwen3-8B, frozen",original-adequacy-02-1,1
"Qwen3-8B, frozen",original-adequacy-03-0,0
"Qwen3-8B, frozen",original-adequacy-03-1,0
"Qwen3-8B, frozen",original-adequacy-04-0,1
"Qwen3-8B, frozen",original-adequacy-04-1,1
"Qwen3-8B, frozen",original-adequacy-05-0,1
"Qwen3-8B, frozen",original-adequacy-05-1,0
"Qwen3-8B, frozen",original-adequacy-06-0,1
"Qwen3-8B, frozen",original-adequacy-06-1,1
"Qwen3-8B, frozen",original-routing-01-0,1
"Qwen3-8B, frozen",original-routing-01-1,1
"Qwen3-8B, frozen",original-routing-02-0,1
"Qwen3-8B, frozen",original-routing-02-1,1
"Qwen3-8B, frozen",original-routing-03-0,1
"Qwen3-8B, frozen",original-routing-03-1,1
"Qwen3-8B, frozen",original-routing-04-0,0
"Qwen3-8B, frozen",original-routing-04-1,0
"Qwen3-8B, frozen",original-routing-05-0,1
"Qwen3-8B, frozen",original-routing-05-1,1
"Qwen3-8B, frozen",original-routing-06-0,1
"Qwen3-8B, frozen",original-routing-06-1,1
"Qwen3-8B, frozen",easy-intent-00,1
"Qwen3-8B, frozen",easy-intent-01,1
"Qwen3-8B, frozen",easy-intent-02,1
"Qwen3-8B, frozen",easy-intent-03,1
"Qwen3-8B, frozen",easy-intent-04,1
"Qwen3-8B, frozen",easy-intent-05,1
"Qwen3-8B, frozen",easy-intent-06,1
"Qwen3-8B, frozen",easy-intent-07,1
"Qwen3-8B, frozen",easy-intent-08,1
"Qwen3-8B, frozen",easy-intent-09,1
"Qwen3-8B, frozen",easy-intent-10,1
"Qwen3-8B, frozen",easy-intent-11,1
"Qwen3-8B, frozen",easy-fact-00,1
"Qwen3-8B, frozen",easy-fact-01,1
"Qwen3-8B, frozen",easy-fact-02,1
"Qwen3-8B, frozen",easy-fact-03,1
"Qwen3-8B, frozen",easy-fact-04,1
"Qwen3-8B, frozen",easy-fact-05,1
"Qwen3-8B, frozen",easy-fact-06,1
"Qwen3-8B, frozen",easy-fact-07,1
"Qwen3-8B, frozen",easy-fact-08,1
"Qwen3-8B, frozen",easy-fact-09,1
"Qwen3-8B, frozen",easy-fact-10,1
"Qwen3-8B, frozen",easy-fact-11,1
"Qwen3-8B, frozen",easy-extraction-00,1
"Qwen3-8B, frozen",easy-extraction-01,1
"Qwen3-8B, frozen",easy-extraction-02,1
"Qwen3-8B, frozen",easy-extraction-03,1
"Qwen3-8B, frozen",easy-extraction-04,1
"Qwen3-8B, frozen",easy-extraction-05,1
"Qwen3-8B, frozen",easy-extraction-06,1
"Qwen3-8B, frozen",easy-extraction-07,1
"Qwen3-8B, frozen",easy-extraction-08,1
"Qwen3-8B, frozen",easy-extraction-09,1
"Qwen3-8B, frozen",easy-extraction-10,1
"Qwen3-8B, frozen",easy-extraction-11,1
"Qwen3-8B, frozen",easy-tool_selection-00,1
"Qwen3-8B, frozen",easy-tool_selection-01,1
"Qwen3-8B, frozen",easy-tool_selection-02,1
"Qwen3-8B, frozen",easy-tool_selection-03,1
"Qwen3-8B, frozen",easy-tool_selection-04,1
"Qwen3-8B, frozen",easy-tool_selection-05,1
"Qwen3-8B, frozen",easy-tool_selection-06,1
"Qwen3-8B, frozen",easy-tool_selection-07,1
"Qwen3-8B, frozen",easy-tool_selection-08,1
"Qwen3-8B, frozen",easy-tool_selection-09,1
"Qwen3-8B, frozen",easy-tool_selection-10,1
"Qwen3-8B, frozen",easy-tool_selection-11,1
"Qwen3-8B, frozen",hard-opus-a-long_policy-01,1
"Qwen3-8B, frozen",hard-opus-a-long_policy-04,0
"Qwen3-8B, frozen",hard-opus-a-long_policy-08,0
"Qwen3-8B, frozen",hard-opus-a-long_policy-09,0
"Qwen3-8B, frozen",hard-opus-a-long_policy-11,1
"Qwen3-8B, frozen",hard-opus-a-long_policy-13,0
"Qwen3-8B, frozen",hard-opus-a-long_policy-17,0
"Qwen3-8B, frozen",hard-opus-a-long_policy-19,0
"Qwen3-8B, frozen",hard-opus-a-probability-03,1
"Qwen3-8B, frozen",hard-opus-a-probability-04,0
"Qwen3-8B, frozen",hard-opus-a-probability-07,0
"Qwen3-8B, frozen",hard-opus-a-probability-08,1
"Qwen3-8B, frozen",hard-opus-a-temporal_numeric-03,0
"Qwen3-8B, frozen",hard-opus-a-temporal_numeric-06,0
"Qwen3-8B, frozen",hard-opus-a-temporal_numeric-07,0
"Qwen3-8B, frozen",hard-opus-a-temporal_numeric-09,0
"Qwen3-8B, frozen",hard-opus-a-temporal_numeric-12,0
"Qwen3-8B, frozen",hard-opus-b-ambiguous-02,0
"Qwen3-8B, frozen",hard-opus-b-ambiguous-03,0
"Qwen3-8B, frozen",hard-opus-b-ambiguous-07,0
"Qwen3-8B, frozen",hard-opus-b-ambiguous-09,0
"Qwen3-8B, frozen",hard-opus-b-ambiguous-10,1
"Qwen3-8B, frozen",hard-opus-b-ambiguous-11,1
"Qwen3-8B, frozen",hard-opus-b-ambiguous-13,1
"Qwen3-8B, frozen",hard-opus-b-multi_hop-03,0
"Qwen3-8B, frozen",hard-opus-b-multi_hop-04,0
"Qwen3-8B, frozen",hard-opus-b-multi_hop-05,0
"Qwen3-8B, frozen",hard-opus-b-multi_hop-07,0
"Qwen3-8B, frozen",hard-opus-b-multi_hop-08,0
"Qwen3-8B, frozen",hard-opus-b-probability-01,0
"Qwen3-8B, frozen",hard-opus-b-probability-02,0
"Qwen3-8B, frozen",hard-opus-b-probability-03,0
"Qwen3-8B, frozen",hard-opus-b-probability-04,1
"Qwen3-8B, frozen",hard-opus-b-probability-06,0
"Qwen3-8B, frozen",hard-opus-b-tradeoff-01,0
"Qwen3-8B, frozen",hard-opus-b-tradeoff-03,0
"Qwen3-8B, frozen",hard-opus-b-tradeoff-06,0
"Qwen3-8B, frozen",hard-opus-b-tradeoff-07,0
"Qwen3-8B, frozen",hard-opus-b-tradeoff-08,1
"Qwen3-8B, frozen",hard-opus-b-tradeoff-12,1
"Qwen3-8B, frozen",hard-opus-c-long_policy-02,1
"Qwen3-8B, frozen",hard-opus-c-long_policy-03,1
"Qwen3-8B, frozen",hard-opus-c-long_policy-04,1
"Qwen3-8B, frozen",hard-opus-c-long_policy-05,0
"Qwen3-8B, frozen",hard-opus-c-long_policy-08,1
"Qwen3-8B, frozen",hard-opus-c-long_policy-10,1
"Qwen3-8B, frozen",hard-opus-c-long_policy-11,0
"Qwen3-8B, frozen",hard-opus-c-probability-03,1
"Qwen3-8B, frozen",hard-opus-c-temporal_numeric-02,0
"Qwen3-8B, frozen",hard-opus-c-temporal_numeric-03,0
"Qwen3-8B, frozen",hard-opus-c-temporal_numeric-04,0
"Qwen3-8B, frozen",hard-opus-c-temporal_numeric-06,0
"Qwen3-8B, frozen",hard-opus-c-temporal_numeric-08,0
"Qwen3-8B, frozen",hard-opus-c-temporal_numeric-12,0
"Qwen3-8B, frozen",hard-sol-a-adversarial-01,0
"Qwen3-8B, frozen",hard-sol-a-adversarial-06,0
"Qwen3-8B, frozen",hard-sol-a-adversarial-07,0
"Qwen3-8B, frozen",hard-sol-a-adversarial-08,1
"Qwen3-8B, frozen",hard-sol-a-adversarial-09,0
"Qwen3-8B, frozen",hard-sol-a-adversarial-11,0
"Qwen3-8B, frozen",hard-sol-a-multi_hop-01,1
"Qwen3-8B, frozen",hard-sol-a-multi_hop-02,1
"Qwen3-8B, frozen",hard-sol-a-multi_hop-05,0
"Qwen3-8B, frozen",hard-sol-a-multi_hop-07,1
"Qwen3-8B, frozen",hard-sol-a-multi_hop-08,1
"Qwen3-8B, frozen",hard-sol-a-multi_hop-09,0
"Qwen3-8B, frozen",hard-sol-a-multi_hop-10,1
"Qwen3-8B, frozen",hard-sol-a-multi_hop-12,0
"Qwen3-8B, frozen",hard-sol-a-trap-02,0
"Qwen3-8B, frozen",hard-sol-a-trap-04,1
"Qwen3-8B, frozen",hard-sol-a-trap-05,1
"Qwen3-8B, frozen",hard-sol-a-trap-06,1
"Qwen3-8B, frozen",hard-sol-a-trap-08,0
"Qwen3-8B, frozen",hard-sol-a-trap-10,1
"Qwen3-8B, frozen",hard-sol-a-trap-13,1
"Qwen3-8B, frozen",hard-sol-a-trap-15,1
"Qwen3-8B, frozen",hard-sol-b-judge_hard-01,1
"Qwen3-8B, frozen",hard-sol-b-judge_hard-02,0
"Qwen3-8B, frozen",hard-sol-b-judge_hard-05,1
"Qwen3-8B, frozen",hard-sol-b-judge_hard-08,0
"Qwen3-8B, frozen",hard-sol-b-judge_hard-10,0
"Qwen3-8B, frozen",hard-sol-b-judge_hard-14,1
"Qwen3-8B, frozen",hard-sol-b-judge_hard-15,1
"Qwen3-8B, frozen",hard-sol-b-judge_hard-18,1
"Qwen3-8B, frozen",hard-sol-b-long_policy-01,1
"Qwen3-8B, frozen",hard-sol-b-long_policy-02,0
"Qwen3-8B, frozen",hard-sol-b-long_policy-05,1
"Qwen3-8B, frozen",hard-sol-b-long_policy-06,1
"Qwen3-8B, frozen",hard-sol-b-routing_hard-01,1
"Qwen3-8B, frozen",hard-sol-b-routing_hard-02,1
"Qwen3-8B, frozen",hard-sol-b-routing_hard-03,1
"Qwen3-8B, frozen",hard-sol-b-routing_hard-07,1
"Qwen3-8B, frozen",hard-sol-b-routing_hard-09,1
"Qwen3-8B, frozen",hard-sol-b-temporal_numeric-01,0
"Qwen3-8B, frozen",hard-sol-b-temporal_numeric-02,1
"Qwen3-8B, frozen",hard-sol-b-temporal_numeric-03,0
"Qwen3-8B, frozen",hard-sol-b-temporal_numeric-04,0
"Qwen3-8B, frozen",hard-sol-c-judge_hard-03,0
"Qwen3-8B, frozen",hard-sol-c-judge_hard-05,1
"Qwen3-8B, frozen",hard-sol-c-judge_hard-07,0
"Qwen3-8B, frozen",hard-sol-c-judge_hard-08,0
"Qwen3-8B, frozen",hard-sol-c-judge_hard-09,1
"Qwen3-8B, frozen",hard-sol-c-judge_hard-10,1
"Qwen3-8B, frozen",hard-sol-c-judge_hard-11,1
"Qwen3-8B, frozen",hard-sol-c-judge_hard-13,0
"Qwen3-8B, frozen",hard-sol-c-judge_hard-15,1
"Qwen3-8B, frozen",hard-sol-c-multi_hop-07,1
"Qwen3-8B, frozen",hard-sol-c-multi_hop-09,1
"Qwen3-8B, frozen",hard-sol-c-multi_hop-11,0
"Qwen3-8B, frozen",hard-sol-c-multi_hop-12,0
"Qwen3-8B, frozen",hard-sol-c-multi_hop-13,1
"Qwen3-1.7B, frozen",original-policy-01-0,1
"Qwen3-1.7B, frozen",original-policy-01-1,1
"Qwen3-1.7B, frozen",original-policy-02-0,1
"Qwen3-1.7B, frozen",original-policy-02-1,1
"Qwen3-1.7B, frozen",original-policy-03-0,1
"Qwen3-1.7B, frozen",original-policy-03-1,1
"Qwen3-1.7B, frozen",original-policy-04-0,0
"Qwen3-1.7B, frozen",original-policy-04-1,1
"Qwen3-1.7B, frozen",original-policy-05-0,0
"Qwen3-1.7B, frozen",original-policy-05-1,1
"Qwen3-1.7B, frozen",original-policy-06-0,1
"Qwen3-1.7B, frozen",original-policy-06-1,1
"Qwen3-1.7B, frozen",original-intent-01-0,0
"Qwen3-1.7B, frozen",original-intent-01-1,1
"Qwen3-1.7B, frozen",original-intent-02-0,1
"Qwen3-1.7B, frozen",original-intent-02-1,1
"Qwen3-1.7B, frozen",original-intent-03-0,0
"Qwen3-1.7B, frozen",original-intent-03-1,1
"Qwen3-1.7B, frozen",original-intent-04-0,1
"Qwen3-1.7B, frozen",original-intent-04-1,0
"Qwen3-1.7B, frozen",original-intent-05-0,1
"Qwen3-1.7B, frozen",original-intent-05-1,1
"Qwen3-1.7B, frozen",original-intent-06-0,1
"Qwen3-1.7B, frozen",original-intent-06-1,1
"Qwen3-1.7B, frozen",original-ordinal-01-0,1
"Qwen3-1.7B, frozen",original-ordinal-01-1,1
"Qwen3-1.7B, frozen",original-ordinal-02-0,0
"Qwen3-1.7B, frozen",original-ordinal-02-1,0
"Qwen3-1.7B, frozen",original-ordinal-03-0,0
"Qwen3-1.7B, frozen",original-ordinal-03-1,0
"Qwen3-1.7B, frozen",original-ordinal-04-0,1
"Qwen3-1.7B, frozen",original-ordinal-04-1,1
"Qwen3-1.7B, frozen",original-ordinal-05-0,0
"Qwen3-1.7B, frozen",original-ordinal-05-1,1
"Qwen3-1.7B, frozen",original-ordinal-06-0,0
"Qwen3-1.7B, frozen",original-ordinal-06-1,1
"Qwen3-1.7B, frozen",original-extraction-01-0,0
"Qwen3-1.7B, frozen",original-extraction-01-1,0
"Qwen3-1.7B, frozen",original-extraction-02-0,1
"Qwen3-1.7B, frozen",original-extraction-02-1,1
"Qwen3-1.7B, frozen",original-extraction-03-0,0
"Qwen3-1.7B, frozen",original-extraction-03-1,0
"Qwen3-1.7B, frozen",original-extraction-04-0,0
"Qwen3-1.7B, frozen",original-extraction-04-1,0
"Qwen3-1.7B, frozen",original-extraction-05-0,1
"Qwen3-1.7B, frozen",original-extraction-05-1,1
"Qwen3-1.7B, frozen",original-extraction-06-0,0
"Qwen3-1.7B, frozen",original-extraction-06-1,0
"Qwen3-1.7B, frozen",original-adequacy-01-0,1
"Qwen3-1.7B, frozen",original-adequacy-01-1,1
"Qwen3-1.7B, frozen",original-adequacy-02-0,0
"Qwen3-1.7B, frozen",original-adequacy-02-1,0
"Qwen3-1.7B, frozen",original-adequacy-03-0,0
"Qwen3-1.7B, frozen",original-adequacy-03-1,0
"Qwen3-1.7B, frozen",original-adequacy-04-0,1
"Qwen3-1.7B, frozen",original-adequacy-04-1,1
"Qwen3-1.7B, frozen",original-adequacy-05-0,0
"Qwen3-1.7B, frozen",original-adequacy-05-1,0
"Qwen3-1.7B, frozen",original-adequacy-06-0,0
"Qwen3-1.7B, frozen",original-adequacy-06-1,0
"Qwen3-1.7B, frozen",original-routing-01-0,1
"Qwen3-1.7B, frozen",original-routing-01-1,1
"Qwen3-1.7B, frozen",original-routing-02-0,1
"Qwen3-1.7B, frozen",original-routing-02-1,1
"Qwen3-1.7B, frozen",original-routing-03-0,1
"Qwen3-1.7B, frozen",original-routing-03-1,1
"Qwen3-1.7B, frozen",original-routing-04-0,1
"Qwen3-1.7B, frozen",original-routing-04-1,0
"Qwen3-1.7B, frozen",original-routing-05-0,1
"Qwen3-1.7B, frozen",original-routing-05-1,0
"Qwen3-1.7B, frozen",original-routing-06-0,1
"Qwen3-1.7B, frozen",original-routing-06-1,0
"Qwen3-1.7B, frozen",easy-intent-00,1
"Qwen3-1.7B, frozen",easy-intent-01,1
"Qwen3-1.7B, frozen",easy-intent-02,1
"Qwen3-1.7B, frozen",easy-intent-03,1
"Qwen3-1.7B, frozen",easy-intent-04,1
"Qwen3-1.7B, frozen",easy-intent-05,1
"Qwen3-1.7B, frozen",easy-intent-06,1
"Qwen3-1.7B, frozen",easy-intent-07,1
"Qwen3-1.7B, frozen",easy-intent-08,1
"Qwen3-1.7B, frozen",easy-intent-09,1
"Qwen3-1.7B, frozen",easy-intent-10,1
"Qwen3-1.7B, frozen",easy-intent-11,1
"Qwen3-1.7B, frozen",easy-fact-00,1
"Qwen3-1.7B, frozen",easy-fact-01,0
"Qwen3-1.7B, frozen",easy-fact-02,1
"Qwen3-1.7B, frozen",easy-fact-03,1
"Qwen3-1.7B, frozen",easy-fact-04,1
"Qwen3-1.7B, frozen",easy-fact-05,1
"Qwen3-1.7B, frozen",easy-fact-06,1
"Qwen3-1.7B, frozen",easy-fact-07,0
"Qwen3-1.7B, frozen",easy-fact-08,1
"Qwen3-1.7B, frozen",easy-fact-09,1
"Qwen3-1.7B, frozen",easy-fact-10,1
"Qwen3-1.7B, frozen",easy-fact-11,0
"Qwen3-1.7B, frozen",easy-extraction-00,1
"Qwen3-1.7B, frozen",easy-extraction-01,1
"Qwen3-1.7B, frozen",easy-extraction-02,1
"Qwen3-1.7B, frozen",easy-extraction-03,1
"Qwen3-1.7B, frozen",easy-extraction-04,1
"Qwen3-1.7B, frozen",easy-extraction-05,1
"Qwen3-1.7B, frozen",easy-extraction-06,0
"Qwen3-1.7B, frozen",easy-extraction-07,1
"Qwen3-1.7B, frozen",easy-extraction-08,1
"Qwen3-1.7B, frozen",easy-extraction-09,1
"Qwen3-1.7B, frozen",easy-extraction-10,1
"Qwen3-1.7B, frozen",easy-extraction-11,1
"Qwen3-1.7B, frozen",easy-tool_selection-00,1
"Qwen3-1.7B, frozen",easy-tool_selection-01,1
"Qwen3-1.7B, frozen",easy-tool_selection-02,1
"Qwen3-1.7B, frozen",easy-tool_selection-03,1
"Qwen3-1.7B, frozen",easy-tool_selection-04,1
"Qwen3-1.7B, frozen",easy-tool_selection-05,1
"Qwen3-1.7B, frozen",easy-tool_selection-06,1
"Qwen3-1.7B, frozen",easy-tool_selection-07,0
"Qwen3-1.7B, frozen",easy-tool_selection-08,1
"Qwen3-1.7B, frozen",easy-tool_selection-09,1
"Qwen3-1.7B, frozen",easy-tool_selection-10,1
"Qwen3-1.7B, frozen",easy-tool_selection-11,1
"Qwen3-1.7B, frozen",hard-opus-a-long_policy-01,1
"Qwen3-1.7B, frozen",hard-opus-a-long_policy-04,0
"Qwen3-1.7B, frozen",hard-opus-a-long_policy-08,0
"Qwen3-1.7B, frozen",hard-opus-a-long_policy-09,0
"Qwen3-1.7B, frozen",hard-opus-a-long_policy-11,0
"Qwen3-1.7B, frozen",hard-opus-a-long_policy-13,0
"Qwen3-1.7B, frozen",hard-opus-a-long_policy-17,0
"Qwen3-1.7B, frozen",hard-opus-a-long_policy-19,1
"Qwen3-1.7B, frozen",hard-opus-a-probability-03,0
"Qwen3-1.7B, frozen",hard-opus-a-probability-04,0
"Qwen3-1.7B, frozen",hard-opus-a-probability-07,0
"Qwen3-1.7B, frozen",hard-opus-a-probability-08,1
"Qwen3-1.7B, frozen",hard-opus-a-temporal_numeric-03,0
"Qwen3-1.7B, frozen",hard-opus-a-temporal_numeric-06,1
"Qwen3-1.7B, frozen",hard-opus-a-temporal_numeric-07,0
"Qwen3-1.7B, frozen",hard-opus-a-temporal_numeric-09,1
"Qwen3-1.7B, frozen",hard-opus-a-temporal_numeric-12,0
"Qwen3-1.7B, frozen",hard-opus-b-ambiguous-02,1
"Qwen3-1.7B, frozen",hard-opus-b-ambiguous-03,0
"Qwen3-1.7B, frozen",hard-opus-b-ambiguous-07,1
"Qwen3-1.7B, frozen",hard-opus-b-ambiguous-09,1
"Qwen3-1.7B, frozen",hard-opus-b-ambiguous-10,0
"Qwen3-1.7B, frozen",hard-opus-b-ambiguous-11,0
"Qwen3-1.7B, frozen",hard-opus-b-ambiguous-13,0
"Qwen3-1.7B, frozen",hard-opus-b-multi_hop-03,0
"Qwen3-1.7B, frozen",hard-opus-b-multi_hop-04,0
"Qwen3-1.7B, frozen",hard-opus-b-multi_hop-05,0
"Qwen3-1.7B, frozen",hard-opus-b-multi_hop-07,0
"Qwen3-1.7B, frozen",hard-opus-b-multi_hop-08,1
"Qwen3-1.7B, frozen",hard-opus-b-probability-01,1
"Qwen3-1.7B, frozen",hard-opus-b-probability-02,0
"Qwen3-1.7B, frozen",hard-opus-b-probability-03,1
"Qwen3-1.7B, frozen",hard-opus-b-probability-04,1
"Qwen3-1.7B, frozen",hard-opus-b-probability-06,1
"Qwen3-1.7B, frozen",hard-opus-b-tradeoff-01,0
"Qwen3-1.7B, frozen",hard-opus-b-tradeoff-03,0
"Qwen3-1.7B, frozen",hard-opus-b-tradeoff-06,1
"Qwen3-1.7B, frozen",hard-opus-b-tradeoff-07,0
"Qwen3-1.7B, frozen",hard-opus-b-tradeoff-08,0
"Qwen3-1.7B, frozen",hard-opus-b-tradeoff-12,0
"Qwen3-1.7B, frozen",hard-opus-c-long_policy-02,0
"Qwen3-1.7B, frozen",hard-opus-c-long_policy-03,0
"Qwen3-1.7B, frozen",hard-opus-c-long_policy-04,0
"Qwen3-1.7B, frozen",hard-opus-c-long_policy-05,0
"Qwen3-1.7B, frozen",hard-opus-c-long_policy-08,0
"Qwen3-1.7B, frozen",hard-opus-c-long_policy-10,0
"Qwen3-1.7B, frozen",hard-opus-c-long_policy-11,1
"Qwen3-1.7B, frozen",hard-opus-c-probability-03,0
"Qwen3-1.7B, frozen",hard-opus-c-temporal_numeric-02,1
"Qwen3-1.7B, frozen",hard-opus-c-temporal_numeric-03,0
"Qwen3-1.7B, frozen",hard-opus-c-temporal_numeric-04,0
"Qwen3-1.7B, frozen",hard-opus-c-temporal_numeric-06,0
"Qwen3-1.7B, frozen",hard-opus-c-temporal_numeric-08,0
"Qwen3-1.7B, frozen",hard-opus-c-temporal_numeric-12,1
"Qwen3-1.7B, frozen",hard-sol-a-adversarial-01,0
"Qwen3-1.7B, frozen",hard-sol-a-adversarial-06,1
"Qwen3-1.7B, frozen",hard-sol-a-adversarial-07,1
"Qwen3-1.7B, frozen",hard-sol-a-adversarial-08,0
"Qwen3-1.7B, frozen",hard-sol-a-adversarial-09,0
"Qwen3-1.7B, frozen",hard-sol-a-adversarial-11,1
"Qwen3-1.7B, frozen",hard-sol-a-multi_hop-01,0
"Qwen3-1.7B, frozen",hard-sol-a-multi_hop-02,1
"Qwen3-1.7B, frozen",hard-sol-a-multi_hop-05,0
"Qwen3-1.7B, frozen",hard-sol-a-multi_hop-07,0
"Qwen3-1.7B, frozen",hard-sol-a-multi_hop-08,0
"Qwen3-1.7B, frozen",hard-sol-a-multi_hop-09,0
"Qwen3-1.7B, frozen",hard-sol-a-multi_hop-10,0
"Qwen3-1.7B, frozen",hard-sol-a-multi_hop-12,0
"Qwen3-1.7B, frozen",hard-sol-a-trap-02,1
"Qwen3-1.7B, frozen",hard-sol-a-trap-04,1
"Qwen3-1.7B, frozen",hard-sol-a-trap-05,1
"Qwen3-1.7B, frozen",hard-sol-a-trap-06,1
"Qwen3-1.7B, frozen",hard-sol-a-trap-08,0
"Qwen3-1.7B, frozen",hard-sol-a-trap-10,0
"Qwen3-1.7B, frozen",hard-sol-a-trap-13,1
"Qwen3-1.7B, frozen",hard-sol-a-trap-15,1
"Qwen3-1.7B, frozen",hard-sol-b-judge_hard-01,0
"Qwen3-1.7B, frozen",hard-sol-b-judge_hard-02,1
"Qwen3-1.7B, frozen",hard-sol-b-judge_hard-05,0
"Qwen3-1.7B, frozen",hard-sol-b-judge_hard-08,1
"Qwen3-1.7B, frozen",hard-sol-b-judge_hard-10,1
"Qwen3-1.7B, frozen",hard-sol-b-judge_hard-14,1
"Qwen3-1.7B, frozen",hard-sol-b-judge_hard-15,0
"Qwen3-1.7B, frozen",hard-sol-b-judge_hard-18,1
"Qwen3-1.7B, frozen",hard-sol-b-long_policy-01,1
"Qwen3-1.7B, frozen",hard-sol-b-long_policy-02,0
"Qwen3-1.7B, frozen",hard-sol-b-long_policy-05,1
"Qwen3-1.7B, frozen",hard-sol-b-long_policy-06,0
"Qwen3-1.7B, frozen",hard-sol-b-routing_hard-01,1
"Qwen3-1.7B, frozen",hard-sol-b-routing_hard-02,1
"Qwen3-1.7B, frozen",hard-sol-b-routing_hard-03,1
"Qwen3-1.7B, frozen",hard-sol-b-routing_hard-07,1
"Qwen3-1.7B, frozen",hard-sol-b-routing_hard-09,0
"Qwen3-1.7B, frozen",hard-sol-b-temporal_numeric-01,0
"Qwen3-1.7B, frozen",hard-sol-b-temporal_numeric-02,1
"Qwen3-1.7B, frozen",hard-sol-b-temporal_numeric-03,0
"Qwen3-1.7B, frozen",hard-sol-b-temporal_numeric-04,0
"Qwen3-1.7B, frozen",hard-sol-c-judge_hard-03,0
"Qwen3-1.7B, frozen",hard-sol-c-judge_hard-05,1
"Qwen3-1.7B, frozen",hard-sol-c-judge_hard-07,0
"Qwen3-1.7B, frozen",hard-sol-c-judge_hard-08,0
"Qwen3-1.7B, frozen",hard-sol-c-judge_hard-09,1
"Qwen3-1.7B, frozen",hard-sol-c-judge_hard-10,1
"Qwen3-1.7B, frozen",hard-sol-c-judge_hard-11,0
"Qwen3-1.7B, frozen",hard-sol-c-judge_hard-13,0
"Qwen3-1.7B, frozen",hard-sol-c-judge_hard-15,1
"Qwen3-1.7B, frozen",hard-sol-c-multi_hop-07,0
"Qwen3-1.7B, frozen",hard-sol-c-multi_hop-09,0
"Qwen3-1.7B, frozen",hard-sol-c-multi_hop-11,0
"Qwen3-1.7B, frozen",hard-sol-c-multi_hop-12,0
"Qwen3-1.7B, frozen",hard-sol-c-multi_hop-13,1
