run,CF-probe.acc,CF-probe.agree,CF-probe.brier,CF-probe.dir,CF-probe.ece,CF-probe.flip,CF-probe.flip_given_hobson,CF-probe.n_cal,CF-probe.n_pairs,CF-probe.tv,CF.acc,CF.agree,CF.brier,CF.dir,CF.ece,CF.flip,CF.flip_given_hobson,CF.n_cal,CF.n_pairs,CF.tv,JB-all.acc,JB-all.agree,JB-all.agree_sd,JB-all.brier,JB-all.coverage,JB-all.ece,JB-all.kl,JB-all.n_cal,JB-all.n_q,JB-all.tv,JB-hard.acc,JB-hard.agree,JB-hard.agree_sd,JB-hard.brier,JB-hard.coverage,JB-hard.ece,JB-hard.kl,JB-hard.n_cal,JB-hard.n_q,JB-hard.tv,LONG.agree,LONG.agree_sd,LONG.coverage,LONG.kl,LONG.n_q,LONG.tv,REAL-agree.agree,REAL-agree.agree_sd,REAL-agree.coverage,REAL-agree.kl,REAL-agree.n_q,REAL-agree.tv,REAL-label.acc,REAL-label.acc_consensus,REAL-label.agree,REAL-label.agree_sd,REAL-label.brier,REAL-label.coverage,REAL-label.ece,REAL-label.kl,REAL-label.n_cal,REAL-label.n_q,REAL-label.tv,SHUF.both_right,SHUF.change,SHUF.n_pairs
ref/hobson,0.6531,1.0,0.4098,0.8844,0.0832,0.3281,1.0,640,320,0.0,0.5936,1.0,0.5205,0.9483,0.1112,0.2685,1.0,812,406,0.0,0.7229,1.0,1.0,0.3479,1.0,0.0483,0.0,231,231,0.0,0.5231,1.0,1.0,0.5572,1.0,0.1352,0.0,130,130,0.0,1.0,1.0,1.0,0.0,471,0.0,1.0,1.0,1.0,0.0,1083,0.0,0.785,0.8179,1.0,1.0,0.3473,1.0,0.1156,0.0,400,400,0.0,0.2455,0.3385,387
ref/merged_full,0.6516,0.9891,0.4098,0.8781,0.0824,0.3281,0.9714,640,320,0.0034,0.5985,0.9938,0.5202,0.9507,0.1061,0.2759,1.0,812,406,0.003,0.7273,0.9957,1.0,0.3479,1.0,0.0457,0.0001,231,231,0.0029,0.5308,0.9923,1.0,0.5575,1.0,0.1283,0.0001,130,130,0.0041,0.9958,0.9879,1.0,0.0001,471,0.0031,0.9963,0.9971,1.0,0.0001,1083,0.0031,0.785,0.8207,0.995,0.9908,0.3471,1.0,0.1103,0.0,400,400,0.0028,0.2558,0.3514,387
ref/nostate,0.5,0.6875,0.5335,0.0,0.1147,0.0,0.0,640,320,0.1436,0.4507,0.7132,0.6434,0.0,0.2073,0.0,0.0,812,406,0.1802,0.3896,0.3896,0.0,0.7358,1.0,0.1443,0.7044,231,231,0.4195,0.4615,0.4692,0.0,0.6283,1.0,0.0832,0.2646,130,130,0.2731,0.6497,0.0,1.0,0.3808,471,0.2663,0.6805,0.0,1.0,0.3537,1083,0.2443,0.635,0.6576,0.7275,0.0,0.47,1.0,0.0814,0.2303,400,400,0.21,0.0,0.0,387
ref/drop@7,0.6781,0.8094,0.4204,0.8688,0.0336,0.3563,0.6381,640,320,0.0838,0.4951,0.8416,0.6194,0.8424,0.1959,0.0887,0.2661,812,406,0.1225,0.6277,0.7013,0.6312,0.4781,1.0,0.0387,0.1945,231,231,0.2147,0.4769,0.6077,0.4638,0.6121,1.0,0.0938,0.1836,130,130,0.2132,0.7919,0.4182,1.0,0.1493,471,0.1679,0.7886,0.4075,1.0,0.1252,1083,0.1477,0.715,0.7554,0.8025,0.422,0.4189,1.0,0.0507,0.1068,400,400,0.1374,0.093,0.1266,387
ref/rand10@7,0.6547,0.8109,0.4384,0.7594,0.0336,0.3344,0.6095,640,320,0.0739,0.4865,0.8466,0.6349,0.7635,0.2115,0.0788,0.2752,812,406,0.1069,0.6017,0.71,0.6383,0.497,1.0,0.0566,0.1989,231,231,0.2144,0.4231,0.6154,0.4638,0.6519,1.0,0.161,0.1998,130,130,0.2184,0.8535,0.6121,1.0,0.0776,471,0.1259,0.8495,0.6098,1.0,0.0749,1083,0.1134,0.72,0.7554,0.86,0.5963,0.408,1.0,0.0455,0.068,400,400,0.1119,0.0439,0.0982,387
ref/rand25@7,0.6297,0.8359,0.4485,0.7469,0.0304,0.2812,0.5905,640,320,0.0656,0.5246,0.8728,0.5959,0.8399,0.1753,0.1453,0.4404,812,406,0.0837,0.6104,0.7619,0.7376,0.4712,1.0,0.0956,0.1303,231,231,0.1698,0.4231,0.6923,0.6377,0.6407,1.0,0.1768,0.1101,130,130,0.1686,0.9151,0.7879,1.0,0.0404,471,0.0867,0.8929,0.7312,1.0,0.0399,1083,0.0823,0.7425,0.7826,0.895,0.7156,0.3797,1.0,0.1038,0.0345,400,400,0.0779,0.1163,0.168,387
ref/rand50@7,0.6469,0.8812,0.4301,0.8,0.0483,0.3219,0.7238,640,320,0.0492,0.5628,0.9202,0.554,0.8916,0.1409,0.2167,0.7156,812,406,0.0531,0.684,0.8442,0.8227,0.4047,1.0,0.072,0.0635,231,231,0.1098,0.4846,0.7692,0.6957,0.6139,1.0,0.1473,0.0742,130,130,0.1361,0.949,0.8667,1.0,0.0143,471,0.0475,0.94,0.8699,1.0,0.0149,1083,0.0476,0.775,0.8098,0.94,0.8624,0.3601,1.0,0.1103,0.013,400,400,0.0452,0.186,0.2481,387
ref/rand10@3,0.5297,0.6797,0.5184,0.5719,0.0812,0.1094,0.1524,640,320,0.1385,0.4618,0.7544,0.6634,0.5739,0.2281,0.0443,0.0826,812,406,0.1574,0.4286,0.4372,0.2766,0.6998,1.0,0.1503,0.6562,231,231,0.4093,0.4538,0.4769,0.3043,0.6353,1.0,0.1214,0.3323,130,130,0.2902,0.7134,0.2485,1.0,0.2045,471,0.2028,0.7488,0.3382,1.0,0.1876,1083,0.187,0.665,0.6848,0.7625,0.3303,0.4471,1.0,0.0354,0.1533,400,400,0.1798,0.0362,0.1008,387
ref/rand25@3,0.5266,0.6609,0.5182,0.5563,0.0973,0.1406,0.2095,640,320,0.131,0.4766,0.7968,0.6448,0.6379,0.2148,0.0739,0.156,812,406,0.1327,0.4372,0.5022,0.3262,0.6881,1.0,0.114,0.5593,231,231,0.379,0.4231,0.5462,0.3913,0.6567,1.0,0.1433,0.2728,130,130,0.2646,0.7856,0.4727,1.0,0.128,471,0.1574,0.8098,0.5029,1.0,0.1158,1083,0.1483,0.6725,0.7038,0.805,0.4679,0.425,1.0,0.0817,0.1021,400,400,0.1454,0.0491,0.137,387
ref/rand50@3,0.5766,0.7078,0.4911,0.6844,0.0609,0.2156,0.2952,640,320,0.1228,0.5123,0.8603,0.6083,0.7956,0.1896,0.1256,0.4037,812,406,0.0956,0.6017,0.7229,0.6738,0.4969,1.0,0.0596,0.2183,231,231,0.2067,0.4231,0.6231,0.4783,0.648,1.0,0.1727,0.1988,130,130,0.2199,0.9087,0.7697,1.0,0.0472,471,0.0885,0.8818,0.7139,1.0,0.051,1083,0.0899,0.7625,0.7989,0.8975,0.7523,0.3733,1.0,0.0735,0.0425,400,400,0.0847,0.1034,0.1731,387
ref/rand10@0,0.4969,0.6813,0.5425,0.5125,0.1403,0.0156,0.019,640,320,0.1544,0.4643,0.712,0.6727,0.5542,0.2355,0.0345,0.0826,812,406,0.1837,0.355,0.4026,0.1773,0.7947,1.0,0.2139,0.7457,231,231,0.4294,0.3923,0.4846,0.3043,0.7285,1.0,0.1926,0.3234,130,130,0.2908,0.673,0.2,1.0,0.2521,471,0.2275,0.7054,0.3208,1.0,0.2425,1083,0.2184,0.6575,0.6793,0.7275,0.3486,0.4514,1.0,0.0581,0.1955,400,400,0.2049,0.0284,0.1137,387
ref/rand25@0,0.5203,0.6859,0.5396,0.5188,0.1161,0.0688,0.0952,640,320,0.1447,0.4766,0.7406,0.6529,0.5985,0.2158,0.0714,0.0826,812,406,0.1575,0.4026,0.4502,0.2057,0.7341,1.0,0.1661,0.6981,231,231,0.4061,0.4308,0.5231,0.2899,0.67,1.0,0.1506,0.2964,130,130,0.2798,0.7473,0.3879,1.0,0.1766,471,0.1829,0.7608,0.4335,1.0,0.1748,1083,0.1794,0.67,0.6929,0.765,0.422,0.4408,1.0,0.0928,0.1425,400,400,0.1721,0.0672,0.1628,387
ref/rand50@0,0.5188,0.7063,0.5313,0.5531,0.1239,0.1281,0.2381,640,320,0.1329,0.4938,0.8304,0.6187,0.7808,0.2044,0.101,0.3028,812,406,0.1116,0.4935,0.5195,0.3901,0.6164,1.0,0.1341,0.4141,231,231,0.3108,0.4462,0.4769,0.2899,0.6622,1.0,0.1379,0.2746,130,130,0.2663,0.8344,0.6242,1.0,0.087,471,0.1173,0.8606,0.7254,1.0,0.0759,1083,0.112,0.7275,0.7636,0.875,0.7339,0.4001,1.0,0.0407,0.0673,400,400,0.1073,0.093,0.1912,387
ref/qattn10@7,0.6953,0.8797,0.3902,0.8938,0.084,0.4031,0.819,640,320,0.05,0.6281,0.8965,0.503,0.8941,0.0873,0.3448,0.8807,812,406,0.0625,0.6017,0.7446,0.6879,0.5124,1.0,0.089,0.173,231,231,0.1929,0.4385,0.6923,0.5797,0.6656,1.0,0.1881,0.1369,130,130,0.1743,0.9321,0.8485,1.0,0.0244,471,0.061,0.9354,0.8526,1.0,0.02,1083,0.057,0.7875,0.8234,0.9425,0.8899,0.3554,1.0,0.1123,0.0141,400,400,0.0494,0.3178,0.3979,387
ref/qattn10@3,0.65,0.7625,0.4072,0.7281,0.0773,0.325,0.5714,640,320,0.0969,0.5702,0.8155,0.5416,0.8966,0.1274,0.2389,0.6881,812,406,0.123,0.4199,0.4719,0.3121,0.722,1.0,0.1632,0.6424,231,231,0.3969,0.4385,0.5385,0.3913,0.674,1.0,0.1725,0.3142,130,130,0.2668,0.7771,0.4242,1.0,0.1246,471,0.1486,0.8024,0.5173,1.0,0.1297,1083,0.1392,0.7375,0.7636,0.8275,0.5505,0.372,1.0,0.0662,0.0993,400,400,0.1202,0.2377,0.323,387
ref/drop@3,0.5016,0.5922,0.5195,0.575,0.0874,0.0063,0.0,640,320,0.1372,0.4483,0.7107,0.6523,0.4015,0.2349,0.0,0.0,812,406,0.1903,0.4286,0.4675,0.2482,0.6931,1.0,0.1101,0.6017,231,231,0.3906,0.4538,0.5308,0.2609,0.6257,1.0,0.1117,0.2561,130,130,0.2576,0.6454,0.0,1.0,0.3583,471,0.2595,0.6814,0.0202,1.0,0.3349,1083,0.2425,0.6475,0.6685,0.725,0.0183,0.4799,1.0,0.1085,0.2251,400,400,0.2108,0.0,0.0,387
ref/drop@0,0.4984,0.6641,0.5301,0.5281,0.1094,0.0031,0.0095,640,320,0.1421,0.4507,0.7132,0.6417,0.4089,0.2051,0.0,0.0,812,406,0.181,0.3896,0.4156,0.0993,0.7334,1.0,0.143,0.7123,231,231,0.4164,0.4538,0.5077,0.1594,0.6187,1.0,0.1046,0.2608,130,130,0.2664,0.5456,0.0,1.0,0.3873,471,0.2724,0.6103,0.0202,1.0,0.3607,1083,0.2505,0.6675,0.6793,0.6775,0.0183,0.4673,1.0,0.0715,0.235,400,400,0.215,0.0,0.0,387
h1/g2res/ifp:dense,,,,,,,,,0,,,,,,,,,,0,,,,,,0.0,,,,231,,,,,,0.0,,,,130,,,,0.0,,471,,0.9926,1.0,0.4986,0.0001,1083,0.0042,0.6794,0.7664,0.9924,1.0,0.4841,0.3275,0.0796,0.0001,131,400,0.0045,,,0
h1/g2res/ifp:own,,,,,,,,,0,,,,,,,,,,0,,,,,,0.0,,,,231,,,,,,0.0,,,,130,,,,0.0,,471,,0.7741,0.7535,0.4986,0.1279,1083,0.1808,0.5573,0.6262,0.7634,0.7826,0.5236,0.3275,0.1383,0.1294,131,400,0.1782,,,0
h1/g2res/ifp:global,,,,,,,,,0,,,,,,,,,,0,,,,,,0.0,,,,231,,,,,,0.0,,,,130,,,,0.0,,471,,0.7185,0.6744,0.4986,0.2963,1083,0.2736,0.6641,0.7009,0.7634,0.7391,0.5421,0.3275,0.2105,0.2844,131,400,0.2715,,,0
h1/g2res/ifp:other,,,,,,,,,0,,,,,,,,,,0,,,,,,0.0,,,,231,,,,,,0.0,,,,130,,,,0.0,,471,,0.7019,0.5395,0.4986,0.2831,1083,0.2244,0.6336,0.7009,0.7405,0.6739,0.5647,0.3275,0.1533,0.2352,131,400,0.2165,,,0
h1/g2res/longr8:dense,,,,,,,,,0,,,,,,,,,,0,,,,,,0.0,,,,231,,,,,,0.0,,,,130,,1.0,1.0,0.3843,0.0,471,0.0019,,,0.0,,1083,,,,,,,0.0,,,,400,,,,0
h1/g2res/longr8:Q:r8,,,,,,,,,0,,,,,,,,,,0,,,,,,0.0,,,,231,,,,,,0.0,,,,130,,1.0,1.0,0.3843,0.0001,471,0.0044,,,0.0,,1083,,,,,,,0.0,,,,400,,,,0
h1/g2res/qall:dense,,,,,,,,,0,,,,,,,,,,0,,,,,,0.0,,,,231,,,,,,0.0,,,,130,,,,0.0,,471,,1.0,1.0,0.0748,0.0,1083,0.0018,0.8788,0.9062,1.0,1.0,0.1702,0.0825,0.1707,0.0,33,400,0.0019,,,0
h1/g2res/qall:Q:p8,,,,,,,,,0,,,,,,,,,,0,,,,,,0.0,,,,231,,,,,,0.0,,,,130,,,,0.0,,471,,0.9877,1.0,0.0748,0.001,1083,0.014,0.8788,0.9062,1.0,1.0,0.1633,0.0825,0.1194,0.0008,33,400,0.0125,,,0
h1/g2res/qall:Q:r8,,,,,,,,,0,,,,,,,,,,0,,,,,,0.0,,,,231,,,,,,0.0,,,,130,,,,0.0,,471,,0.9877,1.0,0.0748,0.0001,1083,0.0044,0.8788,0.9062,1.0,1.0,0.1722,0.0825,0.1433,0.0001,33,400,0.0048,,,0
h1/g2res/qall:Q:r4,,,,,,,,,0,,,,,,,,,,0,,,,,,0.0,,,,231,,,,,,0.0,,,,130,,,,0.0,,471,,0.8519,0.75,0.0748,0.0525,1083,0.1241,0.8485,0.8438,0.8485,0.7143,0.2556,0.0825,0.2069,0.0528,33,400,0.1265,,,0
h1/g2res/qall:Q:r48,,,,,,,,,0,,,,,,,,,,0,,,,,,0.0,,,,231,,,,,,0.0,,,,130,,,,0.0,,471,,0.9136,0.8125,0.0748,0.0166,1083,0.0617,0.8182,0.8438,0.9394,0.7143,0.2165,0.0825,0.2494,0.0204,33,400,0.0663,,,0
h1/g2res/qe0:Q:r4c,0.719,0.719,0.3785,0.7714,0.0815,0.4952,0.4952,210,105,0.1097,0.7844,0.7844,0.3322,0.9358,0.1366,0.5688,0.5688,218,109,0.0987,,,,,0.0,,,,231,,,,,,0.0,,,,130,,,,0.0,,471,,0.6792,0.6792,0.3195,0.1358,1083,0.1821,0.6789,0.7,0.7248,0.7248,0.4328,0.2725,0.0701,0.113,109,400,0.1628,0.6087,0.6087,46
h1/g2res/qe1000:Q:r4c,0.7524,0.7524,0.3664,0.8762,0.1347,0.5143,0.5143,210,105,0.0949,0.7523,0.7523,0.2763,0.9541,0.1511,0.5046,0.5046,218,109,0.0988,,,,,0.0,,,,231,,,,,,0.0,,,,130,,,,0.0,,471,,0.7341,0.7341,0.3195,0.0814,1083,0.1324,0.5872,0.6,0.6972,0.6972,0.4271,0.2725,0.1726,0.068,109,400,0.1269,0.4348,0.4348,46
h1/g2res/qe1500:Q:r4c,0.7333,0.7333,0.3808,0.8667,0.1212,0.4952,0.4952,210,105,0.1069,0.7385,0.7385,0.3195,0.9817,0.1761,0.4771,0.4771,218,109,0.109,0.4385,0.7308,0.7681,0.6321,0.5628,0.1406,0.1089,130,231,0.1715,0.4385,0.7308,0.7681,0.6321,1.0,0.1406,0.1089,130,130,0.1715,0.8848,0.8848,0.3503,0.0644,471,0.1102,0.8892,0.7572,1.0,0.0405,1083,0.0829,0.725,0.7663,0.87,0.6606,0.3881,1.0,0.0604,0.0424,400,400,0.0873,0.413,0.413,46
h1/g2res/qe500:Q:r4c,0.7238,0.7238,0.3708,0.819,0.0861,0.4857,0.4857,210,105,0.1034,0.7339,0.7339,0.3152,0.9633,0.1061,0.4771,0.4771,218,109,0.1157,,,,,0.0,,,,231,,,,,,0.0,,,,130,,,,0.0,,471,,0.7341,0.7341,0.3195,0.1188,1083,0.1567,0.6789,0.71,0.7431,0.7431,0.433,0.2725,0.092,0.0902,109,400,0.1447,0.413,0.413,46
h1/g2res/qmain:dense,0.9857,0.9857,0.2501,1.0,0.3206,0.9714,0.9714,210,105,0.0032,1.0,1.0,0.2171,1.0,0.3135,1.0,1.0,218,109,0.0029,0.5308,0.9923,1.0,0.5584,0.5628,0.1284,0.0001,130,231,0.0046,0.5308,0.9923,1.0,0.5584,1.0,0.1284,0.0001,130,130,0.0046,1.0,1.0,0.0849,0.0,471,0.0018,0.9954,0.9971,1.0,0.0001,1083,0.0031,0.785,0.8207,0.995,0.9908,0.3467,1.0,0.1126,0.0,400,400,0.0029,1.0,1.0,46
h1/g2res/qmain:Q:r8,0.9857,0.9857,0.2511,1.0,0.321,0.9714,0.9714,210,105,0.0066,0.9862,0.9862,0.2198,1.0,0.3013,0.9725,0.9725,218,109,0.0067,0.5385,0.9846,0.9855,0.556,0.5628,0.1224,0.0005,130,231,0.01,0.5385,0.9846,0.9855,0.556,1.0,0.1224,0.0005,130,130,0.01,1.0,1.0,0.0849,0.0001,471,0.0042,0.9871,0.9855,1.0,0.0003,1083,0.0069,0.7875,0.8234,0.9875,0.9817,0.347,1.0,0.1205,0.0002,400,400,0.006,0.9783,0.9783,46
h1/g2res/qmain:Q:r4,0.6,0.6,0.4386,0.7143,0.0842,0.2952,0.2952,210,105,0.1388,0.633,0.633,0.4502,0.7615,0.0311,0.2844,0.2844,218,109,0.1607,0.4308,0.6615,0.6377,0.6356,0.5628,0.1304,0.1728,130,231,0.2159,0.4308,0.6615,0.6377,0.6356,1.0,0.1304,0.1728,130,130,0.2159,0.925,0.9167,0.0849,0.0644,471,0.1342,0.7895,0.6532,1.0,0.1409,1083,0.1854,0.675,0.7092,0.79,0.6789,0.4593,1.0,0.0574,0.1186,400,400,0.177,0.2609,0.2826,46
h1/g2res/qmain_part1:dense,0.9857,0.9857,0.2501,1.0,0.3206,0.9714,0.9714,210,105,0.0032,1.0,1.0,0.2171,1.0,0.3135,1.0,1.0,218,109,0.0029,0.5308,0.9923,1.0,0.5584,0.5628,0.1284,0.0001,130,231,0.0046,0.5308,0.9923,1.0,0.5584,1.0,0.1284,0.0001,130,130,0.0046,1.0,1.0,0.0849,0.0,471,0.0018,0.9954,0.9971,1.0,0.0001,1083,0.0031,0.785,0.8207,0.995,0.9908,0.3467,1.0,0.1126,0.0,400,400,0.0029,1.0,1.0,46
h1/g2res/qmain_part1:Q:r8,0.9857,0.9857,0.2511,1.0,0.321,0.9714,0.9714,210,105,0.0066,0.9862,0.9862,0.2198,1.0,0.3013,0.9725,0.9725,218,109,0.0067,0.5385,0.9846,0.9855,0.556,0.5628,0.1224,0.0005,130,231,0.01,0.5385,0.9846,0.9855,0.556,1.0,0.1224,0.0005,130,130,0.01,1.0,1.0,0.0849,0.0001,471,0.0042,0.9871,0.9855,1.0,0.0003,1083,0.0069,0.7875,0.8234,0.9875,0.9817,0.347,1.0,0.1205,0.0002,400,400,0.006,0.9783,0.9783,46
h1/g2res/qmain_part1:Q:r4,0.6,0.6,0.4386,0.7143,0.0842,0.2952,0.2952,210,105,0.1388,0.633,0.633,0.4502,0.7615,0.0311,0.2844,0.2844,218,109,0.1607,0.4308,0.6615,0.6377,0.6356,0.5628,0.1304,0.1728,130,231,0.2159,0.4308,0.6615,0.6377,0.6356,1.0,0.1304,0.1728,130,130,0.2159,0.925,0.9167,0.0849,0.0644,471,0.1342,0.7895,0.6532,1.0,0.1409,1083,0.1854,0.675,0.7092,0.79,0.6789,0.4593,1.0,0.0574,0.1186,400,400,0.177,0.2609,0.2826,46
h1/g2res/smoke:dense,,,,,,,,,0,,,,,,,,,,0,,,,,,0.0,,,,231,,,,,,0.0,,,,130,,,,0.0,,471,,1.0,1.0,0.0074,0.0001,1083,0.0045,1.0,1.0,1.0,1.0,0.2642,0.005,0.3413,0.0,2,400,0.0016,,,0
h1/g2res/smoke:Q:p8,,,,,,,,,0,,,,,,,,,,0,,,,,,0.0,,,,231,,,,,,0.0,,,,130,,,,0.0,,471,,0.875,0.875,0.0074,0.0034,1083,0.0308,1.0,1.0,1.0,1.0,0.2293,0.005,0.318,0.0015,2,400,0.0249,,,0
h1/g2res/smoke:Q:r8,,,,,,,,,0,,,,,,,,,,0,,,,,,0.0,,,,231,,,,,,0.0,,,,130,,,,0.0,,471,,1.0,1.0,0.0074,0.0003,1083,0.0072,1.0,1.0,1.0,1.0,0.2757,0.005,0.3489,0.0001,2,400,0.006,,,0
h1/g2res/smoke:Q:r4,,,,,,,,,0,,,,,,,,,,0,,,,,,0.0,,,,231,,,,,,0.0,,,,130,,,,0.0,,471,,0.75,0.75,0.0074,0.1661,1083,0.1843,1.0,1.0,1.0,1.0,0.4039,0.005,0.4472,0.0387,2,400,0.1044,,,0
h1/g2res/smoke:N4-10/qa7,,,,,,,,,0,,,,,,,,,,0,,,,,,0.0,,,,231,,,,,,0.0,,,,130,,,,0.0,,471,,0.625,0.625,0.0074,0.1013,1083,0.1635,0.5,0.5,0.5,0.5,0.5286,0.005,0.4608,0.0531,2,400,0.1179,,,0
h1/g2res/smoke:D-10/qa7,,,,,,,,,0,,,,,,,,,,0,,,,,,0.0,,,,231,,,,,,0.0,,,,130,,,,0.0,,471,,0.625,0.625,0.0074,0.2735,1083,0.2001,0.5,0.5,0.5,0.5,0.3399,0.005,0.356,0.0185,2,400,0.0843,,,0
h1/g2res/smoke:M4-50/qa7,,,,,,,,,0,,,,,,,,,,0,,,,,,0.0,,,,231,,,,,,0.0,,,,130,,,,0.0,,471,,0.875,0.875,0.0074,0.007,1083,0.0306,1.0,1.0,1.0,1.0,0.2806,0.005,0.3538,0.0003,2,400,0.0109,,,0
h1/g2res/tap8:dense,,,,,,,,,0,,,,,,,,,,0,,,,,,0.0,,,,231,,,,,,0.0,,,,130,,,,0.0,,471,,0.9954,0.9971,1.0,0.0001,1083,0.0031,0.785,0.8207,0.995,0.9908,0.3467,1.0,0.1126,0.0,400,400,0.0029,,,0
h1/g2res/tap8:S:r8,,,,,,,,,0,,,,,,,,,,0,,,,,,0.0,,,,231,,,,,,0.0,,,,130,,,,0.0,,471,,0.9954,0.9971,1.0,0.0001,1083,0.0044,0.7825,0.8179,0.9975,1.0,0.3472,1.0,0.1191,0.0001,400,400,0.004,,,0
h1/g2res/tap8:P8-25/qa7,,,,,,,,,0,,,,,,,,,,0,,,,,,0.0,,,,231,,,,,,0.0,,,,130,,,,0.0,,471,,0.9972,1.0,1.0,0.0001,1083,0.0034,0.7825,0.8179,0.9975,1.0,0.3474,1.0,0.1199,0.0001,400,400,0.003,,,0
h1/res/e1_main:dense,0.9857,0.9857,0.2501,1.0,0.3206,0.9714,0.9714,210,105,0.0032,1.0,1.0,0.2171,1.0,0.3135,1.0,1.0,218,109,0.0029,,,,,0.0,,,,231,,,,,,0.0,,,,130,,,,0.0,,471,,0.9954,0.9971,1.0,0.0001,1083,0.0031,0.785,0.8207,0.995,0.9908,0.3467,1.0,0.1126,0.0,400,400,0.0029,1.0,1.0,46
h1/res/e1_main:w8a8,0.981,0.981,0.252,1.0,0.3171,0.9619,0.9619,210,105,0.008,0.9862,0.9862,0.2176,1.0,0.3,0.9725,0.9725,218,109,0.0063,,,,,0.0,,,,231,,,,,,0.0,,,,130,,,,0.0,,471,,0.9871,0.9942,1.0,0.0003,1083,0.0076,0.785,0.8207,0.99,1.0,0.347,1.0,0.1122,0.0003,400,400,0.007,0.9783,0.9783,46
"h1/res/e1_main:w8a8,gptq8",0.981,0.981,0.2506,1.0,0.3158,0.9619,0.9619,210,105,0.0058,0.9908,0.9908,0.2174,1.0,0.3043,0.9817,0.9817,218,109,0.0054,,,,,0.0,,,,231,,,,,,0.0,,,,130,,,,0.0,,471,,0.9935,0.9913,1.0,0.0002,1083,0.0055,0.7875,0.8207,0.9975,0.9908,0.3472,1.0,0.1161,0.0001,400,400,0.0048,0.9783,0.9783,46
h1/res/e1_main:w16a16,,,,,,,,,0,,,,,,,,,,0,,,,,,0.0,,,,231,,,,,,0.0,,,,130,,,,0.0,,471,,0.9963,0.9971,0.9852,0.0001,1083,0.0031,0.7806,0.8167,0.9974,1.0,0.3517,0.98,0.1225,0.0,392,400,0.0028,,,0
"h1/res/e2_main:w8a8,gptq8,map=precmap_w8a8_b8.json",0.9857,0.9857,0.2506,1.0,0.3207,0.9714,0.9714,210,105,0.0055,1.0,1.0,0.2172,1.0,0.3136,1.0,1.0,218,109,0.0044,,,,,0.0,,,,231,,,,,,0.0,,,,130,,,,0.0,,471,,0.9926,0.9942,1.0,0.0001,1083,0.0046,0.7925,0.8288,0.9875,0.9817,0.3471,1.0,0.11,0.0001,400,400,0.0042,1.0,1.0,46
"h1/res/e2_main:w8a8,gptq8,map=precmap_w8a8_b16.json",,,,,,,,,0,,,,,,,,,,0,,,,,,0.0,,,,231,,,,,,0.0,,,,130,,,,0.0,,471,,0.998,0.9929,0.4515,0.0001,1083,0.0035,0.8182,0.8487,1.0,1.0,0.2683,0.4125,0.0976,0.0001,165,400,0.0032,,,0
"h1/res/e3_all:w8a8,gptq8,qb16",0.6562,0.9906,0.4099,0.8812,0.0711,0.3375,0.9905,640,320,0.0042,0.5973,0.9913,0.521,0.9458,0.1072,0.2734,1.0,812,406,0.0039,0.5385,0.9846,0.9855,0.5579,0.5628,0.1204,0.0002,130,231,0.0059,0.5385,0.9846,0.9855,0.5579,1.0,0.1204,0.0002,130,130,0.0059,0.9915,0.9758,1.0,0.0001,471,0.0037,0.9935,0.9913,1.0,0.0001,1083,0.0036,0.79,0.8234,0.995,0.9817,0.3468,1.0,0.1075,0.0001,400,400,0.0031,0.2506,0.3463,387
h1/res/e3_all:dense,0.9857,0.9857,0.2501,1.0,0.3206,0.9714,0.9714,210,105,0.0032,1.0,1.0,0.2171,1.0,0.3135,1.0,1.0,218,109,0.0029,,,,,0.0,,,,231,,,,,,0.0,,,,130,,,,0.0,,471,,0.9954,0.9971,1.0,0.0001,1083,0.0031,0.785,0.8207,0.995,0.9908,0.3467,1.0,0.1126,0.0,400,400,0.0029,1.0,1.0,46
h1/res/e3_dense:dense,0.6484,0.9891,0.4099,0.8844,0.087,0.325,0.9714,640,320,0.0034,0.5948,0.9975,0.5206,0.9507,0.1119,0.2709,1.0,812,406,0.003,0.5308,0.9923,1.0,0.5584,0.5628,0.1284,0.0001,130,231,0.0046,0.5308,0.9923,1.0,0.5584,1.0,0.1284,0.0001,130,130,0.0046,0.9958,0.9879,1.0,0.0001,471,0.0032,0.9954,0.9971,1.0,0.0001,1083,0.0031,0.785,0.8207,0.995,0.9908,0.3467,1.0,0.1126,0.0,400,400,0.0029,0.2481,0.3437,387
"h1/res/e4_w4a8curve:w4a8,gptq",0.8905,0.8905,0.2723,1.0,0.2359,0.781,0.781,210,105,0.0309,0.9862,0.9862,0.2135,1.0,0.2978,0.9725,0.9725,218,109,0.0258,,,,,0.0,,,,231,,,,,,0.0,,,,130,,,,0.0,,471,,0.9769,0.9769,0.3195,0.0041,1083,0.0277,0.7615,0.8,0.945,0.945,0.3147,0.2725,0.1186,0.0027,109,400,0.0236,0.9565,0.9565,46
"h1/res/e4_w4a8curve:w4a8,gptq,lrot=lora_qat_w4a8_B_s900.pt",0.8857,0.8857,0.276,0.9905,0.2314,0.7714,0.7714,210,105,0.0364,0.9633,0.9633,0.2287,1.0,0.2837,0.9266,0.9266,218,109,0.0225,,,,,0.0,,,,231,,,,,,0.0,,,,130,,,,0.0,,471,,0.974,0.974,0.3195,0.0033,1083,0.0253,0.7615,0.8,0.945,0.945,0.3224,0.2725,0.0829,0.0023,109,400,0.0223,0.913,0.913,46
"h1/res/e4_w4a8curve:w4a8,gptq,lrot=lora_qat_w4a8_B_s300.pt",0.8857,0.8857,0.2745,1.0,0.2321,0.7714,0.7714,210,105,0.0338,0.9771,0.9771,0.2175,1.0,0.2913,0.9541,0.9541,218,109,0.0249,,,,,0.0,,,,231,,,,,,0.0,,,,130,,,,0.0,,471,,0.974,0.974,0.3195,0.004,1083,0.0268,0.7706,0.81,0.9358,0.9358,0.3152,0.2725,0.1103,0.0025,109,400,0.0223,0.9565,0.9565,46
"h1/res/e4_w4a8curve:w4a8,gptq,lrot=lora_qat_w4a8_B_s600.pt",0.8857,0.8857,0.2762,1.0,0.2322,0.7714,0.7714,210,105,0.0355,0.9587,0.9587,0.2285,1.0,0.2791,0.9174,0.9174,218,109,0.0229,,,,,0.0,,,,231,,,,,,0.0,,,,130,,,,0.0,,471,,0.9624,0.9624,0.3195,0.0036,1083,0.0263,0.7706,0.81,0.9358,0.9358,0.3214,0.2725,0.0758,0.0026,109,400,0.0229,0.8913,0.8913,46
"h1/res/e5_w4var:w4a8,gptq,qb16",0.9381,0.9381,0.2566,1.0,0.2751,0.8762,0.8762,210,105,0.0196,0.9679,0.9679,0.2194,1.0,0.2807,0.9358,0.9358,218,109,0.0174,,,,,0.0,,,,231,,,,,,0.0,,,,130,,,,0.0,,471,,0.9769,0.9769,0.3195,0.0016,1083,0.0181,0.7706,0.81,0.9541,0.9541,0.3201,0.2725,0.0872,0.0013,109,400,0.017,0.9348,0.9348,46
"h1/res/e5_w4var:w4a4,gptq,ba16,clip=0.85,map=precmap_w4a4_k48.json,qb16",0.9667,0.9667,0.2524,1.0,0.3018,0.9333,0.9333,210,105,0.0123,0.9862,0.9862,0.2198,1.0,0.301,0.9725,0.9725,218,109,0.0107,,,,,0.0,,,,231,,,,,,0.0,,,,130,,,,0.0,,471,,0.9942,0.9942,0.3195,0.0008,1083,0.0124,0.7706,0.8,0.9908,0.9908,0.3215,0.2725,0.1096,0.0007,109,400,0.0117,1.0,1.0,46
h2/preds_bf16,0.65,0.9906,0.41,0.8812,0.0803,0.325,0.9714,640,320,0.0035,0.5973,0.9938,0.5205,0.9507,0.1072,0.2759,1.0,812,406,0.0032,0.7316,0.9913,1.0,0.3476,1.0,0.0399,0.0001,231,231,0.0032,0.5385,0.9846,1.0,0.5572,1.0,0.1209,0.0001,130,130,0.0043,0.9958,0.9879,1.0,0.0001,471,0.003,0.9963,0.9942,1.0,0.0001,1083,0.0033,0.785,0.8207,0.995,0.9908,0.3469,1.0,0.1116,0.0,400,400,0.0028,0.2532,0.3463,387
h2/preds_precmap_w4a4_k24,0.6266,0.8266,0.4333,0.7406,0.0388,0.2969,0.6381,640,320,0.0677,0.5936,0.9127,0.5097,0.9113,0.103,0.2857,0.8349,812,406,0.0588,0.7229,0.8874,0.9007,0.3731,1.0,0.0402,0.0294,231,231,0.0726,0.5385,0.8308,0.8406,0.5896,1.0,0.1271,0.0432,130,130,0.0991,0.949,0.9333,1.0,0.024,471,0.0659,0.9169,0.8526,1.0,0.0227,1083,0.0659,0.785,0.8234,0.9225,0.8532,0.3545,1.0,0.087,0.0166,400,400,0.0584,0.2687,0.3643,387
h2/preds_precmap_w4a4_k48,0.6453,0.9297,0.4142,0.8469,0.0855,0.3063,0.8095,640,320,0.03,0.5961,0.9539,0.5178,0.9532,0.1108,0.2783,0.9174,812,406,0.0304,0.7186,0.9784,0.9787,0.3623,1.0,0.0476,0.0055,231,231,0.03,0.5154,0.9615,0.9565,0.5841,1.0,0.1395,0.0081,130,130,0.0412,0.9682,0.9333,1.0,0.0065,471,0.0335,0.9612,0.9422,1.0,0.006,1083,0.0327,0.78,0.8152,0.9725,0.9541,0.3581,1.0,0.1094,0.0051,400,400,0.0306,0.261,0.354,387
h2/preds_precmap_w4a4_k48_gptq_w4_w8,0.6469,0.9531,0.4124,0.8562,0.081,0.3094,0.8476,640,320,0.0247,0.601,0.9688,0.5244,0.931,0.1143,0.2808,0.9725,812,406,0.0247,0.7316,0.9784,0.9787,0.3508,1.0,0.0633,0.0036,231,231,0.0258,0.5385,0.9615,0.9565,0.564,1.0,0.1305,0.0049,130,130,0.0343,0.9724,0.9394,1.0,0.0032,471,0.0243,0.9741,0.9653,1.0,0.0033,1083,0.0246,0.78,0.8152,0.9725,0.9633,0.3533,1.0,0.0961,0.0025,400,400,0.022,0.261,0.3514,387
h2/preds_precmap_w8a8_b8_gptq_w8,0.6594,0.9812,0.4099,0.8812,0.0753,0.3375,0.9714,640,320,0.0058,0.5985,0.9888,0.5211,0.9409,0.1064,0.2783,1.0,812,406,0.0049,0.7229,1.0,1.0,0.3471,1.0,0.0533,0.0002,231,231,0.005,0.5231,1.0,1.0,0.5561,1.0,0.1358,0.0003,130,130,0.0071,0.9936,0.9818,1.0,0.0002,471,0.0056,0.9982,0.9971,1.0,0.0001,1083,0.0047,0.785,0.8179,1.0,1.0,0.3473,1.0,0.12,0.0001,400,400,0.0042,0.2532,0.3488,387
h2/preds_w4a4,0.6094,0.7406,0.4608,0.7125,0.0402,0.2719,0.5143,640,320,0.0961,0.5751,0.8379,0.5428,0.8325,0.1233,0.2512,0.6697,812,406,0.1047,0.71,0.8788,0.8794,0.4046,1.0,0.0713,0.0785,231,231,0.1235,0.5077,0.7923,0.7681,0.6193,1.0,0.1449,0.1069,130,130,0.1562,0.8896,0.8788,1.0,0.0607,471,0.1111,0.8652,0.8555,1.0,0.0666,1083,0.1189,0.7275,0.7609,0.86,0.8807,0.4057,1.0,0.0762,0.0563,400,400,0.1117,0.2351,0.3411,387
h2/preds_w4a4_codes_gptq_w4,0.6203,0.8234,0.4428,0.7344,0.0334,0.3125,0.6571,640,320,0.0704,0.5936,0.9239,0.5396,0.8719,0.1082,0.2734,0.8257,812,406,0.0686,0.7143,0.8831,0.8794,0.3809,1.0,0.0503,0.0439,231,231,0.0962,0.5231,0.8077,0.7681,0.5856,1.0,0.1129,0.0626,130,130,0.1247,0.9384,0.8848,1.0,0.0328,471,0.0809,0.9104,0.8497,1.0,0.0305,1083,0.0775,0.755,0.7908,0.935,0.9174,0.3807,1.0,0.0863,0.0237,400,400,0.0693,0.2558,0.3333,387
h2/preds_w4a4_evt,0.5953,0.7109,0.4648,0.6625,0.0477,0.2375,0.4,640,320,0.1037,0.5554,0.8466,0.5571,0.8054,0.1405,0.2266,0.6514,812,406,0.1048,0.684,0.8355,0.844,0.4036,1.0,0.0479,0.0821,231,231,0.1253,0.4692,0.7385,0.7391,0.6161,1.0,0.1417,0.1115,130,130,0.1576,0.8875,0.8909,1.0,0.0601,471,0.1119,0.8633,0.8324,1.0,0.0634,1083,0.1171,0.72,0.75,0.8575,0.8532,0.4015,1.0,0.0476,0.0558,400,400,0.1131,0.2119,0.3204,387
h2/preds_w4a8,0.6281,0.7812,0.4368,0.8063,0.0426,0.2844,0.5905,640,320,0.0737,0.6121,0.8628,0.5268,0.8966,0.1021,0.3202,0.844,812,406,0.0773,0.7056,0.8961,0.9007,0.386,1.0,0.0491,0.0341,231,231,0.0747,0.5,0.8385,0.8261,0.6162,1.0,0.167,0.0535,130,130,0.1056,0.9066,0.897,1.0,0.0318,471,0.0786,0.9049,0.8988,1.0,0.0315,1083,0.0785,0.7425,0.7799,0.895,0.9266,0.3683,1.0,0.0825,0.0259,400,400,0.0713,0.3023,0.3618,387
h2/preds_w8a8,0.6516,0.9734,0.4124,0.8781,0.0886,0.325,0.9238,640,320,0.0077,0.5948,0.99,0.521,0.9433,0.1095,0.2734,0.9908,812,406,0.0067,0.7273,0.9957,1.0,0.3483,1.0,0.0476,0.0003,231,231,0.0074,0.5308,0.9923,1.0,0.5587,1.0,0.1272,0.0005,130,130,0.0108,0.9894,0.9697,1.0,0.0003,471,0.0079,0.988,0.9884,1.0,0.0003,1083,0.0073,0.79,0.8261,0.99,0.9908,0.3482,1.0,0.1123,0.0002,400,400,0.0063,0.2481,0.3411,387
h2/preds_w8a8_codes_gptq_w8,0.6594,0.9875,0.4094,0.8781,0.0699,0.3375,0.9905,640,320,0.0059,0.5973,0.9913,0.5198,0.936,0.1073,0.2759,1.0,812,406,0.0051,0.7273,0.9957,1.0,0.3484,1.0,0.0501,0.0002,231,231,0.0054,0.5308,0.9923,1.0,0.5579,1.0,0.1278,0.0003,130,130,0.0076,0.9894,0.9697,1.0,0.0002,471,0.0057,0.9917,0.9913,1.0,0.0002,1083,0.0053,0.7875,0.8207,0.9975,1.0,0.3476,1.0,0.108,0.0001,400,400,0.005,0.2506,0.3463,387
h3/hobson__bf16__long,,,,,,,,,0,,,,,,,,,,0,,,,,,0.0,,,,231,,,,,,0.0,,,,130,,0.9879,0.9879,0.3503,0.0001,471,0.0043,,,0.0,,1083,,,,,,,0.0,,,,400,,,,0
h3/hobson__nvfp4__long,,,,,,,,,0,,,,,,,,,,0,,,,,,0.0,,,,231,,,,,,0.0,,,,130,,0.8727,0.8727,0.3503,0.0365,471,0.0779,,,0.0,,1083,,,,,,,0.0,,,,400,,,,0
h3/v1__bf16__long,,,,,,,,,0,,,,,,,,,,0,,,,,,0.0,,,,231,,,,,,0.0,,,,130,,0.8727,0.8727,0.3503,0.0348,471,0.0798,,,0.0,,1083,,,,,,,0.0,,,,400,,,,0
h3/v1__nvfp4__long,,,,,,,,,0,,,,,,,,,,0,,,,,,0.0,,,,231,,,,,,0.0,,,,130,,0.8545,0.8545,0.3503,0.0615,471,0.1112,,,0.0,,1083,,,,,,,0.0,,,,400,,,,0
h3/v1unm__bf16__real,,,,,,,,,0,,,,,,,,,,0,,,,,,0.0,,,,231,,,,,,0.0,,,,130,,,,0.0,,471,,0.9675,0.9333,0.3693,0.0068,1083,0.0319,0.8489,0.8712,0.9784,0.9412,0.2206,0.3475,0.1373,0.0032,139,400,0.0235,,,0
h4/hob_rev,0.6578,0.8359,0.4104,0.9156,0.0692,0.3281,0.7238,640,320,0.0755,0.6158,0.9015,0.504,0.9532,0.1132,0.2882,0.8807,812,406,0.0771,0.7273,0.8918,0.9291,0.3434,1.0,0.0596,0.0697,231,231,0.0848,0.5231,0.8154,0.8696,0.5571,1.0,0.1296,0.1095,130,130,0.1218,,,0.0,,471,,0.8966,0.8902,1.0,0.0711,1083,0.0903,0.7575,0.7853,0.9075,0.9174,0.3656,1.0,0.0693,0.0444,400,400,0.0736,0.2817,0.4005,387
h4/q_hob_w4g64,0.6406,0.8313,0.4193,0.8812,0.0695,0.2969,0.6762,640,320,0.0654,0.601,0.9302,0.5116,0.9557,0.1092,0.2833,0.9083,812,406,0.0461,,,,,0.0,,,,231,,,,,,0.0,,,,130,,,,0.0,,471,,0.9418,0.9191,1.0,0.0183,1083,0.0563,0.7675,0.8016,0.945,0.9358,0.3719,1.0,0.0854,0.0149,400,400,0.0527,0.2687,0.3669,387
h4/q_hob_w8a8,0.6406,0.9469,0.4117,0.8719,0.0966,0.3063,0.8476,640,320,0.0235,0.5887,0.9751,0.5311,0.9212,0.1203,0.2562,0.9358,812,406,0.0213,,,,,0.0,,,,231,,,,,,0.0,,,,130,,,,0.0,,471,,0.9658,0.9595,1.0,0.0027,1083,0.0215,0.785,0.8288,0.9675,0.945,0.3496,1.0,0.1015,0.002,400,400,0.0185,0.2351,0.3333,387
h4/q_tt_w4g64,0.7125,0.7375,0.4258,0.9094,0.1782,0.4344,0.6381,640,320,0.302,0.7894,0.6596,0.3277,0.9704,0.1292,0.5813,0.7431,812,406,0.3615,,,,,0.0,,,,231,,,,,,0.0,,,,130,,,,0.0,,471,,0.7479,0.8092,1.0,1.0413,1083,0.286,0.69,0.7283,0.76,0.8991,0.4625,1.0,0.1987,0.801,400,400,0.2637,0.5969,0.6305,387
h4/q_tt_w8a8,0.6672,0.7453,0.5349,0.9313,0.2429,0.3344,0.5238,640,320,0.318,0.8091,0.6608,0.3105,0.9458,0.1224,0.6256,0.7706,812,406,0.3701,,,,,0.0,,,,231,,,,,,0.0,,,,130,,,,0.0,,471,,0.7479,0.815,1.0,1.098,1083,0.3016,0.7025,0.7364,0.7825,0.8991,0.433,1.0,0.1837,0.8269,400,400,0.2688,0.6408,0.6744,387
h4/this-that-model-1.0_mschema,,,,,,,,,0,,,,,,,,,,0,,,,,,0.0,,,,231,,,,,,0.0,,,,130,,0.7452,0.6545,1.0,0.7691,471,0.2859,0.7119,0.7168,1.0,1.0764,1083,0.3214,0.72,0.7446,0.76,0.8349,0.4475,1.0,0.1742,0.9122,400,400,0.288,,,0
h4/this-that-model-1.0_multi,0.6687,0.7562,0.5299,0.95,0.2505,0.3375,0.5619,640,320,0.3206,0.8116,0.6596,0.3068,0.9631,0.1236,0.633,0.789,812,406,0.3715,0.6667,0.7446,0.8369,0.5558,1.0,0.2384,0.8368,231,231,0.2854,0.4769,0.6154,0.7246,0.8599,1.0,0.3784,1.0064,130,130,0.3698,0.707,0.703,1.0,1.1447,471,0.3169,0.7405,0.8064,1.0,1.1838,1083,0.3094,0.685,0.7201,0.775,0.9266,0.4642,1.0,0.2209,0.924,400,400,0.2765,0.6357,0.6744,387
h5/preds_dense,0.6484,0.9891,0.4099,0.8844,0.087,0.325,0.9714,640,320,0.0034,0.5948,0.9975,0.5206,0.9507,0.1119,0.2709,1.0,812,406,0.003,0.7273,0.9957,1.0,0.3485,1.0,0.0485,0.0001,231,231,0.0032,0.5308,0.9923,1.0,0.5584,1.0,0.1284,0.0001,130,130,0.0046,0.9958,0.9879,1.0,0.0001,471,0.0032,0.9954,0.9971,1.0,0.0001,1083,0.0031,0.785,0.8207,0.995,0.9908,0.3467,1.0,0.1126,0.0,400,400,0.0029,0.2481,0.3437,387
h5/preds_had_gptq_w4a4,0.6172,0.8391,0.4519,0.7156,0.0358,0.2844,0.6286,640,320,0.0723,0.5825,0.8828,0.5483,0.8276,0.1122,0.2586,0.7248,812,406,0.07,0.6797,0.8745,0.8865,0.3859,1.0,0.0635,0.0498,231,231,0.0973,0.4615,0.8077,0.7971,0.6024,1.0,0.1748,0.0708,130,130,0.125,0.9321,0.8606,1.0,0.0332,471,0.0799,0.9077,0.8468,1.0,0.0327,1083,0.0816,0.7775,0.8152,0.9175,0.8807,0.3784,1.0,0.1133,0.0258,400,400,0.074,0.2429,0.3307,387
h5/preds_l1_gptq_k48,0.6516,0.9578,0.4104,0.8594,0.0818,0.3219,0.9143,640,320,0.0226,0.5862,0.9763,0.5223,0.936,0.1161,0.2611,0.9358,812,406,0.0219,0.7403,0.974,0.9787,0.3529,1.0,0.031,0.0034,231,231,0.0238,0.5462,0.9615,0.971,0.5649,1.0,0.1058,0.005,130,130,0.0328,0.966,0.9455,1.0,0.0035,471,0.024,0.9686,0.9451,1.0,0.0031,1083,0.0241,0.7725,0.8098,0.97,0.9358,0.3558,1.0,0.1022,0.0023,400,400,0.0208,0.2377,0.3282,387
h5/preds_l1_gptq_w4a4,0.6531,0.8562,0.44,0.7531,0.0502,0.3312,0.7048,640,320,0.0667,0.5603,0.9214,0.5518,0.8645,0.1353,0.2094,0.6972,812,406,0.0675,0.7143,0.8831,0.8794,0.3664,1.0,0.077,0.0424,231,231,0.0901,0.5231,0.8231,0.7826,0.5603,1.0,0.1165,0.0593,130,130,0.1138,0.9363,0.8788,1.0,0.0281,471,0.0742,0.9141,0.815,1.0,0.0275,1083,0.0747,0.7625,0.7962,0.9125,0.8073,0.3827,1.0,0.1024,0.0227,400,400,0.0686,0.1835,0.2687,387
h5/preds_l1_gptq_w8a8,0.6531,0.9812,0.4085,0.8812,0.0778,0.325,0.9524,640,320,0.0068,0.5973,0.9875,0.5218,0.9483,0.1076,0.2709,0.9908,812,406,0.0059,0.7316,0.9913,1.0,0.3505,1.0,0.0513,0.0002,231,231,0.0058,0.5385,0.9846,1.0,0.5609,1.0,0.1213,0.0003,130,130,0.0078,0.9915,0.9818,1.0,0.0002,471,0.0053,0.9917,0.9942,1.0,0.0002,1083,0.0057,0.7825,0.8179,0.9975,1.0,0.3483,1.0,0.103,0.0001,400,400,0.005,0.2506,0.3463,387
h5/preds_l1_kron_gptq_k48,0.6656,0.9437,0.4064,0.8781,0.0711,0.3469,0.9048,640,320,0.0225,0.5899,0.9788,0.5225,0.9261,0.1135,0.2611,0.9358,812,406,0.0214,0.7316,0.9697,0.9787,0.3502,1.0,0.0392,0.0044,231,231,0.0251,0.5385,0.9462,0.9565,0.5598,1.0,0.1128,0.0068,130,130,0.0351,0.9788,0.9515,1.0,0.0032,471,0.0235,0.9778,0.9509,1.0,0.0028,1083,0.0226,0.7875,0.8207,0.9825,0.9725,0.3522,1.0,0.099,0.0022,400,400,0.0208,0.2429,0.3256,387
h5/preds_nvfp4_norot_gptq_w4a4,0.6422,0.8953,0.4291,0.8,0.053,0.3187,0.781,640,320,0.0503,0.5911,0.9264,0.5124,0.9163,0.1074,0.2635,0.8349,812,406,0.0418,0.7143,0.9351,0.9433,0.3804,1.0,0.0308,0.0189,231,231,0.0576,0.5154,0.8923,0.8986,0.6003,1.0,0.1266,0.0287,130,130,0.081,0.9554,0.9091,1.0,0.015,471,0.0507,0.9483,0.9104,1.0,0.0136,1083,0.0506,0.7675,0.8071,0.955,0.9266,0.3679,1.0,0.0985,0.0098,400,400,0.0433,0.2403,0.3385,387
h5/res/preds_dense,0.6484,0.9891,0.4099,0.8844,0.087,0.325,0.9714,640,320,0.0034,0.5948,0.9975,0.5206,0.9507,0.1119,0.2709,1.0,812,406,0.003,0.7273,0.9957,1.0,0.3485,1.0,0.0485,0.0001,231,231,0.0032,0.5308,0.9923,1.0,0.5584,1.0,0.1284,0.0001,130,130,0.0046,0.9958,0.9879,1.0,0.0001,471,0.0032,0.9954,0.9971,1.0,0.0001,1083,0.0031,0.785,0.8207,0.995,0.9908,0.3467,1.0,0.1126,0.0,400,400,0.0029,0.2481,0.3437,387
h5/res/preds_fp4_norot_s0,,0.8906,0.5403,,0.1783,,,320,0,0.0527,0.5,0.8853,0.7219,0.6,0.3212,0.0,,406,5,0.0497,0.7328,0.9224,0.9494,0.3528,0.5022,0.0394,0.0175,116,231,0.0587,0.5538,0.8769,0.9211,0.5528,0.5,0.0894,0.0252,65,130,0.0812,0.9449,0.8864,0.5011,0.0158,471,0.0507,0.963,0.9161,0.4995,0.0114,1083,0.0471,0.7573,0.8042,0.9563,0.9107,0.3833,0.515,0.0827,0.0093,206,400,0.0433,0.0,0.0,15
h5/res/preds_fp4_norot_s1,,0.9,0.3178,,0.1461,,0.0,320,0,0.0479,0.5,0.9676,0.3028,0.8,0.1215,0.0,0.0,406,5,0.0339,0.6957,0.9478,0.9355,0.4081,0.4978,0.0632,0.0204,115,231,0.0564,0.4769,0.9077,0.871,0.6478,0.5,0.1906,0.0322,65,130,0.0809,0.966,0.9351,0.4989,0.0142,471,0.0508,0.9336,0.9064,0.5005,0.0157,1083,0.0541,0.7784,0.8101,0.9536,0.9434,0.3515,0.485,0.1206,0.0104,194,400,0.0433,0.0,0.0,9
h5/res/preds_had_gptq_w4a4,0.6172,0.8391,0.4519,0.7156,0.0358,0.2844,0.6286,640,320,0.0723,0.5825,0.8828,0.5483,0.8276,0.1122,0.2586,0.7248,812,406,0.07,0.6797,0.8745,0.8865,0.3859,1.0,0.0635,0.0498,231,231,0.0973,0.4615,0.8077,0.7971,0.6024,1.0,0.1748,0.0708,130,130,0.125,0.9321,0.8606,1.0,0.0332,471,0.0799,0.9077,0.8468,1.0,0.0327,1083,0.0816,0.7775,0.8152,0.9175,0.8807,0.3784,1.0,0.1133,0.0258,400,400,0.074,0.2429,0.3307,387
h5/res/preds_l1_gptq_k48,0.6516,0.9578,0.4104,0.8594,0.0818,0.3219,0.9143,640,320,0.0226,0.5862,0.9763,0.5223,0.936,0.1161,0.2611,0.9358,812,406,0.0219,0.7403,0.974,0.9787,0.3529,1.0,0.031,0.0034,231,231,0.0238,0.5462,0.9615,0.971,0.5649,1.0,0.1058,0.005,130,130,0.0328,0.966,0.9455,1.0,0.0035,471,0.024,0.9686,0.9451,1.0,0.0031,1083,0.0241,0.7725,0.8098,0.97,0.9358,0.3558,1.0,0.1022,0.0023,400,400,0.0208,0.2377,0.3282,387
h5/res/preds_l1_gptq_w4a4,0.6531,0.8562,0.44,0.7531,0.0502,0.3312,0.7048,640,320,0.0667,0.5603,0.9214,0.5518,0.8645,0.1353,0.2094,0.6972,812,406,0.0675,0.7143,0.8831,0.8794,0.3664,1.0,0.077,0.0424,231,231,0.0901,0.5231,0.8231,0.7826,0.5603,1.0,0.1165,0.0593,130,130,0.1138,0.9363,0.8788,1.0,0.0281,471,0.0742,0.9141,0.815,1.0,0.0275,1083,0.0747,0.7625,0.7962,0.9125,0.8073,0.3827,1.0,0.1024,0.0227,400,400,0.0686,0.1835,0.2687,387
h5/res/preds_l1_gptq_w8a8,0.6531,0.9812,0.4085,0.8812,0.0778,0.325,0.9524,640,320,0.0068,0.5973,0.9875,0.5218,0.9483,0.1076,0.2709,0.9908,812,406,0.0059,0.7316,0.9913,1.0,0.3505,1.0,0.0513,0.0002,231,231,0.0058,0.5385,0.9846,1.0,0.5609,1.0,0.1213,0.0003,130,130,0.0078,0.9915,0.9818,1.0,0.0002,471,0.0053,0.9917,0.9942,1.0,0.0002,1083,0.0057,0.7825,0.8179,0.9975,1.0,0.3483,1.0,0.103,0.0001,400,400,0.005,0.2506,0.3463,387
h5/res/preds_l1_kron_gptq_k48,0.6656,0.9437,0.4064,0.8781,0.0711,0.3469,0.9048,640,320,0.0225,0.5899,0.9788,0.5225,0.9261,0.1135,0.2611,0.9358,812,406,0.0214,0.7316,0.9697,0.9787,0.3502,1.0,0.0392,0.0044,231,231,0.0251,0.5385,0.9462,0.9565,0.5598,1.0,0.1128,0.0068,130,130,0.0351,0.9788,0.9515,1.0,0.0032,471,0.0235,0.9778,0.9509,1.0,0.0028,1083,0.0226,0.7875,0.8207,0.9825,0.9725,0.3522,1.0,0.099,0.0022,400,400,0.0208,0.2429,0.3256,387
h6/ctl_d_s300,0.5031,0.4625,0.5176,0.5031,0.0738,0.0063,0.0095,640,320,0.1619,0.4507,0.5237,0.6805,0.399,0.2332,0.0,0.0,812,406,0.2573,0.316,0.3636,0.0922,0.7065,1.0,0.1209,0.6151,231,231,0.4283,0.3615,0.4462,0.1014,0.6316,1.0,0.1112,0.2672,130,130,0.2864,,,0.0,,471,,0.7193,0.3584,1.0,0.3303,1083,0.2229,0.71,0.7364,0.7675,0.4037,0.4546,1.0,0.0847,0.2215,400,400,0.1969,0.0,0.0,387
h6/h2_b8,0.6594,0.9812,0.4099,0.8812,0.0753,0.3375,0.9714,640,320,0.0058,0.5985,0.9888,0.5211,0.9409,0.1064,0.2783,1.0,812,406,0.0049,0.7229,1.0,1.0,0.3471,1.0,0.0533,0.0002,231,231,0.005,0.5231,1.0,1.0,0.5561,1.0,0.1358,0.0003,130,130,0.0071,0.9936,0.9818,1.0,0.0002,471,0.0056,0.9982,0.9971,1.0,0.0001,1083,0.0047,0.785,0.8179,1.0,1.0,0.3473,1.0,0.12,0.0001,400,400,0.0042,0.2532,0.3488,387
h6/h2_bf16,0.65,0.9906,0.41,0.8812,0.0803,0.325,0.9714,640,320,0.0035,0.5973,0.9938,0.5205,0.9507,0.1072,0.2759,1.0,812,406,0.0032,0.7316,0.9913,1.0,0.3476,1.0,0.0399,0.0001,231,231,0.0032,0.5385,0.9846,1.0,0.5572,1.0,0.1209,0.0001,130,130,0.0043,0.9958,0.9879,1.0,0.0001,471,0.003,0.9963,0.9942,1.0,0.0001,1083,0.0033,0.785,0.8207,0.995,0.9908,0.3469,1.0,0.1116,0.0,400,400,0.0028,0.2532,0.3463,387
h6/h2_k48,0.6469,0.9531,0.4124,0.8562,0.081,0.3094,0.8476,640,320,0.0247,0.601,0.9688,0.5244,0.931,0.1143,0.2808,0.9725,812,406,0.0247,0.7316,0.9784,0.9787,0.3508,1.0,0.0633,0.0036,231,231,0.0258,0.5385,0.9615,0.9565,0.564,1.0,0.1305,0.0049,130,130,0.0343,0.9724,0.9394,1.0,0.0032,471,0.0243,0.9741,0.9653,1.0,0.0033,1083,0.0246,0.78,0.8152,0.9725,0.9633,0.3533,1.0,0.0961,0.0025,400,400,0.022,0.261,0.3514,387
h6/h2_w4a4g,0.6203,0.8234,0.4428,0.7344,0.0334,0.3125,0.6571,640,320,0.0704,0.5936,0.9239,0.5396,0.8719,0.1082,0.2734,0.8257,812,406,0.0686,0.7143,0.8831,0.8794,0.3809,1.0,0.0503,0.0439,231,231,0.0962,0.5231,0.8077,0.7681,0.5856,1.0,0.1129,0.0626,130,130,0.1247,0.9384,0.8848,1.0,0.0328,471,0.0809,0.9104,0.8497,1.0,0.0305,1083,0.0775,0.755,0.7908,0.935,0.9174,0.3807,1.0,0.0863,0.0237,400,400,0.0693,0.2558,0.3333,387
h6/plainq8_k48_ba16,0.65,0.9719,0.4095,0.8719,0.0816,0.3156,0.9048,640,320,0.0131,0.5998,0.9875,0.519,0.9335,0.1186,0.2783,0.9908,812,406,0.0118,0.7273,0.987,0.9858,0.3522,1.0,0.0671,0.0016,231,231,0.0161,0.5308,0.9769,0.971,0.5645,1.0,0.1231,0.0026,130,130,0.0243,,,0.0,,471,,0.9861,0.9855,1.0,0.0006,1083,0.0104,0.785,0.8207,0.99,0.9725,0.3469,1.0,0.121,0.0005,400,400,0.0095,0.2584,0.3463,387
h6/plainq8_k64_ba16,0.6547,0.9797,0.4108,0.8719,0.0797,0.325,0.9429,640,320,0.0065,0.5973,0.9925,0.5203,0.9483,0.1073,0.2734,0.9908,812,406,0.0054,0.7229,1.0,1.0,0.3492,1.0,0.0597,0.0002,231,231,0.0056,0.5231,1.0,1.0,0.5595,1.0,0.1345,0.0003,130,130,0.0079,0.9936,0.9818,1.0,0.0002,471,0.0061,0.9935,0.9971,1.0,0.0002,1083,0.0057,0.7825,0.8179,0.9925,1.0,0.3477,1.0,0.1189,0.0001,400,400,0.005,0.2481,0.3411,387
h6/plainqb_a16,0.6469,0.9187,0.4267,0.8063,0.0614,0.3187,0.8,640,320,0.0384,0.5936,0.9601,0.5266,0.9433,0.1138,0.2709,0.8991,812,406,0.0296,0.7229,0.9481,0.9574,0.3553,1.0,0.0644,0.0138,231,231,0.0445,0.5385,0.9231,0.9275,0.5652,1.0,0.1186,0.021,130,130,0.0649,0.9533,0.897,1.0,0.0045,471,0.0261,0.9797,0.9624,1.0,0.0038,1083,0.0258,0.775,0.8125,0.975,0.945,0.3564,1.0,0.111,0.0032,400,400,0.0239,0.2455,0.3204,387
h6/plainqb_k48,0.6547,0.9703,0.4105,0.8812,0.0798,0.325,0.9143,640,320,0.0122,0.6034,0.985,0.5196,0.9458,0.1144,0.2808,0.9908,812,406,0.0119,0.7359,0.974,0.9645,0.3522,1.0,0.0463,0.0018,231,231,0.016,0.5462,0.9538,0.9275,0.5651,1.0,0.1072,0.0027,130,130,0.0231,0.9894,0.9758,1.0,0.0007,471,0.0101,0.9871,0.9855,1.0,0.0006,1083,0.0097,0.7925,0.8261,0.9925,0.9908,0.3462,1.0,0.1139,0.0005,400,400,0.0088,0.261,0.3514,387
h6/plainqb_k48_ba16,0.6516,0.9766,0.409,0.875,0.0866,0.3187,0.9238,640,320,0.0124,0.6022,0.9875,0.5191,0.9335,0.1147,0.2833,1.0,812,406,0.0112,0.7316,0.9913,0.9929,0.352,1.0,0.0651,0.0015,231,231,0.0158,0.5385,0.9846,0.9855,0.5641,1.0,0.1168,0.0024,130,130,0.0239,0.9894,0.9818,1.0,0.0007,471,0.01,0.988,0.9855,1.0,0.0005,1083,0.0096,0.7875,0.8207,0.9975,0.9908,0.3466,1.0,0.1161,0.0005,400,400,0.0089,0.261,0.3488,387
h6/plainqb_k48_ba16_c85,0.6469,0.9719,0.4123,0.8594,0.0854,0.3125,0.9143,640,320,0.0115,0.6034,0.9875,0.5171,0.9507,0.1038,0.2833,1.0,812,406,0.0113,0.7316,0.9784,0.9787,0.3533,1.0,0.0467,0.0015,231,231,0.0153,0.5385,0.9615,0.9565,0.5671,1.0,0.1162,0.0025,130,130,0.0229,0.9788,0.9576,1.0,0.0006,471,0.0099,0.9889,0.9827,1.0,0.0005,1083,0.0093,0.785,0.8207,0.995,0.9817,0.3458,1.0,0.121,0.0004,400,400,0.0084,0.2636,0.3592,387
h6/plainqb_k56_ba16,0.6516,0.9797,0.411,0.8688,0.0817,0.325,0.9429,640,320,0.0072,0.5961,0.9888,0.5182,0.9507,0.1102,0.2759,0.9817,812,406,0.0062,0.7273,0.9957,1.0,0.3486,1.0,0.0604,0.0004,231,231,0.0075,0.5308,0.9923,1.0,0.558,1.0,0.1271,0.0006,130,130,0.0112,0.9915,0.9758,1.0,0.0002,471,0.0058,0.9898,0.9884,1.0,0.0002,1083,0.0056,0.785,0.8207,0.995,0.9908,0.3471,1.0,0.1041,0.0001,400,400,0.005,0.2558,0.3514,387
h6/plainqb_k64_ba16,0.6516,0.9859,0.4102,0.8875,0.0788,0.325,0.9619,640,320,0.0047,0.5936,0.9988,0.5207,0.9458,0.1128,0.2685,1.0,812,406,0.0041,0.7229,1.0,1.0,0.349,1.0,0.0582,0.0001,231,231,0.0047,0.5231,1.0,1.0,0.5593,1.0,0.1342,0.0002,130,130,0.0067,0.9979,0.9939,1.0,0.0001,471,0.0044,0.9954,0.9971,1.0,0.0001,1083,0.004,0.7825,0.8179,0.9975,1.0,0.3475,1.0,0.1146,0.0001,400,400,0.0034,0.2455,0.3411,387
h6/plainqbr_k64_ba16,0.6484,0.9797,0.411,0.8812,0.0884,0.3187,0.9333,640,320,0.0108,0.5998,0.9825,0.5188,0.9433,0.1151,0.2783,0.9817,812,406,0.0113,0.7229,1.0,1.0,0.3506,1.0,0.0546,0.0005,231,231,0.0094,0.5231,1.0,1.0,0.5621,1.0,0.134,0.0007,130,130,0.0127,0.9894,0.9818,1.0,0.0006,471,0.0108,0.9935,0.9942,1.0,0.0006,1083,0.011,0.7875,0.8207,0.9975,1.0,0.3472,1.0,0.1072,0.0005,400,400,0.0101,0.2584,0.354,387
h6/qatp_d_s300,0.6484,0.9578,0.4148,0.8656,0.076,0.3187,0.8952,640,320,0.0243,0.5973,0.9651,0.5219,0.9557,0.1121,0.2857,0.9725,812,406,0.0366,0.7229,0.9654,0.9787,0.3555,1.0,0.0383,0.0037,231,231,0.0234,0.5231,0.9385,0.9565,0.5722,1.0,0.1317,0.0058,130,130,0.0337,,,0.0,,471,,0.9437,0.8873,1.0,0.0135,1083,0.0449,0.7775,0.8152,0.9575,0.9174,0.3589,1.0,0.091,0.0084,400,400,0.0364,0.2661,0.3333,387
h6/qatq_e_s1200,0.6469,0.9656,0.4104,0.8562,0.0873,0.3125,0.8857,640,320,0.0123,0.601,0.9813,0.5253,0.936,0.1055,0.2783,0.9908,812,406,0.0114,0.7316,0.9827,0.9929,0.3508,1.0,0.0585,0.0017,231,231,0.0157,0.5385,0.9692,0.9855,0.5632,1.0,0.1155,0.0027,130,130,0.0227,,,0.0,,471,,0.9908,0.9913,1.0,0.0008,1083,0.011,0.785,0.8207,0.9925,0.9817,0.3484,1.0,0.0976,0.0005,400,400,0.009,0.2558,0.3411,387
h6/qatq_e_s2000,0.6484,0.9703,0.4106,0.8812,0.077,0.3125,0.8952,640,320,0.0123,0.6047,0.9788,0.5196,0.9483,0.1208,0.2833,0.9817,812,406,0.0113,0.7316,0.9913,0.9929,0.3492,1.0,0.0516,0.0015,231,231,0.0156,0.5385,0.9846,0.9855,0.5601,1.0,0.1137,0.0024,130,130,0.0224,0.9936,0.9818,1.0,0.0007,471,0.0102,0.9889,0.9942,1.0,0.0007,1083,0.0103,0.7975,0.8315,0.9875,0.9908,0.3478,1.0,0.1114,0.0005,400,400,0.009,0.261,0.3618,387
h6/qatq_e_s600,0.6578,0.9641,0.4074,0.8875,0.0789,0.3344,0.9143,640,320,0.0136,0.6047,0.98,0.5193,0.9458,0.1079,0.2882,0.9908,812,406,0.0117,0.7316,0.9827,0.9787,0.3489,1.0,0.0644,0.0017,231,231,0.0163,0.5385,0.9692,0.9565,0.5601,1.0,0.1166,0.0025,130,130,0.0232,,,0.0,,471,,0.9843,0.9769,1.0,0.0007,1083,0.011,0.79,0.8288,0.985,0.9725,0.3474,1.0,0.1024,0.0006,400,400,0.0095,0.2661,0.3618,387
h6/schema_bf16_s0,0.5,0.6625,0.5385,0.5312,0.1224,0.0,0.0,640,320,0.141,0.4507,0.7132,0.6537,0.4039,0.2177,0.0,0.0,812,406,0.1739,0.4026,0.4242,0.1277,0.7436,1.0,0.1352,0.7445,231,231,0.4182,0.4769,0.5231,0.1884,0.6207,1.0,0.0797,0.2586,130,130,0.2646,,,0.0,,471,,0.6066,0.0,1.0,0.3662,1083,0.2487,0.655,0.6658,0.68,0.0,0.4588,1.0,0.0774,0.2341,400,400,0.2096,0.0,0.0,387
h6/sets_bf16_s0,0.5,0.625,0.5084,0.4313,0.049,0.0125,0.0095,640,320,0.1411,0.5209,0.5574,0.5411,0.7094,0.0557,0.0911,0.0367,812,406,0.2614,0.4286,0.4286,0.2979,0.6303,1.0,0.0404,0.4959,231,231,0.4,0.3769,0.3846,0.1739,0.6298,1.0,0.0427,0.2948,130,130,0.3049,,,0.0,,471,,0.4321,0.1965,1.0,0.5067,1083,0.3389,0.485,0.4918,0.5025,0.2844,0.5503,1.0,0.0388,0.3676,400,400,0.3034,0.1292,0.1757,387
h6/setsmix_k48ba_s0,0.4891,0.6141,0.5084,0.4562,0.0594,0.0187,0.0095,640,320,0.1423,0.5135,0.5736,0.5412,0.6724,0.0672,0.0813,0.0459,812,406,0.2596,0.4459,0.4459,0.3191,0.6302,1.0,0.0704,0.4957,231,231,0.4002,0.3923,0.4,0.1739,0.6302,1.0,0.0786,0.2943,130,130,0.305,,,0.0,,471,,0.4404,0.2081,1.0,0.5056,1083,0.3378,0.4975,0.5054,0.51,0.2936,0.5481,1.0,0.0311,0.3663,400,400,0.3016,0.1111,0.1654,387
h7/base_bundle,0.5016,0.5609,0.5031,0.5563,0.0254,0.0031,0.0,640,320,0.1513,0.4397,0.3491,0.5479,0.3818,0.044,0.0148,0.0092,812,406,0.2823,0.3203,0.3247,0.156,0.6837,1.0,0.0502,0.6012,231,231,0.4361,0.3615,0.3692,0.2029,0.6241,1.0,0.0663,0.2919,130,130,0.3024,0.2611,0.2061,1.0,0.4406,471,0.3537,0.3998,0.3497,1.0,0.4828,1083,0.3405,0.4125,0.4185,0.3675,0.3303,0.5556,1.0,0.0593,0.3673,400,400,0.3152,0.031,0.1731,387
h7/s300_bundle,0.5,0.6281,0.5039,0.4594,0.0372,0.0,0.0,640,320,0.1372,0.5123,0.8292,0.5359,0.6478,0.105,0.1232,0.4128,812,406,0.2055,0.29,0.3723,0.1915,0.6852,1.0,0.086,0.5899,231,231,0.4287,0.3462,0.4923,0.3188,0.6251,1.0,0.0706,0.2704,130,130,0.2897,0.7622,0.4242,1.0,0.2895,471,0.2048,0.7461,0.3931,1.0,0.3057,1083,0.2035,0.675,0.7011,0.775,0.3761,0.4841,1.0,0.1482,0.1799,400,400,0.1723,0.1163,0.1421,387
h7/sets1_s900,0.9766,0.6359,0.1216,1.0,0.1796,0.9531,0.981,640,320,0.232,0.8165,0.697,0.2758,0.9655,0.1052,0.7315,0.9908,812,406,0.2217,0.5541,0.6234,0.6454,0.4929,1.0,0.0673,0.2851,231,231,0.2766,0.4077,0.5154,0.5072,0.6099,1.0,0.1318,0.2819,130,130,0.2949,0.913,0.8121,1.0,0.0725,471,0.1004,0.88,0.6821,1.0,0.0803,1083,0.1085,0.7875,0.8207,0.89,0.6606,0.3655,1.0,0.1024,0.062,400,400,0.1005,0.7261,0.7494,387
h7/sets_s1300,0.9953,0.6547,0.0391,1.0,0.1158,0.9906,1.0,640,320,0.3038,0.8239,0.7145,0.2627,0.968,0.0911,0.7414,0.9908,812,406,0.2212,0.5844,0.6234,0.6312,0.4766,1.0,0.0536,0.2712,231,231,0.2645,0.4231,0.4769,0.4493,0.6062,1.0,0.0329,0.2782,130,130,0.2917,0.9214,0.8182,1.0,0.0597,471,0.0936,0.8827,0.6908,1.0,0.0674,1083,0.1032,0.7575,0.7908,0.885,0.6514,0.3767,1.0,0.0517,0.0556,400,400,0.0977,0.7287,0.7907,387
h7/sets_s300,0.5047,0.6078,0.5033,0.5656,0.0328,0.0094,0.0095,640,320,0.1471,0.7537,0.6995,0.3251,0.8571,0.1019,0.6059,0.8349,812,406,0.2333,0.5281,0.5065,0.4681,0.5307,1.0,0.0563,0.3534,231,231,0.3098,0.4308,0.3923,0.2174,0.6253,1.0,0.0628,0.2932,130,130,0.3018,0.7771,0.6424,1.0,0.227,471,0.1978,0.7433,0.6156,1.0,0.2214,1083,0.1949,0.6475,0.6712,0.7525,0.6789,0.4506,1.0,0.1161,0.1466,400,400,0.1739,0.5891,0.6434,387
h7/sets_s600,0.9437,0.6469,0.1393,1.0,0.1462,0.8875,0.9143,640,320,0.2481,0.7845,0.7282,0.2908,0.9335,0.1086,0.6675,0.9725,812,406,0.2549,0.5368,0.5541,0.6312,0.5191,1.0,0.0848,0.3331,231,231,0.2885,0.4231,0.4692,0.5362,0.6129,1.0,0.0776,0.2945,130,130,0.2984,0.8599,0.7697,1.0,0.1418,471,0.1504,0.8209,0.6474,1.0,0.1531,1083,0.1613,0.72,0.7527,0.8375,0.6055,0.4231,1.0,0.113,0.1246,400,400,0.1478,0.6641,0.7003,387
h7/sets_s900,0.9766,0.6359,0.1216,1.0,0.1796,0.9531,0.981,640,320,0.232,0.8165,0.697,0.2758,0.9655,0.1052,0.7315,0.9908,812,406,0.2217,0.5541,0.6234,0.6454,0.4929,1.0,0.0673,0.2851,231,231,0.2766,0.4077,0.5154,0.5072,0.6099,1.0,0.1318,0.2819,130,130,0.2949,0.9172,0.8364,1.0,0.0753,471,0.1038,0.8809,0.685,1.0,0.0805,1083,0.1095,0.785,0.8179,0.885,0.6514,0.3736,1.0,0.1103,0.062,400,400,0.1012,0.7261,0.7494,387
j1/preds_A,0.5984,0.7297,0.4509,0.7906,0.0587,0.2219,0.4476,640,320,0.1168,0.5357,0.8728,0.5908,0.9039,0.2235,0.17,0.5321,812,406,0.1142,0.6883,0.7619,0.7943,0.3975,1.0,0.0542,0.1492,231,231,0.1765,0.4923,0.6231,0.6087,0.6211,1.0,0.1397,0.1925,130,130,0.2245,0.9193,0.8424,1.0,0.0631,471,0.1048,0.9095,0.8092,1.0,0.0504,1083,0.0958,0.77,0.8071,0.92,0.8073,0.3591,1.0,0.0662,0.0479,400,400,0.0918,0.1473,0.2222,387
j1/preds_A.raw,0.5984,0.7297,0.4476,0.7906,0.0498,0.2219,0.4476,640,320,0.1058,0.5357,0.8728,0.5631,0.9039,0.1805,0.17,0.5321,812,406,0.0877,0.6883,0.7619,0.7943,0.3975,1.0,0.046,0.1236,231,231,0.1624,0.4923,0.6231,0.6087,0.6107,1.0,0.1168,0.1693,130,130,0.2123,0.9193,0.8424,1.0,0.0491,471,0.0863,0.9095,0.8092,1.0,0.0388,1083,0.0802,0.77,0.8071,0.92,0.8073,0.37,1.0,0.0905,0.0338,400,400,0.0755,0.1473,0.2222,387
j1/preds_A_loc512,0.6125,0.6781,0.4648,0.7063,0.0527,0.2437,0.4952,640,320,0.1322,0.5135,0.8529,0.6006,0.9039,0.2331,0.1256,0.3945,812,406,0.1126,0.6926,0.7662,0.7943,0.39,1.0,0.0406,0.15,231,231,0.1724,0.5,0.6308,0.6087,0.6106,1.0,0.1327,0.1959,130,130,0.2199,0.8854,0.7576,1.0,0.094,471,0.121,0.8984,0.7832,1.0,0.0555,1083,0.0998,0.765,0.7962,0.91,0.7982,0.3732,1.0,0.0828,0.0531,400,400,0.0981,0.1111,0.1886,387
j1/preds_B,0.6469,0.6188,0.4173,0.8187,0.0309,0.3156,0.5143,640,320,0.1329,0.5394,0.8728,0.5889,0.9015,0.2213,0.1798,0.5505,812,406,0.1133,0.6883,0.7792,0.8156,0.3944,1.0,0.0433,0.1394,231,231,0.1673,0.4769,0.6385,0.6377,0.6311,1.0,0.1627,0.188,130,130,0.2211,0.9193,0.8424,1.0,0.0622,471,0.1038,0.9077,0.8121,1.0,0.0507,1083,0.0969,0.7625,0.7962,0.9125,0.7982,0.3657,1.0,0.0788,0.0497,400,400,0.093,0.1525,0.2274,387
j2/base_sub,0.65,0.9875,0.4101,0.875,0.0834,0.3187,0.9619,640,320,0.0035,,,,,,,,,0,,0.7273,0.9957,1.0,0.3481,1.0,0.0499,0.0,231,231,0.0029,0.5308,0.9923,1.0,0.5578,1.0,0.1285,0.0001,130,130,0.0038,,,0.0,,471,,,,0.0,,1083,,,,,,,0.0,,,,400,,,,0
j2/causal,0.6422,0.9422,0.4129,0.8594,0.0994,0.3031,0.819,640,320,0.0329,0.5788,0.9663,0.5492,0.9384,0.1375,0.2537,0.9266,812,406,0.0281,0.7143,0.9697,0.9716,0.3444,1.0,0.0717,0.0163,231,231,0.0541,0.5077,0.9462,0.942,0.5642,1.0,0.1928,0.02,130,130,0.066,0.9766,0.9636,1.0,0.0047,471,0.0273,0.9741,0.9538,1.0,0.0046,1083,0.0277,0.7725,0.8071,0.9825,0.9908,0.352,1.0,0.0807,0.0039,400,400,0.0259,0.23,0.2972,387
j2/causal_mntp,0.6609,0.8859,0.3904,0.9094,0.065,0.3312,0.7619,640,320,0.0621,0.5985,0.9514,0.5136,0.9729,0.1084,0.2709,0.8899,812,406,0.0397,0.7403,0.9567,0.9504,0.3342,1.0,0.068,0.0228,231,231,0.0644,0.5615,0.9308,0.8986,0.5474,1.0,0.14,0.0297,130,130,0.0814,,,0.0,,471,,0.9575,0.8988,1.0,0.0094,1083,0.0394,0.79,0.8261,0.9675,0.9083,0.3448,1.0,0.0926,0.0078,400,400,0.0359,0.2532,0.3307,387
j2/qa_all,0.6547,0.8703,0.3888,0.9,0.0798,0.325,0.7143,640,320,0.0641,0.6071,0.9401,0.5055,0.9704,0.1072,0.3079,0.9358,812,406,0.0427,0.7403,0.9394,0.9504,0.3326,1.0,0.055,0.0254,231,231,0.0672,0.5615,0.9,0.8986,0.5442,1.0,0.1345,0.0336,130,130,0.0846,0.9363,0.8667,1.0,0.014,471,0.0453,0.9483,0.9191,1.0,0.0118,1083,0.0436,0.7925,0.8288,0.945,0.9266,0.3465,1.0,0.0948,0.0103,400,400,0.0415,0.292,0.354,387
j2/qag_all,0.6594,0.8719,0.3849,0.8875,0.0813,0.3312,0.7238,640,320,0.0606,0.5985,0.9451,0.5073,0.9778,0.1089,0.2857,0.9083,812,406,0.0403,0.7446,0.9351,0.9433,0.3345,1.0,0.0541,0.0251,231,231,0.0672,0.5692,0.8923,0.8841,0.5462,1.0,0.127,0.0337,130,130,0.0857,0.9321,0.8545,1.0,0.015,471,0.0487,0.9483,0.9191,1.0,0.0121,1083,0.0434,0.785,0.8207,0.9475,0.9266,0.3488,1.0,0.0996,0.0103,400,400,0.0397,0.2661,0.3282,387
j2/qag_early,0.6594,0.8781,0.3856,0.9,0.0903,0.3312,0.7429,640,320,0.0599,0.5948,0.9389,0.5059,0.9778,0.1143,0.2808,0.8807,812,406,0.0416,0.7532,0.9264,0.9362,0.3349,1.0,0.0535,0.0261,231,231,0.0681,0.5846,0.8769,0.8696,0.5469,1.0,0.1286,0.0351,130,130,0.0868,,,0.0,,471,,0.9418,0.9162,1.0,0.0128,1083,0.0451,0.78,0.8179,0.9275,0.8991,0.3526,1.0,0.0847,0.0128,400,400,0.0457,0.2687,0.3359,387
j3/curve/a812_s100_L8,0.9208,0.7,0.1337,1.0,0.0454,0.8417,0.9459,240,120,0.2975,0.8167,0.7167,0.2753,0.95,0.0308,0.7167,0.9429,244,120,0.2356,0.4385,0.6462,0.6667,0.7107,0.5628,0.2283,0.2426,130,231,0.2359,0.4385,0.6462,0.6667,0.7107,1.0,0.2283,0.2426,130,130,0.2359,0.8696,0.8519,0.1953,0.054,471,0.0999,0.9053,0.9277,0.2244,0.0501,1083,0.0931,0.7667,0.8049,0.8889,0.9333,0.3478,0.225,0.0963,0.0534,90,400,0.0944,0.7353,0.8824,34
j3/curve/a812_s300_L12,0.9917,0.6375,0.0421,1.0,0.1153,0.9833,1.0,240,120,0.3063,0.8458,0.75,0.2449,0.975,0.1056,0.7417,1.0,244,120,0.1921,0.4615,0.8462,0.8696,0.5906,0.5628,0.1673,0.0435,130,231,0.1059,0.4615,0.8462,0.8696,0.5906,1.0,0.1673,0.0435,130,130,0.1059,0.9348,0.9259,0.1953,0.0315,471,0.0729,0.9547,0.9518,0.2244,0.0225,1083,0.0685,0.8333,0.8537,0.9556,0.9,0.312,0.225,0.0991,0.0186,90,400,0.064,0.7941,0.9118,34
j3/curve/a812_s300_L8,0.975,0.6375,0.0647,1.0,0.1118,0.95,1.0,240,120,0.3018,0.8208,0.7417,0.2686,0.9083,0.0779,0.725,0.9714,244,120,0.2009,0.4692,0.6154,0.6522,0.6344,0.5628,0.1208,0.1745,130,231,0.2129,0.4692,0.6154,0.6522,0.6344,1.0,0.1208,0.1745,130,130,0.2129,0.9348,0.9259,0.1953,0.0384,471,0.0866,0.9218,0.8916,0.2244,0.0307,1083,0.0783,0.8222,0.8415,0.9222,0.8667,0.328,0.225,0.1031,0.0245,90,400,0.0711,0.7647,0.8235,34
j3/curve/a812_s500_L12,1.0,0.6375,0.0273,1.0,0.1083,1.0,1.0,240,120,0.32,0.8375,0.7625,0.2507,0.9833,0.0712,0.7333,1.0,244,120,0.1931,0.4615,0.8385,0.8841,0.5955,0.5628,0.1665,0.0397,130,231,0.0978,0.4615,0.8385,0.8841,0.5955,1.0,0.1665,0.0397,130,130,0.0978,0.9457,0.9259,0.1953,0.0168,471,0.0484,0.9588,0.9157,0.2244,0.0136,1083,0.0486,0.8,0.8293,0.9667,0.9,0.3276,0.225,0.104,0.0134,90,400,0.0485,0.7647,0.8529,34
j3/curve/a812_s500_L8,0.9958,0.6417,0.0316,1.0,0.1139,0.9917,1.0,240,120,0.3144,0.825,0.7458,0.2637,0.95,0.0692,0.7333,1.0,244,120,0.204,0.4769,0.6538,0.6377,0.6305,0.5628,0.1542,0.1575,130,231,0.195,0.4769,0.6538,0.6377,0.6305,1.0,0.1542,0.1575,130,130,0.195,0.9348,0.8148,0.1953,0.0262,471,0.0622,0.9177,0.8434,0.2244,0.0197,1083,0.058,0.7889,0.8049,0.9111,0.8,0.3349,0.225,0.0775,0.0166,90,400,0.0529,0.7647,0.8235,34
j3/a812_L12,0.9984,0.6547,0.026,1.0,0.101,0.9969,1.0,640,320,0.3214,0.819,0.7494,0.2634,0.9828,0.1041,0.7217,0.9908,812,406,0.2097,0.6926,0.9048,0.9291,0.3697,1.0,0.0755,0.0237,231,231,0.0643,0.4769,0.8385,0.8551,0.5986,1.0,0.1721,0.0368,130,130,0.0926,0.9554,0.9091,1.0,0.0113,471,0.0411,0.9501,0.8931,1.0,0.0152,1083,0.0487,0.77,0.8043,0.945,0.844,0.3506,1.0,0.0871,0.0173,400,400,0.0502,0.708,0.7623,387
j3/a812_L8,0.9938,0.6562,0.0284,1.0,0.0951,0.9875,1.0,640,320,0.3239,0.8116,0.7357,0.2779,0.9557,0.0816,0.7192,0.9908,812,406,0.222,0.684,0.8009,0.8298,0.4127,1.0,0.0587,0.1011,231,231,0.1315,0.4769,0.6692,0.6667,0.6337,1.0,0.1505,0.1535,130,130,0.1881,0.949,0.8788,1.0,0.0199,471,0.0543,0.9261,0.8324,1.0,0.0205,1083,0.0585,0.7825,0.8207,0.925,0.8073,0.3474,1.0,0.0875,0.0177,400,400,0.0545,0.7028,0.7545,387
j3/a812s400_L8,0.9906,0.6531,0.0279,1.0,0.0755,0.9812,0.9905,640,320,0.3401,0.8177,0.7307,0.2823,0.9458,0.0563,0.7266,0.9908,812,406,0.2229,0.6667,0.7965,0.8227,0.4183,1.0,0.066,0.1213,231,231,0.1406,0.4692,0.6846,0.6812,0.6363,1.0,0.1584,0.1668,130,130,0.1887,0.9299,0.8485,1.0,0.0345,471,0.0714,0.9169,0.8035,1.0,0.0333,1083,0.0744,0.7775,0.8152,0.9225,0.7982,0.3543,1.0,0.0721,0.0274,400,400,0.0673,0.7132,0.7649,387
j3/rt8_L8,0.9984,0.6516,0.0291,1.0,0.1059,0.9969,1.0,640,320,0.3166,0.814,0.7232,0.2816,0.968,0.0758,0.7266,0.9908,812,406,0.2221,0.6753,0.7792,0.8369,0.4171,1.0,0.0729,0.1078,231,231,0.1457,0.4615,0.6308,0.6812,0.6312,1.0,0.1285,0.1614,130,130,0.2069,0.9342,0.8545,1.0,0.0196,471,0.0545,0.9243,0.8295,1.0,0.0233,1083,0.0611,0.78,0.8207,0.93,0.8165,0.3506,1.0,0.1092,0.017,400,400,0.0539,0.7132,0.77,387
j3/set812_L12,0.9984,0.6516,0.0326,1.0,0.1122,0.9969,1.0,640,320,0.3105,0.8276,0.7095,0.2688,0.9828,0.1006,0.7315,0.9908,812,406,0.2077,0.6883,0.8788,0.9291,0.3601,1.0,0.0701,0.0617,231,231,0.0978,0.4615,0.7846,0.8551,0.5892,1.0,0.1498,0.0823,130,130,0.1339,0.9575,0.9091,1.0,0.031,471,0.0624,0.9354,0.8555,1.0,0.0266,1083,0.0645,0.7875,0.8315,0.9475,0.8807,0.3279,1.0,0.0745,0.0199,400,400,0.0566,0.7287,0.7959,387
j3/set812_L8,0.9969,0.65,0.0356,1.0,0.1087,0.9938,0.9905,640,320,0.3123,0.8165,0.7332,0.2797,0.9433,0.0732,0.7315,0.9908,812,406,0.2168,0.6537,0.7576,0.844,0.4187,1.0,0.0813,0.1407,231,231,0.156,0.4308,0.6,0.7101,0.6395,1.0,0.1672,0.2046,130,130,0.2185,0.9448,0.8727,1.0,0.0358,471,0.0716,0.904,0.7572,1.0,0.0376,1083,0.0785,0.76,0.8016,0.915,0.7615,0.3617,1.0,0.0529,0.0304,400,400,0.0718,0.7183,0.7674,387
j3/tf_full_12A,0.65,0.9469,0.4081,0.8875,0.0832,0.3187,0.8667,640,320,0.028,0.6404,0.9414,0.4916,0.9483,0.1021,0.3547,0.9817,812,406,0.0391,0.6926,0.9307,0.9574,0.3656,1.0,0.0765,0.0118,231,231,0.0425,0.4769,0.8846,0.913,0.5848,1.0,0.1755,0.019,130,130,0.0628,0.9682,0.9273,1.0,0.0027,471,0.0209,0.9649,0.9509,1.0,0.0034,1083,0.0239,0.77,0.8125,0.9525,0.9358,0.3523,1.0,0.0791,0.0031,400,400,0.0237,0.3333,0.4238,387
j3/tf_full_12G,0.6484,0.9828,0.4097,0.8781,0.0876,0.3219,0.9524,640,320,0.0087,0.6047,0.9825,0.5123,0.9458,0.1002,0.2857,1.0,812,406,0.0132,0.7316,0.9913,1.0,0.3495,1.0,0.0386,0.0011,231,231,0.0129,0.5385,0.9846,1.0,0.562,1.0,0.114,0.0017,130,130,0.0186,0.9894,0.9697,1.0,0.0005,471,0.0096,0.9926,0.9971,1.0,0.0006,1083,0.0102,0.785,0.8207,0.99,0.9908,0.3485,1.0,0.1103,0.0005,400,400,0.0097,0.2636,0.3592,387
j3/tf_full_16A,0.6484,0.9828,0.4097,0.8844,0.0878,0.3187,0.9429,640,320,0.005,0.5973,0.9938,0.52,0.9458,0.1062,0.2709,1.0,812,406,0.0052,0.7359,0.987,0.9929,0.3468,1.0,0.045,0.0001,231,231,0.0047,0.5462,0.9769,0.9855,0.5563,1.0,0.1119,0.0002,130,130,0.0056,0.9936,0.9818,1.0,0.0002,471,0.0066,0.9963,1.0,1.0,0.0002,1083,0.0058,0.7825,0.8179,0.9975,1.0,0.3486,1.0,0.1116,0.0001,400,400,0.0049,0.2481,0.3463,387
j3/tf/tf_12A,0.6458,0.95,0.4181,0.875,0.0646,0.3167,0.8649,240,120,0.0271,0.6625,0.9542,0.4542,0.9333,0.0536,0.3667,1.0,244,120,0.0401,0.4769,0.8846,0.913,0.5848,0.5628,0.1755,0.019,130,231,0.0628,0.4769,0.8846,0.913,0.5848,1.0,0.1755,0.019,130,130,0.0628,0.9674,0.963,0.1953,0.0027,471,0.0215,0.9712,0.9518,0.2244,0.0037,1083,0.0239,0.7889,0.8293,0.9778,0.9667,0.3086,0.225,0.1127,0.0023,90,400,0.021,0.2353,0.3235,34
j3/tf/tf_12G,0.6417,0.9792,0.4178,0.875,0.0835,0.3167,0.9459,240,120,0.0087,0.6375,0.975,0.4708,0.9417,0.0699,0.3167,1.0,244,120,0.0135,0.5385,0.9846,1.0,0.562,0.5628,0.114,0.0017,130,231,0.0186,0.5385,0.9846,1.0,0.562,1.0,0.114,0.0017,130,130,0.0186,1.0,1.0,0.1953,0.0005,471,0.0091,0.9959,1.0,0.2244,0.0006,1083,0.0109,0.8222,0.8537,0.9889,1.0,0.306,0.225,0.1291,0.0005,90,400,0.0102,0.2059,0.2941,34
j3/tf/tf_16A,0.6458,0.9833,0.4183,0.875,0.0798,0.3167,0.973,240,120,0.0051,0.6292,0.9917,0.4783,0.95,0.0756,0.3,1.0,244,120,0.0053,0.5462,0.9769,0.9855,0.5563,0.5628,0.1119,0.0002,130,231,0.0056,0.5462,0.9769,0.9855,0.5563,1.0,0.1119,0.0002,130,130,0.0056,1.0,1.0,0.1953,0.0002,471,0.0062,1.0,1.0,0.2244,0.0002,1083,0.0054,0.8111,0.8415,1.0,1.0,0.3089,0.225,0.1273,0.0001,90,400,0.0045,0.1765,0.2647,34
j3/tf/tf_24A,0.6375,0.9917,0.4185,0.875,0.0792,0.3083,0.973,240,120,0.0034,0.625,0.9917,0.479,0.9417,0.0809,0.3,1.0,244,120,0.003,0.5308,0.9923,1.0,0.5575,0.5628,0.1283,0.0001,130,231,0.0042,0.5308,0.9923,1.0,0.5575,1.0,0.1283,0.0001,130,130,0.0042,1.0,1.0,0.1953,0.0001,471,0.0031,0.9959,0.988,0.2244,0.0001,1083,0.0031,0.8222,0.8537,0.9889,0.9667,0.3077,0.225,0.1234,0.0,90,400,0.0028,0.1765,0.2647,34
j3/tf/tf_4A,0.4958,0.5417,0.5318,0.525,0.1228,0.0,0.0,240,120,0.1736,0.4542,0.6917,0.703,0.6833,0.2774,0.0,0.0,244,120,0.1982,0.4846,0.4846,0.3623,0.6128,0.5628,0.069,0.2624,130,231,0.2714,0.4846,0.4846,0.3623,0.6128,1.0,0.069,0.2624,130,130,0.2714,0.7391,0.2222,0.1953,0.2474,471,0.1988,0.6996,0.2289,0.2244,0.2768,1083,0.1956,0.6778,0.7195,0.7111,0.3,0.4281,0.225,0.0694,0.208,90,400,0.1802,0.0,0.0,34
j3/tf/tf_4G,0.5083,0.6375,0.5314,0.6083,0.1068,0.025,0.027,240,120,0.1623,0.475,0.7792,0.6823,0.7167,0.2437,0.0417,0.1143,244,120,0.1782,0.4846,0.5538,0.4203,0.6239,0.5628,0.1118,0.2382,130,231,0.2508,0.4846,0.5538,0.4203,0.6239,1.0,0.1118,0.2382,130,130,0.2508,0.75,0.2963,0.1953,0.2455,471,0.1919,0.7037,0.3253,0.2244,0.2658,1083,0.1908,0.6667,0.7073,0.7222,0.3333,0.4273,0.225,0.0988,0.2036,90,400,0.1738,0.0,0.0,34
j3/tf/tf_8A,0.6333,0.7958,0.4474,0.7917,0.0522,0.2833,0.5405,240,120,0.0896,0.6167,0.8583,0.514,0.925,0.063,0.325,0.7429,244,120,0.1116,0.4615,0.6385,0.6377,0.6006,0.5628,0.1293,0.1664,130,231,0.2027,0.4615,0.6385,0.6377,0.6006,1.0,0.1293,0.1664,130,130,0.2027,0.9239,0.7407,0.1953,0.0481,471,0.0891,0.8807,0.7831,0.2244,0.0486,1083,0.0925,0.7444,0.7927,0.8667,0.7333,0.3618,0.225,0.0594,0.0505,90,400,0.0948,0.2941,0.3235,34
j3/tf/tf_8G,0.6375,0.8083,0.4541,0.7417,0.0538,0.275,0.5676,240,120,0.0729,0.5667,0.8917,0.5145,0.9083,0.1107,0.225,0.6857,244,120,0.0817,0.4462,0.7077,0.7246,0.6376,0.5628,0.1657,0.1396,130,231,0.1783,0.4462,0.7077,0.7246,0.6376,1.0,0.1657,0.1396,130,130,0.1783,0.9457,0.8519,0.1953,0.0359,471,0.0714,0.9095,0.8795,0.2244,0.0328,1083,0.0786,0.7778,0.8171,0.9222,0.8667,0.3456,0.225,0.0611,0.0291,90,400,0.0752,0.1765,0.2647,34
j4/a2_r1000,0.6219,0.725,0.4636,0.8688,0.0723,0.25,0.4476,640,320,0.1437,0.5813,0.8017,0.5953,0.9754,0.1634,0.2611,0.4495,812,406,0.191,0.5974,0.7316,0.7092,0.533,1.0,0.1283,0.2035,231,231,0.2055,0.4154,0.6538,0.6232,0.7752,1.0,0.2821,0.2407,130,130,0.2402,,,0.0,,471,,0.795,0.6514,0.3693,0.1418,1083,0.1729,0.72,0.7418,0.795,0.6514,0.3804,1.0,0.0886,0.1418,400,400,0.1729,0.2274,0.2636,387
j4/a2_r4000,0.6391,0.8516,0.4452,0.9156,0.1155,0.2906,0.6095,640,320,0.1268,0.686,0.7406,0.4209,0.9458,0.0702,0.4581,0.7982,812,406,0.1495,0.6494,0.7879,0.8652,0.4795,1.0,0.1822,0.2891,231,231,0.1979,0.4385,0.6692,0.7246,0.7634,1.0,0.3284,0.3979,130,130,0.2724,,,0.0,,471,,0.825,0.9174,0.3693,0.1079,1083,0.1392,0.7,0.7255,0.825,0.9174,0.4342,1.0,0.061,0.1079,400,400,0.1392,0.447,0.5478,387
j4/a3_r4000,0.6359,0.8234,0.4205,0.9187,0.0677,0.2812,0.6,640,320,0.0727,0.5874,0.8429,0.4785,0.9261,0.1285,0.2586,0.6881,812,406,0.1142,0.619,0.7835,0.8511,0.4699,1.0,0.0975,0.1316,231,231,0.161,0.3923,0.6692,0.7101,0.7297,1.0,0.2533,0.1838,130,130,0.2149,,,0.0,,471,,0.87,0.844,0.3693,0.0529,1083,0.1087,0.74,0.7663,0.87,0.844,0.3969,1.0,0.0989,0.0529,400,400,0.1087,0.2351,0.3514,387
j4/a_r1000,0.5859,0.7391,0.4808,0.8156,0.0968,0.1875,0.4381,640,320,0.1288,0.5887,0.7743,0.5065,0.9557,0.0821,0.2759,0.4495,812,406,0.1588,0.5498,0.697,0.6738,0.5447,1.0,0.0946,0.2178,231,231,0.2218,0.3769,0.6385,0.6232,0.7058,1.0,0.1927,0.1845,130,130,0.2193,,,0.0,,471,,0.8033,0.6185,1.0,0.1727,1083,0.175,0.725,0.7582,0.8325,0.7339,0.4042,1.0,0.0938,0.1214,400,400,0.156,0.2765,0.2817,387
j4/a_r12000,0.6453,0.8203,0.4083,0.9094,0.0578,0.3,0.6095,640,320,0.1018,0.67,0.8516,0.485,0.9606,0.094,0.4335,0.9266,812,406,0.0879,0.6883,0.8225,0.8865,0.406,1.0,0.0689,0.106,231,231,0.1411,0.4923,0.7154,0.7826,0.6546,1.0,0.1674,0.1301,130,130,0.186,0.9045,0.897,1.0,0.0531,471,0.0899,0.8837,0.8439,1.0,0.0508,1083,0.0912,0.74,0.7717,0.905,0.9266,0.4019,1.0,0.0895,0.0398,400,400,0.0824,0.4109,0.4703,387
j4/a_r4000,0.6062,0.7875,0.5012,0.8812,0.1756,0.2188,0.4857,640,320,0.1815,0.6133,0.8504,0.5247,0.9655,0.1397,0.3251,0.7798,812,406,0.1176,0.6277,0.7879,0.844,0.5161,1.0,0.1725,0.2061,231,231,0.1858,0.4,0.6692,0.6957,0.8205,1.0,0.3201,0.2482,130,130,0.2463,,,0.0,,471,,0.8319,0.8006,1.0,0.0947,1083,0.1277,0.735,0.7527,0.8725,0.844,0.3992,1.0,0.0889,0.0694,400,400,0.1081,0.3127,0.3979,387
j4/b2_r1000,0.7359,0.7797,0.337,0.9656,0.0613,0.475,0.7333,640,320,0.1709,0.6724,0.7145,0.4337,0.9458,0.0576,0.4483,0.7156,812,406,0.1695,0.6147,0.6926,0.7447,0.4571,1.0,0.0844,0.2354,231,231,0.2235,0.4077,0.5462,0.6087,0.6722,1.0,0.2065,0.2999,130,130,0.2804,,,0.0,,471,,0.81,0.789,0.3693,0.1137,1083,0.15,0.7,0.7255,0.81,0.789,0.4314,1.0,0.0712,0.1137,400,400,0.15,0.4677,0.5426,387
j4/b2_r4000,0.7562,0.775,0.3328,0.9625,0.0835,0.5156,0.8,640,320,0.1445,0.6355,0.8354,0.4729,0.9803,0.1013,0.3695,0.9174,812,406,0.109,0.6494,0.7662,0.844,0.4351,1.0,0.0902,0.1609,231,231,0.1687,0.4308,0.6231,0.6957,0.6938,1.0,0.2072,0.2284,130,130,0.2358,,,0.0,,471,,0.8775,0.8532,0.3693,0.058,1083,0.1091,0.7025,0.7418,0.8775,0.8532,0.4041,1.0,0.058,0.058,400,400,0.1091,0.3566,0.4212,387
j4/b3_r4000,0.6922,0.7797,0.3504,0.9156,0.1003,0.3844,0.6667,640,320,0.1842,0.6059,0.8616,0.5671,0.9754,0.1988,0.3153,0.7982,812,406,0.1552,0.6494,0.7749,0.8582,0.4826,1.0,0.1677,0.3094,231,231,0.2115,0.4308,0.6385,0.7101,0.7891,1.0,0.3005,0.382,130,130,0.2842,,,0.0,,471,,0.8525,0.8165,0.3693,0.1175,1083,0.1401,0.71,0.75,0.8525,0.8165,0.4023,1.0,0.0892,0.1175,400,400,0.1401,0.292,0.3618,387
j4/b_r1000,0.7453,0.7766,0.3507,0.9844,0.122,0.4938,0.7619,640,320,0.1776,0.6687,0.682,0.4586,0.9261,0.0656,0.4384,0.633,812,406,0.1944,0.6364,0.7013,0.7589,0.4573,1.0,0.1083,0.2738,231,231,0.2251,0.4154,0.5308,0.5797,0.6871,1.0,0.2283,0.3292,130,130,0.2904,,,0.0,,471,,0.7544,0.6908,1.0,0.1816,1083,0.1783,0.68,0.7038,0.7625,0.7339,0.4571,1.0,0.0838,0.1374,400,400,0.1647,0.4755,0.5297,387
j4/b_r12000,0.6937,0.8,0.3562,0.9156,0.1126,0.3906,0.6762,640,320,0.1385,0.6823,0.8155,0.4603,0.9557,0.0875,0.4631,0.8532,812,406,0.103,0.671,0.8009,0.8511,0.4122,1.0,0.0886,0.1358,231,231,0.15,0.4538,0.6692,0.7101,0.6494,1.0,0.2111,0.1966,130,130,0.21,0.896,0.8727,1.0,0.0506,471,0.0911,0.8846,0.8353,1.0,0.0449,1083,0.0877,0.7525,0.7908,0.8975,0.8532,0.3799,1.0,0.0983,0.0369,400,400,0.0807,0.4419,0.4935,387
j4/b_r4000,0.7688,0.7969,0.2987,0.9625,0.064,0.55,0.8476,640,320,0.1504,0.6552,0.8105,0.4911,0.9803,0.0869,0.4089,0.8073,812,406,0.1229,0.671,0.7489,0.8227,0.4424,1.0,0.0694,0.1942,231,231,0.1884,0.4692,0.6077,0.6812,0.6867,1.0,0.2013,0.2861,130,130,0.2593,,,0.0,,471,,0.8957,0.789,1.0,0.0781,1083,0.1091,0.7475,0.788,0.9075,0.8257,0.3767,1.0,0.0547,0.059,400,400,0.0993,0.4005,0.4522,387
j4/bf_r1000,0.7406,0.7438,0.392,0.9719,0.1441,0.4813,0.7524,640,320,0.2154,0.6232,0.707,0.4918,0.9113,0.1095,0.3522,0.5321,812,406,0.1882,0.5887,0.6537,0.7021,0.5172,1.0,0.1508,0.3805,231,231,0.2686,0.4308,0.5462,0.6232,0.716,1.0,0.2471,0.4029,130,130,0.3154,,,0.0,,471,,0.7425,0.633,0.3693,0.1801,1083,0.1783,0.635,0.6549,0.7425,0.633,0.4897,1.0,0.1025,0.1801,400,400,0.1783,0.3643,0.4289,387
j4/bf_r4000,0.7906,0.7969,0.2714,0.9656,0.0539,0.5844,0.9238,640,320,0.1515,0.6823,0.7656,0.4409,0.9828,0.0785,0.4631,0.8716,812,406,0.14,0.6797,0.7532,0.8156,0.4442,1.0,0.0911,0.189,231,231,0.1757,0.4692,0.6,0.6667,0.7106,1.0,0.2225,0.2781,130,130,0.2474,,,0.0,,471,,0.895,0.8807,0.3693,0.0604,1083,0.1049,0.745,0.7853,0.895,0.8807,0.3743,1.0,0.0399,0.0604,400,400,0.1049,0.4393,0.491,387
j4/c_final,0.6813,0.8313,0.3867,0.9344,0.0644,0.3625,0.7238,640,320,0.0876,0.6355,0.8678,0.5036,0.9606,0.1067,0.367,0.8716,812,406,0.0899,0.7273,0.8745,0.9007,0.3554,1.0,0.0544,0.0645,231,231,0.109,0.5462,0.7923,0.8116,0.5581,1.0,0.0843,0.0924,130,130,0.1504,0.9045,0.8727,1.0,0.0419,471,0.09,0.892,0.896,1.0,0.0379,1083,0.0852,0.7525,0.7908,0.91,0.9083,0.3878,1.0,0.0893,0.0261,400,400,0.0698,0.354,0.4496,387
j4/c_r16000,0.6781,0.8187,0.3825,0.9406,0.0753,0.3625,0.6762,640,320,0.0864,0.633,0.8691,0.4904,0.9581,0.0953,0.3645,0.8716,812,406,0.0933,0.71,0.8312,0.844,0.3576,1.0,0.0735,0.0845,231,231,0.1233,0.5231,0.7385,0.7246,0.5432,1.0,0.1019,0.1085,130,130,0.1582,,,0.0,,471,,0.9104,0.7457,1.0,0.0508,1083,0.0929,0.7725,0.8098,0.9275,0.7706,0.3673,1.0,0.1014,0.0338,400,400,0.076,0.3411,0.3695,387
j4/d_r1000,0.5453,0.4922,0.5504,0.8375,0.1739,0.0938,0.2667,640,320,0.2414,0.548,0.5362,0.5085,0.9483,0.1136,0.1921,0.5688,812,406,0.2439,0.619,0.7489,0.7589,0.4927,1.0,0.0856,0.1924,231,231,0.1878,0.4308,0.6462,0.5942,0.7234,1.0,0.1933,0.2285,130,130,0.225,,,0.0,,471,,0.67,0.8257,0.3693,0.1637,1083,0.1985,0.5425,0.5625,0.67,0.8257,0.5246,1.0,0.1476,0.1637,400,400,0.1985,0.1835,0.2196,387
j4/d_r4000,0.6609,0.8047,0.3912,0.9125,0.0871,0.3219,0.6,640,320,0.1433,0.6675,0.8167,0.4567,0.9852,0.158,0.431,0.8349,812,406,0.1573,0.6537,0.7706,0.8227,0.4578,1.0,0.1372,0.2104,231,231,0.1864,0.4385,0.6462,0.6522,0.7437,1.0,0.2647,0.2599,130,130,0.2428,,,0.0,,471,,0.86,0.8257,0.3693,0.0958,1083,0.133,0.6925,0.7255,0.86,0.8257,0.4139,1.0,0.1154,0.0958,400,400,0.133,0.4109,0.478,387
j4/dp_only,0.6578,0.6891,0.4862,0.9156,0.2387,0.3156,0.5905,640,320,0.3077,0.5037,0.7768,0.6489,0.7463,0.235,0.1133,0.2018,812,406,0.2217,0.4459,0.4416,0.4043,0.6554,1.0,0.1748,0.5991,231,231,0.3931,0.3846,0.3769,0.3478,0.722,1.0,0.2302,0.4927,130,130,0.3666,,,0.0,,471,,0.651,0.2168,1.0,0.4825,1083,0.3112,0.5725,0.5951,0.655,0.1835,0.5208,1.0,0.1644,0.3553,400,400,0.2829,0.1499,0.2145,387
j4/e_r1000,0.7578,0.7828,0.3499,0.9781,0.11,0.5188,0.781,640,320,0.2462,0.6441,0.7544,0.5028,0.936,0.1299,0.3966,0.7615,812,406,0.1753,0.6147,0.6797,0.7163,0.4932,1.0,0.1336,0.3471,231,231,0.256,0.4231,0.5385,0.5652,0.7229,1.0,0.2718,0.4416,130,130,0.3213,,,0.0,,471,,0.83,0.7523,0.3693,0.1324,1083,0.1379,0.715,0.7418,0.83,0.7523,0.4335,1.0,0.1046,0.1324,400,400,0.1379,0.3979,0.4884,387
j4/e_r12000,0.6906,0.7906,0.3813,0.9625,0.1164,0.3844,0.6857,640,320,0.1981,0.7303,0.7269,0.4211,0.9828,0.0926,0.5591,0.9083,812,406,0.16,0.684,0.7792,0.8794,0.4224,1.0,0.0774,0.1866,231,231,0.1823,0.4846,0.6385,0.7536,0.6659,1.0,0.1654,0.2818,130,130,0.2542,0.7898,0.7879,1.0,0.0951,471,0.137,0.8467,0.8092,1.0,0.0721,1083,0.1152,0.715,0.7446,0.855,0.8165,0.3998,1.0,0.1048,0.0592,400,400,0.105,0.5452,0.615,387
j4/e_r4000,0.7781,0.7719,0.3167,0.9437,0.1224,0.5594,0.8667,640,320,0.1908,0.6232,0.7332,0.4648,0.9754,0.1133,0.3473,0.5229,812,406,0.1489,0.645,0.7489,0.8298,0.4308,1.0,0.0829,0.1927,231,231,0.2026,0.4154,0.6,0.6812,0.6522,1.0,0.1769,0.2553,130,130,0.2639,,,0.0,,471,,0.8425,0.5872,0.3693,0.0814,1083,0.1209,0.71,0.7391,0.8425,0.5872,0.4067,1.0,0.0559,0.0814,400,400,0.1209,0.3695,0.4264,387
j4/hob_jb,,,,,,,,,0,,,,,,,,,,0,,0.7273,0.9957,1.0,0.348,1.0,0.0483,0.0001,231,231,0.003,0.5308,0.9923,1.0,0.5575,1.0,0.1283,0.0001,130,130,0.004,,,0.0,,471,,,,0.0,,1083,,,,,,,0.0,,,,400,,,,0
j4/smoke_jb,,,,,,,,,0,,,,,,,,,,0,,0.316,0.355,0.3191,0.6822,1.0,0.0589,0.5826,231,231,0.4284,0.3077,0.3769,0.3333,0.635,1.0,0.0992,0.2823,130,130,0.2967,,,0.0,,471,,,,0.0,,1083,,,,,,,0.0,,,,400,,,,0
j5/preds_bf16,0.6516,0.9922,0.4098,0.8781,0.0828,0.3281,0.981,640,320,0.0034,0.5948,0.9963,0.5206,0.9458,0.1116,0.2709,1.0,812,406,0.003,0.7359,0.987,0.9929,0.3475,1.0,0.0398,0.0001,231,231,0.0032,0.5462,0.9769,0.9855,0.5572,1.0,0.1133,0.0001,130,130,0.0044,0.9958,0.9879,1.0,0.0001,471,0.0032,0.9972,0.9971,1.0,0.0001,1083,0.0032,0.785,0.8207,0.995,0.9908,0.3472,1.0,0.1091,0.0001,400,400,0.003,0.2481,0.3411,387
j5/preds_mix_w4g128_w8,0.6391,0.9422,0.4172,0.8719,0.0928,0.2969,0.8095,640,320,0.0231,0.5985,0.99,0.5167,0.9557,0.1014,0.2734,0.9908,812,406,0.0139,0.7446,0.974,0.9787,0.348,1.0,0.0435,0.003,231,231,0.0221,0.5615,0.9538,0.9565,0.5564,1.0,0.1047,0.0045,130,130,0.0307,0.9851,0.9576,1.0,0.0018,471,0.0178,0.9871,0.9769,1.0,0.0016,1083,0.0163,0.795,0.8315,0.9825,0.9633,0.3436,1.0,0.1103,0.0012,400,400,0.0142,0.2506,0.3411,387
j5/preds_w3g128,0.6188,0.8719,0.4236,0.8625,0.0854,0.2594,0.6952,640,320,0.0529,0.5825,0.9314,0.5013,0.9483,0.1131,0.234,0.7706,812,406,0.0563,0.7013,0.8961,0.922,0.3884,1.0,0.0541,0.0364,231,231,0.0829,0.5,0.8308,0.8551,0.611,1.0,0.144,0.0555,130,130,0.115,0.9618,0.9212,1.0,0.0164,471,0.055,0.9307,0.8728,1.0,0.0153,1083,0.0543,0.775,0.8179,0.9275,0.8716,0.3612,1.0,0.0838,0.011,400,400,0.0461,0.2222,0.323,387
j5/preds_w4g128,0.6281,0.95,0.4205,0.8531,0.1025,0.2687,0.7714,640,320,0.027,0.5911,0.9763,0.5284,0.9335,0.1137,0.2586,0.9266,812,406,0.0224,0.7446,0.9524,0.9716,0.351,1.0,0.0328,0.0067,231,231,0.0344,0.5692,0.9231,0.942,0.5579,1.0,0.0801,0.0095,130,130,0.0461,0.9703,0.9273,1.0,0.0036,471,0.0264,0.9751,0.9595,1.0,0.003,1083,0.0235,0.79,0.8288,0.96,0.9174,0.3453,1.0,0.104,0.0028,400,400,0.0225,0.2377,0.3282,387
j5/preds_w4g128rtn,0.6422,0.8484,0.4256,0.8406,0.0714,0.3031,0.6476,640,320,0.0682,0.5505,0.8853,0.5283,0.9433,0.175,0.1995,0.5872,812,406,0.0754,0.6926,0.9177,0.9291,0.3757,1.0,0.0652,0.0305,231,231,0.0726,0.4769,0.8615,0.8551,0.5935,1.0,0.164,0.0462,130,130,0.101,0.9257,0.8909,1.0,0.0346,471,0.077,0.904,0.8728,1.0,0.0271,1083,0.0723,0.765,0.7989,0.905,0.8716,0.366,1.0,0.0722,0.021,400,400,0.0633,0.2067,0.2972,387
j5/preds_w4g64,0.6641,0.9484,0.4121,0.8656,0.0812,0.35,0.9048,640,320,0.0248,0.585,0.9776,0.5233,0.9507,0.1244,0.2635,0.9633,812,406,0.0224,0.7273,0.9697,0.9787,0.3509,1.0,0.0486,0.0082,231,231,0.0339,0.5462,0.9615,0.9565,0.5569,1.0,0.1089,0.0127,130,130,0.0478,0.966,0.9333,1.0,0.0032,471,0.0233,0.9741,0.9451,1.0,0.0031,1083,0.0243,0.765,0.8043,0.9725,0.945,0.3502,1.0,0.1142,0.0026,400,400,0.0221,0.2351,0.3049,387
j5/preds_w8,0.6531,0.9875,0.4101,0.8844,0.0809,0.3281,0.9714,640,320,0.0046,0.5936,0.9975,0.5214,0.9483,0.1123,0.2685,0.9908,812,406,0.004,0.7273,0.9957,1.0,0.3474,1.0,0.0531,0.0001,231,231,0.0047,0.5308,0.9923,1.0,0.5565,1.0,0.1282,0.0002,130,130,0.0066,1.0,1.0,1.0,0.0001,471,0.0041,0.9963,0.9913,1.0,0.0001,1083,0.0041,0.7875,0.8207,0.9975,0.9908,0.3462,1.0,0.1153,0.0001,400,400,0.0037,0.2481,0.3411,387
j5/preds_w8a8b8_h2,0.6516,0.9922,0.4109,0.8781,0.0741,0.325,0.9714,640,320,0.0056,0.5985,0.9938,0.5207,0.9433,0.1069,0.2759,1.0,812,406,0.0047,0.7316,0.9913,1.0,0.3483,1.0,0.0415,0.0002,231,231,0.0049,0.5385,0.9846,1.0,0.558,1.0,0.1214,0.0002,130,130,0.0067,0.9979,0.9939,1.0,0.0002,471,0.0051,0.9935,0.9884,1.0,0.0001,1083,0.0048,0.7875,0.8207,0.9975,0.9908,0.3471,1.0,0.1159,0.0001,400,400,0.0042,0.2532,0.3488,387
j5/preds_w8a8b8_j5,0.65,0.9938,0.4106,0.875,0.0781,0.3219,0.9714,640,320,0.0057,0.5985,0.9925,0.5204,0.9433,0.1074,0.2759,1.0,812,406,0.0047,0.7316,0.9913,1.0,0.3486,1.0,0.047,0.0002,231,231,0.0053,0.5385,0.9846,1.0,0.5581,1.0,0.1212,0.0002,130,130,0.0074,0.9979,0.9939,1.0,0.0002,471,0.0051,0.9926,0.9855,1.0,0.0001,1083,0.0049,0.7875,0.8207,0.9975,0.9908,0.3468,1.0,0.1123,0.0001,400,400,0.0043,0.2532,0.3463,387
j6/preds_a:student,,,,,,,,,0,,0.5135,0.8853,0.5952,0.9778,0.1896,0.1256,0.4312,812,406,0.0713,,,,,0.0,,,,231,,,,,,0.0,,,,130,,0.9512,0.8909,1.0,0.0176,471,0.0468,0.9344,0.8642,1.0,0.0185,1083,0.0504,0.785,0.8234,0.93,0.8257,0.3603,1.0,0.1009,0.0171,400,400,0.0493,0.1137,0.1783,387
j6/preds_a:teacher,,,,,,,,,0,,0.5961,0.9963,0.5202,0.9483,0.1086,0.2734,1.0,812,406,0.0032,,,,,0.0,,,,231,,,,,,0.0,,,,130,,0.9958,0.9879,1.0,0.0001,471,0.0032,0.9954,0.9971,1.0,0.0001,1083,0.0032,0.785,0.8207,0.995,0.9908,0.347,1.0,0.1161,0.0,400,400,0.0029,0.2506,0.3411,387
j6/preds_e,,,,,,,,,0,,0.633,0.889,0.5383,0.9901,0.1262,0.367,0.8991,812,406,0.0624,,,,,0.0,,,,231,,,,,,0.0,,,,130,,0.913,0.8485,1.0,0.0434,471,0.0735,0.9335,0.8699,1.0,0.0261,1083,0.062,0.79,0.8315,0.935,0.8624,0.3658,1.0,0.1043,0.0222,400,400,0.0598,0.3488,0.3979,387
j6/preds_h,0.5031,0.5531,0.5507,0.5031,0.1193,0.0063,0.0095,640,320,0.1857,0.4754,0.7556,0.716,0.7586,0.2754,0.0493,0.1743,812,406,0.1742,0.5238,0.5671,0.4043,0.6007,1.0,0.1378,0.4862,231,231,0.3096,0.4231,0.5077,0.2319,0.6807,1.0,0.2143,0.3255,130,130,0.2746,0.8429,0.6182,1.0,0.1012,471,0.1336,0.7904,0.5145,1.0,0.1192,1083,0.1459,0.7275,0.7554,0.81,0.5321,0.3935,1.0,0.0727,0.1004,400,400,0.1331,0.0439,0.1034,387
j6/preds_late:student,,,,,,,,,0,,0.6244,0.8803,0.5411,0.9828,0.1162,0.3522,0.8624,812,406,0.0611,,,,,0.0,,,,231,,,,,,0.0,,,,130,,0.9236,0.8727,1.0,0.0384,471,0.0676,0.9298,0.8584,1.0,0.0263,1083,0.0605,0.7775,0.8234,0.9325,0.8624,0.3645,1.0,0.0838,0.0204,400,400,0.0571,0.3307,0.385,387
j6/preds_p:r8,,,,,,,,,0,,,,,,,,,,0,,,,,,0.0,,,,231,,,,,,0.0,,,,130,,0.803,0.7755,0.1401,0.0896,471,0.1397,0.8294,0.7604,0.157,0.0653,1083,0.115,0.5263,0.6552,0.8684,0.7333,0.6952,0.095,0.4097,0.0519,38,400,0.106,,,0
j6/preds_p:r40,,,,,,,,,0,,,,,,,,,,0,,,,,,0.0,,,,231,,,,,,0.0,,,,130,,0.7727,0.7551,0.1401,0.0966,471,0.143,0.8235,0.7708,0.157,0.0763,1083,0.1256,0.3947,0.4828,0.8158,0.7333,0.7402,0.095,0.3145,0.0638,38,400,0.1179,,,0
j7/C,0.9516,0.6922,0.167,1.0,0.2127,0.9031,0.981,640,320,0.1601,0.6071,0.9476,0.488,0.968,0.0941,0.3103,0.9725,812,406,0.04,0.7186,0.9351,0.9504,0.3604,1.0,0.0668,0.0149,231,231,0.0514,0.5231,0.8923,0.913,0.5755,1.0,0.1333,0.0236,130,130,0.0771,0.9639,0.9394,1.0,0.0122,471,0.0425,0.9455,0.9075,1.0,0.0099,1083,0.0401,0.7825,0.8179,0.94,0.8899,0.3581,1.0,0.0802,0.0074,400,400,0.0363,0.2868,0.3463,387
j7/T16k,0.6391,0.7922,0.4489,0.8406,0.0569,0.2875,0.581,640,320,0.0902,0.548,0.8766,0.5555,0.9581,0.1683,0.1921,0.5596,812,406,0.0744,0.6926,0.9351,0.9362,0.3769,1.0,0.0681,0.0278,231,231,0.0689,0.4923,0.9077,0.8986,0.5849,1.0,0.1177,0.0339,130,130,0.0915,0.9278,0.8606,1.0,0.0433,471,0.0719,0.9104,0.8092,1.0,0.0369,1083,0.0708,0.7725,0.8043,0.91,0.789,0.3602,1.0,0.0833,0.0284,400,400,0.0652,0.1602,0.2377,387
j7/T2_64k,0.6188,0.7812,0.45,0.8438,0.0359,0.25,0.5619,640,320,0.0873,0.5443,0.8541,0.5762,0.9064,0.1666,0.1872,0.4679,812,406,0.088,0.6883,0.9048,0.9078,0.3812,1.0,0.0529,0.0499,231,231,0.0892,0.5154,0.8846,0.8986,0.5648,1.0,0.1042,0.0425,130,130,0.1008,0.9299,0.8606,1.0,0.0555,471,0.0807,0.8892,0.7775,1.0,0.0552,1083,0.0798,0.7325,0.7636,0.8975,0.789,0.385,1.0,0.072,0.0367,400,400,0.0738,0.168,0.2481,387
j7/T4k,0.6422,0.8609,0.4363,0.8594,0.0569,0.3063,0.6762,640,320,0.0618,0.5825,0.8878,0.5323,0.9877,0.1299,0.2635,0.7064,812,406,0.0706,0.71,0.961,0.9574,0.3705,1.0,0.0587,0.0191,231,231,0.0594,0.5077,0.9385,0.9275,0.5818,1.0,0.1087,0.0274,130,130,0.0811,0.9384,0.897,1.0,0.0313,471,0.0614,0.9224,0.8439,1.0,0.0258,1083,0.0607,0.7775,0.8125,0.9275,0.8349,0.3538,1.0,0.0958,0.0201,400,400,0.0551,0.2351,0.3101,387
j7/T64k,0.6203,0.7422,0.4598,0.8313,0.0643,0.2437,0.5048,640,320,0.1042,0.5505,0.8616,0.5719,0.9384,0.1739,0.1995,0.5138,812,406,0.0881,0.71,0.9004,0.9007,0.3812,1.0,0.0569,0.0424,231,231,0.079,0.5385,0.8615,0.8551,0.5734,1.0,0.0932,0.0383,130,130,0.0968,0.9321,0.8364,1.0,0.0576,471,0.0809,0.8957,0.8006,1.0,0.0583,1083,0.0839,0.73,0.7663,0.895,0.8073,0.3871,1.0,0.0834,0.0406,400,400,0.0805,0.1757,0.2455,387
j7/T64k_s100,,,,,,,,,0,,,,,,,,,,0,,,,,,0.0,,,,231,,,,,,0.0,,,,130,,,,0.0,,471,,0.8421,0.6676,1.0,0.1177,1083,0.1228,0.71,0.7391,0.8625,0.7523,0.4289,1.0,0.1004,0.0768,400,400,0.1114,,,0
j7/T64k_s200,,,,,,,,,0,,,,,,,,,,0,,,,,,0.0,,,,231,,,,,,0.0,,,,130,,,,0.0,,471,,0.8781,0.7717,1.0,0.0856,1083,0.1027,0.75,0.7935,0.9,0.844,0.3997,1.0,0.1075,0.0566,400,400,0.0921,,,0
j7/T64k_s300,,,,,,,,,0,,,,,,,,,,0,,,,,,0.0,,,,231,,,,,,0.0,,,,130,,,,0.0,,471,,0.8984,0.7948,1.0,0.0686,1083,0.0934,0.75,0.7853,0.9075,0.8165,0.3885,1.0,0.0735,0.0442,400,400,0.0861,,,0
j7/TL2_64k,0.6281,0.7875,0.4478,0.8531,0.0507,0.2656,0.5905,640,320,0.0914,0.5727,0.9127,0.5303,0.9828,0.1257,0.2438,0.7523,812,406,0.067,0.6883,0.9221,0.9504,0.3785,1.0,0.044,0.0459,231,231,0.0931,0.4923,0.8923,0.9275,0.5749,1.0,0.0957,0.0506,130,130,0.1169,0.9363,0.8848,1.0,0.0352,471,0.0685,0.9206,0.8324,1.0,0.0302,1083,0.062,0.765,0.8016,0.92,0.8257,0.3589,1.0,0.103,0.026,400,400,0.0603,0.2222,0.2817,387
j7/TL64k,0.6188,0.7812,0.4443,0.8406,0.0358,0.2625,0.5905,640,320,0.0891,0.5677,0.8865,0.5433,0.9778,0.1335,0.234,0.6789,812,406,0.0717,0.7056,0.9221,0.9362,0.3721,1.0,0.0429,0.0416,231,231,0.0863,0.5154,0.9,0.913,0.5677,1.0,0.0787,0.0461,130,130,0.1108,0.9321,0.8545,1.0,0.0398,471,0.0713,0.9224,0.841,1.0,0.034,1083,0.0658,0.7675,0.8016,0.93,0.8349,0.3717,1.0,0.077,0.0278,400,400,0.0629,0.2093,0.2817,387
j7/TV64k,0.8172,0.7734,0.2756,0.9531,0.1341,0.6375,0.9143,640,320,0.1146,0.5751,0.8267,0.5449,0.936,0.1301,0.2488,0.4862,812,406,0.0958,0.697,0.8874,0.9078,0.3854,1.0,0.0799,0.0573,231,231,0.0971,0.5,0.8231,0.8406,0.582,1.0,0.13,0.0627,130,130,0.1259,0.9278,0.8424,1.0,0.0664,471,0.0957,0.903,0.8064,1.0,0.0582,1083,0.0873,0.75,0.7826,0.915,0.844,0.3894,1.0,0.1079,0.0403,400,400,0.0814,0.2171,0.2739,387
j7/V,0.9328,0.7016,0.1742,1.0,0.1951,0.8656,0.9619,640,320,0.159,0.6219,0.9426,0.478,0.968,0.0781,0.335,0.9908,812,406,0.0437,0.7229,0.9221,0.9362,0.3639,1.0,0.0414,0.0158,231,231,0.0524,0.5308,0.8692,0.8841,0.578,1.0,0.1152,0.024,130,130,0.0769,0.949,0.9152,1.0,0.0124,471,0.0426,0.9437,0.9075,1.0,0.0103,1083,0.0411,0.795,0.8315,0.9425,0.8899,0.3566,1.0,0.1058,0.0076,400,400,0.0375,0.3101,0.3747,387
j7/V_noval,0.9375,0.7,0.1742,0.9969,0.2002,0.875,0.9714,640,320,0.1585,0.6195,0.9451,0.4797,0.9704,0.0792,0.33,0.9908,812,406,0.0429,,,,,0.0,,,,231,,,,,,0.0,,,,130,,,,0.0,,471,,,,0.0,,1083,,,,,,,0.0,,,,400,,0.3049,0.3695,387
j7/Z16k,0.6047,0.7391,0.4465,0.8562,0.0719,0.2219,0.4857,640,320,0.119,0.5554,0.8254,0.555,0.8768,0.132,0.202,0.5963,812,406,0.1328,0.7273,0.9134,0.9007,0.3674,1.0,0.0517,0.0439,231,231,0.0757,0.5615,0.8923,0.8551,0.5465,1.0,0.1112,0.0271,130,130,0.0744,0.7558,0.4303,1.0,0.2095,471,0.1825,0.8015,0.6792,1.0,0.1743,1083,0.175,0.705,0.7364,0.815,0.7064,0.4322,1.0,0.0592,0.1357,400,400,0.1633,0.2016,0.3333,387
j8/cpreds_bf16sub,0.6875,0.9875,0.3894,0.925,0.0942,0.375,0.9667,160,80,0.0034,0.5917,0.9958,0.5094,0.95,0.0975,0.2667,1.0,246,120,0.0032,0.7229,1.0,1.0,0.3487,1.0,0.0501,0.0001,231,231,0.0029,0.5231,1.0,1.0,0.5585,1.0,0.1363,0.0001,130,130,0.0042,,,0.0,,471,,0.9967,0.9895,0.277,0.0,1083,0.0029,0.7434,0.7636,0.9912,0.9706,0.3755,0.2825,0.0839,0.0,113,400,0.0024,0.2941,0.3824,34
j8/npreds_nl,0.875,1.0,0.2996,1.0,0.2918,0.75,1.0,8,4,0.0027,0.7391,0.9787,0.3365,1.0,0.1603,0.4783,1.0,47,23,0.0022,0.7958,0.9948,1.0,0.2856,0.8268,0.0504,0.0,191,231,0.0023,0.5889,0.9889,1.0,0.5181,0.6923,0.0951,0.0,90,130,0.0031,,,0.0,,471,,1.0,1.0,0.0231,0.0,1083,0.002,0.7692,0.8333,1.0,1.0,0.3817,0.0325,0.2007,0.0,13,400,0.0022,0.6667,0.6667,3
j8/npreds_xla,0.875,1.0,0.3004,1.0,0.2926,0.75,1.0,8,4,0.0026,0.7391,0.9787,0.3372,1.0,0.1603,0.4783,1.0,47,23,0.0022,0.7906,1.0,1.0,0.2858,0.8268,0.061,0.0,191,231,0.0022,0.5778,1.0,1.0,0.5187,0.6923,0.1175,0.0,90,130,0.0031,,,0.0,,471,,1.0,1.0,0.0231,0.0,1083,0.0019,0.7692,0.8333,1.0,1.0,0.3816,0.0325,0.2009,0.0,13,400,0.0019,0.6667,0.6667,3
j8/cpreds_bf16all,0.6484,0.9891,0.4098,0.8781,0.0809,0.3219,0.9619,640,320,0.0034,0.5961,0.9963,0.5205,0.9507,0.1091,0.2734,1.0,812,406,0.003,0.7229,1.0,1.0,0.3487,1.0,0.0501,0.0001,231,231,0.0029,0.5231,1.0,1.0,0.5585,1.0,0.1363,0.0001,130,130,0.0042,0.9958,0.9879,1.0,0.0,471,0.0029,0.9963,0.9971,1.0,0.0001,1083,0.0031,0.7875,0.8207,0.9975,0.9908,0.3473,1.0,0.1176,0.0,400,400,0.0028,0.2506,0.3411,387
j8/npreds_k2,0.6842,0.9934,0.3885,0.9211,0.0923,0.3684,0.9655,152,76,0.0033,0.6333,0.9944,0.4702,0.9667,0.1098,0.3444,1.0,183,90,0.0029,0.7359,0.987,0.9929,0.348,1.0,0.0337,0.0,231,231,0.0027,0.5462,0.9769,0.9855,0.5574,1.0,0.113,0.0001,130,130,0.0037,,,0.0,,471,,0.9964,0.9873,0.253,0.0,1083,0.0024,0.7455,0.7664,0.9909,0.9706,0.3679,0.275,0.0859,0.0,110,400,0.0021,0.5,0.5,20
j9/d_R_affine_prime,,,,,,,,,0,,,,,,,,,,0,,,,,,0.0,,,,231,,,,,,0.0,,,,130,,0.9119,0.7925,0.3376,0.0406,471,0.0733,0.9557,0.9035,0.3333,0.0202,1083,0.047,0.7634,0.8083,0.9695,0.9143,0.3695,0.3275,0.0922,0.0155,131,400,0.0412,,,0
j9/d_R_affine_strict,,,,,,,,,0,,,,,,,,,,0,,,,,,0.0,,,,231,,,,,,0.0,,,,130,,0.9057,0.7925,0.3376,0.0439,471,0.0752,0.9584,0.9298,0.3333,0.0176,1083,0.0411,0.7634,0.8167,0.9542,0.8857,0.3719,0.3275,0.1371,0.0141,131,400,0.0338,,,0
j9/d_R_last,,,,,,,,,0,,,,,,,,,,0,,,,,,0.0,,,,231,,,,,,0.0,,,,130,,0.8931,0.7736,0.3376,0.0424,471,0.0798,0.9529,0.9123,0.3333,0.0263,1083,0.0519,0.771,0.8083,0.9466,0.9143,0.3677,0.3275,0.0888,0.019,131,400,0.0453,,,0
j9/d_R_skip,,,,,,,,,0,,,,,,,,,,0,,,,,,0.0,,,,231,,,,,,0.0,,,,130,,0.9182,0.8113,0.3376,0.0371,471,0.0767,0.9446,0.9123,0.3333,0.0205,1083,0.0486,0.7557,0.8,0.9466,0.9143,0.3701,0.3275,0.1008,0.0174,131,400,0.0405,,,0
j9/d_Rx,,,,,,,,,0,,,,,,,,,,0,,,,,,0.0,,,,231,,,,,,0.0,,,,130,,0.9245,0.8302,0.3376,0.0306,471,0.0624,0.9723,0.9474,0.3333,0.0129,1083,0.0392,0.771,0.8083,0.9695,0.9143,0.3755,0.3275,0.0728,0.0125,131,400,0.0349,,,0
j9/t4_R_affine,0.6625,0.9375,0.4046,0.8938,0.0577,0.3438,0.8857,640,320,0.029,0.5862,0.9576,0.5234,0.9532,0.117,0.2562,0.9083,812,406,0.024,0.7273,0.9957,1.0,0.3486,1.0,0.0501,0.0001,231,231,0.0031,0.5308,0.9923,1.0,0.5585,1.0,0.129,0.0001,130,130,0.0044,0.9363,0.8606,1.0,0.0223,471,0.0539,0.952,0.9075,1.0,0.0112,1083,0.0355,0.7675,0.8043,0.9475,0.9083,0.3585,1.0,0.0941,0.0106,400,400,0.0329,0.2403,0.323,387
j9/t4_R_skip,0.6641,0.9359,0.4031,0.9,0.0603,0.3438,0.8952,640,320,0.0289,0.5948,0.9576,0.526,0.9532,0.1106,0.2635,0.9358,812,406,0.0267,,,,,0.0,,,,231,,,,,,0.0,,,,130,,0.9342,0.8606,1.0,0.0263,471,0.0614,0.9354,0.8873,1.0,0.0173,1083,0.0441,0.765,0.8016,0.94,0.9266,0.3611,1.0,0.0959,0.0149,400,400,0.0379,0.2455,0.3359,387
j9/t_R_affine,0.6609,0.9359,0.4054,0.8875,0.0567,0.3406,0.8762,640,320,0.0286,0.5874,0.9551,0.5237,0.9483,0.1165,0.2586,0.9174,812,406,0.0256,0.7273,0.9957,1.0,0.3486,1.0,0.0501,0.0001,231,231,0.0031,0.5308,0.9923,1.0,0.5585,1.0,0.129,0.0001,130,130,0.0044,0.9278,0.8364,1.0,0.0291,471,0.0603,0.9474,0.8931,1.0,0.014,1083,0.0388,0.7675,0.8043,0.9475,0.9083,0.3566,1.0,0.0926,0.0124,400,400,0.035,0.2403,0.3204,387
j9/t_R_skip,,,,,,,,,0,,,,,,,,,,0,,,,,,0.0,,,,231,,,,,,0.0,,,,130,,0.9299,0.8424,1.0,0.0304,471,0.0662,0.9344,0.8844,1.0,0.0195,1083,0.0461,0.765,0.8016,0.94,0.9358,0.3599,1.0,0.0875,0.0162,400,400,0.0391,,,0
j9/u_R_affine,0.6609,0.9234,0.4074,0.8844,0.0561,0.3438,0.8476,640,320,0.0311,0.585,0.9414,0.533,0.9409,0.1228,0.2562,0.8899,812,406,0.0332,,,,,0.0,,,,231,,,,,,0.0,,,,130,,0.9108,0.8,1.0,0.0489,471,0.0812,0.9363,0.8988,1.0,0.0216,1083,0.0501,0.775,0.8152,0.9475,0.9174,0.3593,1.0,0.1162,0.0172,400,400,0.0434,0.2403,0.3463,387
j9/u_R_affine_partial,,,,,,,,,0,,0.5997,0.9571,0.5024,0.9275,0.1172,0.2296,0.8519,662,331,0.025,,,,,0.0,,,,231,,,,,,0.0,,,,130,,0.9108,0.8,1.0,0.0489,471,0.0812,0.9363,0.8988,1.0,0.0216,1083,0.0501,0.775,0.8152,0.9475,0.9174,0.3593,1.0,0.1162,0.0172,400,400,0.0434,0.2114,0.2617,298
j11/runs/M_dec/preds_kit,0.4984,0.4391,0.5094,0.4938,0.04,0.025,0.0381,640,320,0.163,0.4507,0.7668,0.6513,0.5567,0.2056,0.0,0.0,812,406,0.1733,0.2987,0.329,0.3901,0.6831,1.0,0.0668,0.5977,231,231,0.4366,0.3615,0.4077,0.4928,0.6258,1.0,0.0983,0.2913,130,130,0.3011,0.8068,0.6242,1.0,0.2842,471,0.1985,0.6944,0.3815,1.0,0.2976,1083,0.2189,0.645,0.6658,0.7325,0.3761,0.4732,1.0,0.0825,0.1969,400,400,0.1911,0.0336,0.0801,387
j11/runs/M_dec/preds_kit_rot:rot1,0.5016,0.5203,0.509,0.4437,0.0374,0.0031,0.0,640,320,0.1605,0.4507,0.7095,0.6484,0.5197,0.2007,0.0,0.0,812,406,0.1768,0.3146,0.338,0.2422,0.6767,0.9221,0.0377,0.6184,213,231,0.4454,0.3629,0.3952,0.2344,0.6222,0.9538,0.0554,0.2929,124,130,0.3042,0.7548,0.6037,0.9958,0.2853,471,0.1998,0.6514,0.3844,0.9908,0.3011,1083,0.2222,0.5934,0.61,0.6854,0.3761,0.4722,0.9775,0.0861,0.2004,391,400,0.1933,0.0413,0.1034,387
j11/runs/M_dec/preds_kit_rot:rot2,,,,,,,,,0,,0.0,0.5375,1.1897,0.4,0.4454,0.0,,80,40,0.5141,0.2086,0.2662,0.2778,0.7698,0.6017,0.0424,0.8728,139,231,0.5645,0.2742,0.3871,0.375,0.7414,0.4769,0.075,0.4769,62,130,0.414,0.4634,0.0847,0.2611,0.8952,471,0.4121,0.536,0.0208,0.2308,0.9988,1083,0.4285,0.3684,0.4634,0.5789,0.0,0.8252,0.1425,0.3047,0.8412,57,400,0.3962,0.0,0.0,40
j11/runs/M_dec/preds_kit_rot:rot3,,,,,,,,,0,,0.0,0.5375,1.191,0.5,0.4462,0.0,,80,40,0.5139,0.2823,0.3226,0.2892,0.7827,0.5368,0.0704,0.9453,124,231,0.5911,0.3617,0.4468,0.4,0.7674,0.3615,0.1439,0.5417,47,130,0.437,0.1061,0.0408,0.1401,1.6324,471,0.6839,0.3176,0.0208,0.157,1.4546,1083,0.5922,0.4211,0.5172,0.3684,0.0,0.7336,0.095,0.1969,1.2446,38,400,0.5498,0.0,0.0,40
j11/runs/M_dec/preds_kit_rot:rev,,,,,,,,,0,,,,,,,,,,0,,0.2778,0.1667,0.1538,0.7446,0.0779,0.0641,0.2608,18,231,0.2945,0.5,0.1667,0.0,0.7248,0.0462,0.2309,0.0754,6,130,0.154,0.5,0.0,0.0042,0.039,471,0.1141,0.6,,0.0092,0.0615,1083,0.1605,0.6667,0.6667,0.5556,,0.6544,0.0225,0.3205,0.0619,9,400,0.1603,,,0
j11/runs/M_slot/preds_kit,0.5047,0.5672,0.5032,0.2469,0.0303,0.0187,0.0286,640,320,0.1487,0.4557,0.7868,0.6592,0.3695,0.2211,0.0148,0.0092,812,406,0.1913,0.3333,0.342,0.227,0.6746,1.0,0.055,0.603,231,231,0.4375,0.4077,0.4231,0.3043,0.6121,1.0,0.1072,0.3006,130,130,0.3034,0.8174,0.5818,1.0,0.2611,471,0.1789,0.7156,0.3584,1.0,0.2926,1083,0.2095,0.6725,0.6929,0.76,0.3578,0.4733,1.0,0.0961,0.1961,400,400,0.1807,0.031,0.0698,387
j11/runs/M_slot/preds_kit_rot:rot1,0.4922,0.5266,0.5034,0.2406,0.0429,0.0094,0.019,640,320,0.1487,0.4557,0.7693,0.6591,0.3966,0.2211,0.0099,0.0,812,406,0.1912,0.3286,0.3333,0.3828,0.6673,0.9221,0.0301,0.631,213,231,0.449,0.3952,0.4113,0.5312,0.6042,0.9538,0.0417,0.3104,124,130,0.3092,0.8188,0.5793,0.9958,0.2622,471,0.1794,0.7185,0.3757,0.9908,0.2951,1083,0.2104,0.6854,0.7075,0.7724,0.367,0.4705,0.9775,0.0944,0.2,391,400,0.1822,0.0362,0.0801,387
j11/runs/M_slot/preds_kit_rot:rot2,,,,,,,,,0,,0.0,0.5375,1.2383,0.525,0.4792,0.0,,80,40,0.5112,0.2302,0.223,0.2,0.7681,0.6017,0.048,0.8912,139,231,0.5684,0.2903,0.2903,0.2188,0.7344,0.4769,0.0712,0.5081,62,130,0.4215,0.5203,0.0,0.2611,0.8418,471,0.3888,0.616,0.0,0.2308,0.9664,1083,0.4137,0.5263,0.6585,0.7368,0.0,0.8355,0.1425,0.4183,0.8014,57,400,0.3805,0.0,0.0,40
j11/runs/M_slot/preds_kit_rot:rot3,,,,,,,,,0,,0.0,0.5375,1.2382,0.575,0.479,0.0,,80,40,0.5114,0.2581,0.2581,0.1928,0.781,0.5368,0.0377,0.9578,124,231,0.5942,0.2979,0.2553,0.16,0.7593,0.3615,0.0701,0.565,47,130,0.4433,0.2576,0.0,0.1401,1.523,471,0.6321,0.4353,0.0,0.157,1.4037,1083,0.5681,0.6579,0.7931,0.6053,0.0,0.7125,0.095,0.3524,1.1793,38,400,0.5241,0.0,0.0,40
j11/runs/M_slot/preds_kit_rot:rev,,,,,,,,,0,,,,,,,,,,0,,0.1111,0.1667,0.1538,0.7537,0.0779,0.1556,0.2656,18,231,0.3063,0.0,0.1667,0.0,0.7671,0.0462,0.2629,0.1185,6,130,0.2021,0.5,1.0,0.0042,0.0096,471,0.061,0.1,,0.0092,0.0397,1083,0.1258,0.0,0.0,0.1111,,0.5948,0.0225,0.3977,0.0363,9,400,0.1203,,,0
j11/runs/M_vslot2/preds_kit,0.4984,0.6141,0.5003,0.3844,0.0131,0.0688,0.0476,640,320,0.1486,0.4507,0.6272,0.6191,0.3645,0.1612,0.0049,0.0183,812,406,0.2114,0.368,0.316,0.1915,0.6801,1.0,0.0657,0.6015,231,231,0.4383,0.4462,0.3538,0.1884,0.6248,1.0,0.1103,0.3025,130,130,0.3054,0.8344,0.6303,1.0,0.2591,471,0.1888,0.7054,0.3844,1.0,0.282,1083,0.213,0.6775,0.6984,0.7575,0.3761,0.4437,1.0,0.0804,0.1891,400,400,0.1903,0.0155,0.0336,387
j11/runs/M_vslot2/preds_kit_rot:rot1,0.4844,0.6312,0.5008,0.4,0.0276,0.05,0.0381,640,320,0.1485,0.4483,0.6272,0.6188,0.3424,0.1635,0.0049,0.0183,812,406,0.211,0.338,0.3005,0.2344,0.6705,0.9221,0.0802,0.6266,213,231,0.4475,0.4113,0.3468,0.2656,0.6119,0.9538,0.1093,0.3055,124,130,0.3072,0.8358,0.6341,0.9958,0.2604,471,0.1895,0.7046,0.3844,0.9908,0.2848,1083,0.214,0.6726,0.6936,0.7519,0.367,0.441,0.9775,0.0736,0.1924,391,400,0.1916,0.0155,0.0388,387
j11/runs/M_vslot2/preds_kit_rot:rot2,,,,,,,,,0,,0.0,0.5375,1.2313,0.475,0.4799,0.0,,80,40,0.5129,0.2158,0.1871,0.1778,0.7627,0.6017,0.0659,0.8851,139,231,0.5678,0.2581,0.1935,0.1875,0.7267,0.4769,0.1043,0.502,62,130,0.4207,0.5935,0.1525,0.2611,0.8099,471,0.3797,0.616,0.0104,0.2308,0.9361,1083,0.4075,0.5263,0.6585,0.7368,0.0,0.7836,0.1425,0.3657,0.7656,57,400,0.375,0.0,0.025,40
j11/runs/M_vslot2/preds_kit_rot:rot3,,,,,,,,,0,,0.0,0.5375,1.2315,0.55,0.4798,0.0,,80,40,0.5136,0.2742,0.2016,0.2048,0.7754,0.5368,0.0419,0.9532,124,231,0.5943,0.3191,0.1277,0.08,0.7483,0.3615,0.0657,0.5583,47,130,0.4436,0.2576,0.0,0.1401,1.4774,471,0.6303,0.4353,0.0,0.157,1.3577,1083,0.5573,0.6842,0.8276,0.6053,0.0,0.7061,0.095,0.3677,1.1165,38,400,0.5065,0.0,0.025,40
j11/runs/M_vslot2/preds_kit_rot:rev,,,,,,,,,0,,,,,,,,,,0,,0.2778,0.2778,0.0,0.7992,0.0779,0.134,0.3102,18,231,0.3327,0.1667,0.1667,0.0,0.8947,0.0462,0.2517,0.2472,6,130,0.2742,0.5,0.0,0.0042,0.106,471,0.19,0.8,,0.0092,0.048,1083,0.137,0.6667,0.6667,0.7778,,0.6074,0.0225,0.2863,0.0472,9,400,0.1342,,,0
j11/runs/S_belief/preds_kit,0.5094,0.6,0.5032,0.15,0.0193,0.0312,0.0095,640,320,0.1438,0.4507,0.7244,0.6503,0.2931,0.2047,0.0,0.0,812,406,0.1855,0.3247,0.368,0.3262,0.682,1.0,0.0487,0.6114,231,231,0.4333,0.4,0.4846,0.4058,0.6206,1.0,0.0572,0.3042,130,130,0.2944,0.8153,0.5818,1.0,0.2597,471,0.1798,0.7267,0.4422,1.0,0.2866,1083,0.2032,0.695,0.7174,0.7775,0.4404,0.4626,1.0,0.1432,0.1831,400,400,0.1718,0.0594,0.1318,387
j11/runs/S_belief/preds_kit_rot:rot1,0.5031,0.5719,0.5032,0.1781,0.0256,0.0281,0.0476,640,320,0.1439,0.4507,0.7195,0.6504,0.2833,0.2046,0.0025,0.0,812,406,0.1857,0.3052,0.3615,0.3672,0.6772,0.9221,0.0706,0.6425,213,231,0.4446,0.379,0.4758,0.4844,0.6139,0.9538,0.0613,0.313,124,130,0.2986,0.8124,0.5854,0.9958,0.2607,471,0.1801,0.7008,0.448,0.9908,0.2888,1083,0.204,0.6573,0.6769,0.7442,0.4587,0.4611,0.9775,0.1007,0.1866,391,400,0.1732,0.0594,0.1344,387
j11/runs/S_belief/preds_kit_rot:rot2,,,,,,,,,0,,0.0,0.5375,1.2621,0.475,0.4912,0.0,,80,40,0.5071,0.2086,0.2158,0.2333,0.7724,0.6017,0.0783,0.9132,139,231,0.5682,0.2419,0.2742,0.3125,0.7302,0.4769,0.0892,0.5254,62,130,0.415,0.5285,0.0169,0.2611,0.8363,471,0.3724,0.616,0.0,0.2308,0.9684,1083,0.4019,0.5263,0.6585,0.7368,0.0,0.7979,0.1425,0.4019,0.7819,57,400,0.3653,0.0,0.0,40
j11/runs/S_belief/preds_kit_rot:rot3,,,,,,,,,0,,0.0,0.5375,1.2624,0.425,0.4914,0.0,,80,40,0.5071,0.2097,0.2177,0.2048,0.7881,0.5368,0.063,0.9803,124,231,0.5948,0.234,0.2766,0.24,0.7586,0.3615,0.0925,0.5797,47,130,0.4364,0.2576,0.0,0.1401,1.5217,471,0.6114,0.4353,0.0,0.157,1.4026,1083,0.5484,0.6579,0.7931,0.6053,0.0,0.6782,0.095,0.3314,1.1495,38,400,0.5023,0.0,0.0,40
j11/runs/S_belief/preds_kit_rot:rev,,,,,,,,,0,,,,,,,,,,0,,0.2778,0.3333,0.3846,0.7373,0.0779,0.1666,0.2489,18,231,0.3028,0.1667,0.3333,0.2,0.7522,0.0462,0.2268,0.1346,6,130,0.2182,1.0,1.0,0.0042,0.0103,471,0.0654,0.8,,0.0092,0.0414,1083,0.1177,0.6667,0.6667,0.7778,,0.5293,0.0225,0.2425,0.0356,9,400,0.1097,,,0
j11/runs/S_dec/preds_kit,0.4984,0.6109,0.5019,0.4594,0.0248,0.0187,0.0095,640,320,0.1426,0.452,0.7431,0.643,0.4138,0.2024,0.0025,0.0092,812,406,0.1928,0.316,0.3593,0.3404,0.6809,1.0,0.0571,0.5968,231,231,0.4346,0.3692,0.4538,0.5217,0.6361,1.0,0.083,0.313,130,130,0.3049,0.8174,0.5818,1.0,0.2742,471,0.2049,0.7553,0.4566,1.0,0.2779,1083,0.2065,0.71,0.7364,0.7875,0.4495,0.4762,1.0,0.1496,0.1819,400,400,0.1837,0.0517,0.1189,387
j11/runs/S_dec/preds_kit_rot:rot1,0.4969,0.6031,0.5029,0.3563,0.0295,0.0063,0.0095,640,320,0.1434,0.4507,0.7444,0.6481,0.4236,0.2099,0.0,0.0,812,406,0.1906,0.3239,0.3662,0.3438,0.6832,0.9221,0.0687,0.6263,213,231,0.447,0.371,0.4435,0.4844,0.6398,0.9538,0.1072,0.3182,124,130,0.3103,0.8209,0.5854,0.9958,0.2735,471,0.2029,0.7335,0.4364,0.9908,0.2806,1083,0.2073,0.6803,0.7047,0.7621,0.422,0.4746,0.9775,0.1079,0.1867,391,400,0.1854,0.0517,0.1163,387
j11/runs/S_dec/preds_kit_rot:rot2,,,,,,,,,0,,0.0,0.5375,1.1954,0.575,0.4399,0.0,,80,40,0.5084,0.2518,0.259,0.2222,0.7682,0.6017,0.042,0.8808,139,231,0.5613,0.3226,0.3548,0.3125,0.7421,0.4769,0.0434,0.5015,62,130,0.4087,0.5285,0.0169,0.2611,0.8349,471,0.3974,0.616,0.0,0.2308,0.939,1083,0.4092,0.5263,0.6585,0.7368,0.0,0.8247,0.1425,0.4195,0.7542,57,400,0.377,0.0,0.0,40
j11/runs/S_dec/preds_kit_rot:rot3,,,,,,,,,0,,0.0,0.5375,1.1881,0.475,0.4316,0.0,,80,40,0.5094,0.2419,0.2581,0.1687,0.7724,0.5368,0.0473,0.9491,124,231,0.5873,0.2979,0.3404,0.28,0.7515,0.3615,0.0719,0.5698,47,130,0.4321,0.2576,0.0,0.1401,1.5079,471,0.6481,0.4353,0.0,0.157,1.3655,1083,0.5666,0.6579,0.7931,0.6053,0.0,0.7176,0.095,0.3726,1.1147,38,400,0.5245,0.0,0.0,40
j11/runs/S_dec/preds_kit_rot:rev,,,,,,,,,0,,,,,,,,,,0,,0.2778,0.3333,0.0769,0.7801,0.0779,0.0707,0.2657,18,231,0.3079,0.1667,0.3333,0.2,0.8559,0.0462,0.3488,0.1032,6,130,0.2002,0.5,1.0,0.0042,0.0085,471,0.0584,0.6,,0.0092,0.0377,1083,0.119,0.4444,0.4444,0.5556,,0.555,0.0225,0.0297,0.0339,9,400,0.1126,,,0
j11/runs/S_decv/preds_kit,0.5016,0.5734,0.5206,0.4406,0.0689,0.0125,0.0,640,320,0.1665,0.452,0.7456,0.6128,0.5,0.1736,0.0025,0.0,812,406,0.1905,0.303,0.2944,0.3121,0.6975,1.0,0.0844,0.6131,231,231,0.4398,0.3385,0.3154,0.3768,0.6515,1.0,0.1215,0.3104,130,130,0.3096,0.8153,0.5818,1.0,0.2601,471,0.2037,0.7304,0.3815,1.0,0.2733,1083,0.2116,0.6775,0.7011,0.78,0.3761,0.4613,1.0,0.0707,0.1755,400,400,0.1841,0.0413,0.1034,387
j11/runs/S_decv/preds_kit_rot:rot1,0.4969,0.5062,0.5203,0.425,0.0702,0.0219,0.019,640,320,0.1677,0.4507,0.7519,0.6162,0.5148,0.1797,0.0,0.0,812,406,0.1883,0.3568,0.3427,0.3125,0.6886,0.9221,0.0628,0.6389,213,231,0.4501,0.3952,0.3629,0.375,0.643,0.9538,0.1011,0.3207,124,130,0.315,0.8166,0.5854,0.9958,0.2612,471,0.2045,0.7269,0.3671,0.9908,0.2756,1083,0.211,0.6598,0.6825,0.757,0.3394,0.4529,0.9775,0.0932,0.1793,391,400,0.1842,0.0413,0.1085,387
j11/runs/S_decv/preds_kit_rot:rot2,,,,,,,,,0,,0.0,0.5375,1.1219,0.525,0.3602,0.0,,80,40,0.5406,0.1871,0.2302,0.2333,0.785,0.6017,0.0959,0.8901,139,231,0.5653,0.1774,0.2581,0.2188,0.7775,0.4769,0.1337,0.5072,62,130,0.4203,0.5285,0.0169,0.2611,0.8231,471,0.4053,0.616,0.0,0.2308,0.9409,1083,0.4381,0.5263,0.6585,0.7368,0.0,0.7749,0.1425,0.4163,0.7702,57,400,0.4079,0.0,0.0,40
j11/runs/S_decv/preds_kit_rot:rot3,,,,,,,,,0,,0.0,0.5375,1.1213,0.5,0.3636,0.0,,80,40,0.537,0.2258,0.2177,0.2289,0.7939,0.5368,0.0583,0.9687,124,231,0.5941,0.1915,0.1915,0.08,0.7922,0.3615,0.1159,0.575,47,130,0.4485,0.2576,0.0,0.1401,1.4664,471,0.628,0.4353,0.0,0.157,1.3441,1083,0.5775,0.6579,0.7931,0.6053,0.0,0.7306,0.095,0.4032,1.1155,38,400,0.5362,0.0,0.0,40
j11/runs/S_decv/preds_kit_rot:rev,,,,,,,,,0,,,,,,,,,,0,,0.1667,0.2222,0.2308,0.7931,0.0779,0.1793,0.3419,18,231,0.3271,0.3333,0.5,0.4,0.7649,0.0462,0.0368,0.1286,6,130,0.2026,0.5,0.0,0.0042,0.0428,471,0.1164,0.6,,0.0092,0.0426,1083,0.1317,0.5556,0.5556,0.6667,,0.6141,0.0225,0.1898,0.0405,9,400,0.1293,,,0
j11/runs/S_slot/preds_kit,0.4938,0.5719,0.5021,0.2281,0.0285,0.0156,0.019,640,320,0.1416,0.4569,0.6958,0.6062,0.4286,0.1731,0.0123,0.0,812,406,0.2106,0.3593,0.3939,0.383,0.6786,1.0,0.0255,0.5936,231,231,0.4349,0.4154,0.4769,0.4928,0.6256,1.0,0.0298,0.2909,130,130,0.3039,0.8195,0.5818,1.0,0.2577,471,0.2026,0.7101,0.3902,1.0,0.283,1083,0.2229,0.675,0.6957,0.7675,0.3761,0.4816,1.0,0.1283,0.1878,400,400,0.1983,0.0465,0.093,387
j11/runs/S_slot/preds_kit_rot:rot1,0.4984,0.5391,0.5019,0.2469,0.0239,0.0125,0.0095,640,320,0.1416,0.4581,0.6945,0.6062,0.431,0.1719,0.0148,0.0,812,406,0.2106,0.385,0.385,0.4375,0.6712,0.9221,0.0385,0.621,213,231,0.4455,0.4355,0.4516,0.5625,0.6184,0.9538,0.0432,0.299,124,130,0.3091,0.8188,0.5854,0.9958,0.2588,471,0.2031,0.7055,0.3931,0.9908,0.2853,1083,0.2238,0.6598,0.6797,0.757,0.3853,0.479,0.9775,0.1332,0.1912,391,400,0.1999,0.0465,0.0904,387
j11/runs/S_slot/preds_kit_rot:rot2,,,,,,,,,0,,0.0,0.5375,1.1081,0.6,0.3385,0.0,,80,40,0.5516,0.295,0.3094,0.2889,0.7648,0.6017,0.0507,0.8721,139,231,0.5602,0.3065,0.371,0.3438,0.7419,0.4769,0.0488,0.4788,62,130,0.4148,0.5285,0.0169,0.2611,0.8125,471,0.395,0.616,0.0,0.2308,0.9321,1083,0.4288,0.5263,0.6585,0.7368,0.0,0.8005,0.1425,0.4255,0.7589,57,400,0.4045,0.0,0.0,40
j11/runs/S_slot/preds_kit_rot:rot3,,,,,,,,,0,,0.0,0.5375,1.1082,0.525,0.3385,0.0,,80,40,0.5517,0.2419,0.2984,0.2771,0.7767,0.5368,0.0311,0.938,124,231,0.5847,0.2128,0.3617,0.32,0.7652,0.3615,0.0697,0.5252,47,130,0.4326,0.2576,0.0,0.1401,1.4632,471,0.632,0.4353,0.0,0.157,1.3487,1083,0.5837,0.6579,0.7931,0.6053,0.0,0.745,0.095,0.4167,1.1057,38,400,0.5439,0.0,0.0,40
j11/runs/S_slot/preds_kit_rot:rev,,,,,,,,,0,,,,,,,,,,0,,0.2222,0.1667,0.1538,0.7625,0.0779,0.0531,0.2633,18,231,0.3066,0.5,0.3333,0.2,0.7684,0.0462,0.3474,0.1083,6,130,0.1886,0.5,0.0,0.0042,0.0303,471,0.0992,1.0,,0.0092,0.0355,1083,0.1202,0.8889,0.8889,1.0,,0.5938,0.0225,0.5119,0.0342,9,400,0.1191,,,0
j11/runs/S_vslot/preds_kit,0.4984,0.3984,0.5173,0.0344,0.036,0.0281,0.019,640,320,0.1683,0.4507,0.7107,0.6388,0.1404,0.1821,0.0443,0.0275,812,406,0.2235,0.3377,0.3247,0.1489,0.6856,1.0,0.0443,0.6493,231,231,0.4504,0.4308,0.4154,0.1884,0.6162,1.0,0.035,0.3412,130,130,0.3191,0.6773,0.4061,1.0,0.2745,471,0.2047,0.6907,0.3035,1.0,0.3056,1083,0.227,0.64,0.6658,0.715,0.2752,0.482,1.0,0.0737,0.2028,400,400,0.2001,0.0749,0.1576,387
j11/runs/S_vslot/preds_kit_rot:rot1,0.4984,0.5641,0.5208,0.0312,0.0434,0.0094,0.0095,640,320,0.1682,0.4594,0.596,0.6371,0.1478,0.1739,0.0468,0.1468,812,406,0.2233,0.3052,0.2676,0.375,0.6898,0.9221,0.0828,0.6827,213,231,0.4651,0.371,0.3226,0.5469,0.6259,0.9538,0.0709,0.3514,124,130,0.3287,0.7655,0.6159,0.9958,0.2747,471,0.2057,0.6645,0.4942,0.9908,0.3084,1083,0.2269,0.6266,0.6435,0.7059,0.5413,0.4779,0.9775,0.0847,0.207,391,400,0.2009,0.0698,0.1395,387
j11/runs/S_vslot/preds_kit_rot:rot2,,,,,,,,,0,,0.0,0.5375,1.1894,0.45,0.4229,0.0,,80,40,0.5235,0.2446,0.1655,0.1889,0.7874,0.6017,0.069,0.9584,139,231,0.5835,0.3226,0.1774,0.2188,0.7524,0.4769,0.0868,0.5869,62,130,0.4434,0.4878,0.0508,0.2611,0.8376,471,0.3942,0.584,0.0729,0.2308,0.9752,1083,0.4274,0.4561,0.561,0.6491,0.0667,0.8037,0.1425,0.3314,0.7936,57,400,0.3939,0.0,0.0,40
j11/runs/S_vslot/preds_kit_rot:rot3,,,,,,,,,0,,0.0,0.5375,1.1887,0.425,0.4218,0.0,,80,40,0.5253,0.2258,0.1935,0.1807,0.8061,0.5368,0.0599,1.0411,124,231,0.6116,0.2128,0.1277,0.16,0.7838,0.3615,0.1109,0.6585,47,130,0.4694,0.1667,0.0204,0.1401,1.5121,471,0.6336,0.3941,0.0729,0.157,1.3985,1083,0.5751,0.5526,0.6552,0.4737,0.0667,0.7127,0.095,0.2732,1.1447,38,400,0.5303,0.0,0.0,40
j11/runs/S_vslot/preds_kit_rot:rev,,,,,,,,,0,,,,,,,,,,0,,0.2222,0.3333,0.4615,0.7062,0.0779,0.1832,0.2534,18,231,0.29,0.3333,0.6667,0.8,0.6535,0.0462,0.1471,0.0971,6,130,0.1725,0.5,1.0,0.0042,0.0649,471,0.1508,0.0,,0.0092,0.0629,1083,0.1603,0.1111,0.1111,0.0,,0.6377,0.0225,0.242,0.0581,9,400,0.1553,,,0
j11/runs/S_vslot2/preds_kit,0.4938,0.4406,0.5057,0.0719,0.0214,0.0563,0.0476,640,320,0.1508,0.4631,0.7319,0.6163,0.2389,0.1403,0.0739,0.0459,812,406,0.206,0.3377,0.355,0.1702,0.6781,1.0,0.0274,0.6031,231,231,0.4336,0.3923,0.4231,0.1594,0.6257,1.0,0.0338,0.3027,130,130,0.3021,0.8004,0.5636,1.0,0.278,471,0.192,0.7073,0.3266,1.0,0.2999,1083,0.2226,0.65,0.6739,0.73,0.3028,0.4853,1.0,0.0873,0.2085,400,400,0.2026,0.0982,0.1576,387
j11/runs/S_vslot2/preds_kit_rot:rot1,0.4938,0.575,0.5089,0.0656,0.0267,0.0094,0.0095,640,320,0.1507,0.4655,0.6147,0.6164,0.2365,0.1381,0.0443,0.0917,812,406,0.2057,0.3052,0.2958,0.4141,0.6767,0.9221,0.0439,0.6378,213,231,0.4467,0.3952,0.379,0.6406,0.619,0.9538,0.0784,0.307,124,130,0.306,0.7846,0.5915,0.9958,0.2749,471,0.1895,0.6654,0.4509,0.9908,0.3012,1083,0.2224,0.6113,0.6295,0.688,0.4404,0.4815,0.9775,0.0997,0.2076,391,400,0.2015,0.062,0.0904,387
j11/runs/S_vslot2/preds_kit_rot:rot2,,,,,,,,,0,,0.0,0.5375,1.1597,0.3,0.3842,0.0,,80,40,0.5415,0.2518,0.223,0.2333,0.774,0.6017,0.0576,0.9007,139,231,0.5648,0.3065,0.2581,0.3125,0.7462,0.4769,0.1243,0.5022,62,130,0.4157,0.4715,0.0169,0.2611,0.867,471,0.3984,0.588,0.0521,0.2308,0.9792,1083,0.4347,0.4912,0.6341,0.7018,0.0667,0.8121,0.1425,0.3932,0.8131,57,400,0.4124,0.0,0.0,40
j11/runs/S_vslot2/preds_kit_rot:rot3,,,,,,,,,0,,0.0,0.5375,1.159,0.325,0.3835,0.0,,80,40,0.5419,0.25,0.2823,0.2651,0.7851,0.5368,0.0573,0.9695,124,231,0.5887,0.2128,0.2553,0.24,0.7733,0.3615,0.0438,0.5609,47,130,0.4358,0.1818,0.0204,0.1401,1.5522,471,0.6377,0.3941,0.0521,0.157,1.4136,1083,0.5884,0.6053,0.7586,0.5526,0.0667,0.7342,0.095,0.3411,1.1801,38,400,0.553,0.0,0.0,40
j11/runs/S_vslot2/preds_kit_rot:rev,,,,,,,,,0,,,,,,,,,,0,,0.3333,0.3333,0.4615,0.7329,0.0779,0.0897,0.2629,18,231,0.3029,0.5,0.5,0.6,0.7732,0.0462,0.3197,0.2024,6,130,0.2351,0.0,0.0,0.0042,0.7891,471,0.5274,0.5,,0.0092,0.2278,1083,0.2479,0.3333,0.3333,0.4444,,0.6761,0.0225,0.3105,0.249,9,400,0.2615,,,0
j11/runs/XS_dec/preds_kit,0.5,0.6781,0.5247,0.4313,0.0809,0.0031,0.0095,640,320,0.1558,0.4507,0.7419,0.6438,0.4704,0.2091,0.0,0.0,812,406,0.1914,0.342,0.3593,0.3121,0.6788,1.0,0.068,0.5998,231,231,0.4355,0.4154,0.4308,0.3043,0.6235,1.0,0.1042,0.3041,130,130,0.3031,0.8089,0.5576,1.0,0.2692,471,0.1981,0.7276,0.3497,1.0,0.2898,1083,0.202,0.675,0.6957,0.7625,0.3028,0.4702,1.0,0.1249,0.1857,400,400,0.1748,0.0439,0.1111,387
j11/runs/XS_dec/preds_kit_rot:rot1,0.4984,0.6453,0.5259,0.3937,0.0838,0.0125,0.0,640,320,0.1562,0.4507,0.7469,0.6413,0.4631,0.206,0.0,0.0,812,406,0.187,0.3615,0.3756,0.3281,0.6739,0.9221,0.043,0.6172,213,231,0.4417,0.4435,0.4516,0.4062,0.62,0.9538,0.1041,0.2964,124,130,0.3005,0.806,0.5549,0.9958,0.271,471,0.1989,0.7307,0.3728,0.9908,0.2896,1083,0.1994,0.6854,0.7103,0.7621,0.3119,0.4622,0.9775,0.1179,0.1875,391,400,0.1739,0.0439,0.1111,387
j11/runs/XS_dec/preds_kit_rot:rot2,,,,,,,,,0,,0.0,0.5375,1.2273,0.55,0.4694,0.0,,80,40,0.5032,0.2374,0.2878,0.2778,0.7696,0.6017,0.0449,0.8691,139,231,0.5605,0.2419,0.3226,0.3125,0.7523,0.4769,0.0984,0.4909,62,130,0.4117,0.5285,0.0169,0.2611,0.8446,471,0.3878,0.616,0.0,0.2308,0.9797,1083,0.4061,0.5263,0.6585,0.7368,0.0,0.7874,0.1425,0.3849,0.7763,57,400,0.3671,0.0,0.0,40
j11/runs/XS_dec/preds_kit_rot:rot3,,,,,,,,,0,,0.0,0.5375,1.212,0.5,0.4541,0.0,,80,40,0.5065,0.2742,0.2742,0.253,0.7748,0.5368,0.0249,0.9471,124,231,0.5892,0.2979,0.2766,0.24,0.7495,0.3615,0.0559,0.5481,47,130,0.4336,0.2576,0.0,0.1401,1.534,471,0.6393,0.4353,0.0,0.157,1.4174,1083,0.5619,0.6579,0.7931,0.6053,0.0,0.6796,0.095,0.3274,1.139,38,400,0.5087,0.0,0.0,40
j11/runs/XS_dec/preds_kit_rot:rev,,,,,,,,,0,,,,,,,,,,0,,0.0,0.1111,0.0769,0.757,0.0779,0.2737,0.2665,18,231,0.3017,0.0,0.3333,0.2,0.7567,0.0462,0.2807,0.0918,6,130,0.1701,0.5,0.0,0.0042,0.0298,471,0.1044,1.0,,0.0092,0.0152,1083,0.0738,0.8889,0.8889,1.0,,0.4998,0.0225,0.4486,0.016,9,400,0.076,,,0
j11/runs/XS_slot/preds_kit,0.4938,0.4188,0.5035,0.1781,0.0344,0.0344,0.0286,640,320,0.1509,0.4495,0.7731,0.6317,0.2857,0.1897,0.0,0.0,812,406,0.177,0.3723,0.3463,0.3404,0.6721,1.0,0.0587,0.6054,231,231,0.4321,0.4308,0.3923,0.3623,0.621,1.0,0.0635,0.3117,130,130,0.3041,0.8344,0.6303,1.0,0.247,471,0.1788,0.7258,0.4104,1.0,0.2741,1083,0.2025,0.6975,0.7201,0.775,0.4128,0.4605,1.0,0.1065,0.1747,400,400,0.1735,0.0258,0.0698,387
j11/runs/XS_slot/preds_kit_rot:rot1,0.5016,0.4953,0.5038,0.1812,0.0261,0.0375,0.0286,640,320,0.1504,0.4532,0.7668,0.6318,0.3005,0.186,0.0099,0.0,812,406,0.1772,0.3803,0.3427,0.3906,0.6643,0.9221,0.055,0.6374,213,231,0.4449,0.4113,0.3548,0.4375,0.6111,0.9538,0.0763,0.3232,124,130,0.3112,0.838,0.6341,0.9958,0.2478,471,0.1794,0.7204,0.4162,0.9908,0.2766,1083,0.2036,0.6905,0.7131,0.7775,0.422,0.4572,0.9775,0.0984,0.178,391,400,0.1749,0.0362,0.0853,387
j11/runs/XS_slot/preds_kit_rot:rot2,,,,,,,,,0,,0.0,0.5375,1.1779,0.45,0.3958,0.0,,80,40,0.5255,0.2518,0.223,0.2444,0.7611,0.6017,0.0399,0.8983,139,231,0.563,0.2581,0.2097,0.2812,0.7414,0.4769,0.0658,0.526,62,130,0.4265,0.5935,0.1525,0.2611,0.8023,471,0.374,0.616,0.0,0.2308,0.9423,1083,0.4123,0.5263,0.6585,0.7368,0.0,0.8114,0.1425,0.4182,0.7726,57,400,0.3795,0.0,0.0,40
j11/runs/XS_slot/preds_kit_rot:rot3,,,,,,,,,0,,0.0,0.5375,1.1779,0.475,0.3959,0.0,,80,40,0.5251,0.2742,0.2339,0.2651,0.7695,0.5368,0.081,0.959,124,231,0.5858,0.2766,0.1915,0.24,0.7576,0.3615,0.1402,0.5681,47,130,0.4433,0.2576,0.0,0.1401,1.4635,471,0.6202,0.4353,0.0,0.157,1.3697,1083,0.5672,0.6579,0.7931,0.6053,0.0,0.7308,0.095,0.3782,1.1418,38,400,0.5263,0.0,0.0,40
j11/runs/XS_slot/preds_kit_rot:rev,,,,,,,,,0,,,,,,,,,,0,,0.2222,0.3333,0.3846,0.7714,0.0779,0.1291,0.2344,18,231,0.2879,0.0,0.3333,0.2,0.8367,0.0462,0.3207,0.094,6,130,0.1744,0.5,1.0,0.0042,0.0263,471,0.1008,0.0,,0.0092,0.0418,1083,0.129,0.1111,0.1111,0.0,,0.6051,0.0225,0.2742,0.0396,9,400,0.1261,,,0
j11/runs/XS_vslot2/preds_kit,0.4891,0.4109,0.5121,0.0875,0.0306,0.0437,0.0381,640,320,0.157,0.4433,0.7095,0.6349,0.165,0.1758,0.0419,0.0183,812,406,0.2095,0.342,0.3506,0.2199,0.6998,1.0,0.0266,0.6159,231,231,0.4414,0.4154,0.4231,0.2464,0.6499,1.0,0.0729,0.3149,130,130,0.3108,0.7134,0.4848,1.0,0.271,471,0.1996,0.6814,0.3439,1.0,0.3049,1083,0.2208,0.625,0.663,0.7175,0.3394,0.4905,1.0,0.0694,0.2032,400,400,0.1981,0.0724,0.155,387
j11/runs/XS_vslot2/preds_kit_rot:rot1,0.5078,0.5859,0.5107,0.0906,0.0254,0.0437,0.0571,640,320,0.1568,0.447,0.5885,0.6357,0.1601,0.1755,0.0369,0.0734,812,406,0.2096,0.3005,0.2911,0.4219,0.6888,0.9221,0.0645,0.642,213,231,0.4513,0.3387,0.3226,0.5625,0.6388,0.9538,0.0883,0.3198,124,130,0.3144,0.7889,0.5854,0.9958,0.272,471,0.2004,0.6766,0.422,0.9908,0.3056,1083,0.2205,0.624,0.6435,0.7084,0.422,0.4841,0.9775,0.0655,0.2026,391,400,0.1964,0.0491,0.137,387
j11/runs/XS_vslot2/preds_kit_rot:rot2,,,,,,,,,0,,0.0,0.4875,1.2108,0.4,0.42,0.0,,80,40,0.5379,0.223,0.1942,0.2111,0.7901,0.6017,0.0802,0.9058,139,231,0.5711,0.2903,0.2258,0.25,0.7741,0.4769,0.0707,0.5227,62,130,0.4277,0.4715,0.0169,0.2611,0.8395,471,0.3973,0.572,0.0208,0.2308,0.9972,1083,0.43,0.4035,0.5122,0.6316,0.0,0.8414,0.1425,0.3374,0.7877,57,400,0.4097,0.0,0.1,40
j11/runs/XS_vslot2/preds_kit_rot:rot3,,,,,,,,,0,,0.0,0.4875,1.2116,0.425,0.4209,0.0,,80,40,0.5371,0.2016,0.2258,0.2169,0.7964,0.5368,0.0619,0.9669,124,231,0.5932,0.1915,0.2128,0.24,0.7892,0.3615,0.1309,0.5632,47,130,0.4413,0.1667,0.0204,0.1401,1.5128,471,0.6346,0.3647,0.0208,0.157,1.4492,1083,0.5927,0.4737,0.5862,0.4474,0.0,0.7617,0.095,0.2491,1.1585,38,400,0.5662,0.0,0.1,40
j11/runs/XS_vslot2/preds_kit_rot:rev,,,,,,,,,0,,,,,,,,,,0,,0.1111,0.1667,0.2308,0.8045,0.0779,0.2082,0.2873,18,231,0.3127,0.0,0.1667,0.2,0.8687,0.0462,0.3227,0.192,6,130,0.2285,0.5,1.0,0.0042,0.061,471,0.1478,0.2,,0.0092,0.2992,1083,0.2775,0.2222,0.2222,0.2222,,0.7099,0.0225,0.392,0.2995,9,400,0.2724,,,0
j12/preds_ctl,0.9953,0.6547,0.0459,0.9969,0.116,0.9906,1.0,640,320,0.305,0.6958,0.8354,0.413,0.9852,0.095,0.4655,0.8899,812,406,0.0897,0.7143,0.9048,0.922,0.3535,1.0,0.0566,0.0348,231,231,0.0793,0.5154,0.8385,0.8551,0.5702,1.0,0.1527,0.0513,130,130,0.1108,0.9554,0.9152,1.0,0.0175,471,0.0517,0.9335,0.8931,1.0,0.0168,1083,0.0513,0.7525,0.7908,0.9275,0.8899,0.3654,1.0,0.0413,0.0141,400,400,0.0471,0.4522,0.5452,387
j12/preds_xr,0.9953,0.6516,0.03,1.0,0.0901,0.9906,0.9905,640,320,0.3307,0.7537,0.7781,0.3741,0.968,0.0609,0.5788,0.8899,812,406,0.1124,0.7186,0.8788,0.8936,0.3612,1.0,0.0436,0.0678,231,231,0.1079,0.5385,0.8231,0.8261,0.5677,1.0,0.1297,0.0758,130,130,0.1301,0.949,0.903,1.0,0.0181,471,0.0539,0.9252,0.8757,1.0,0.0186,1083,0.0547,0.755,0.7962,0.92,0.9083,0.3706,1.0,0.0837,0.0139,400,400,0.0483,0.5685,0.6563,387
j12/preds_xr_noxr,0.9953,0.6516,0.0575,1.0,0.1401,0.9906,0.9905,640,320,0.2819,0.7562,0.7781,0.3707,0.9631,0.0808,0.5837,0.9083,812,406,0.1123,,,,,0.0,,,,231,,,,,,0.0,,,,130,,,,0.0,,471,,,,0.0,,1083,,,,,,,0.0,,,,400,,0.5736,0.6641,387
j12/preds_xrf250_cfp,0.6906,0.85,0.3822,0.85,0.0724,0.3937,0.8,640,320,0.0719,,,,,,,,,0,,,,,,0.0,,,,231,,,,,,0.0,,,,130,,,,0.0,,471,,,,0.0,,1083,,,,,,,0.0,,,,400,,,,0
j14/A150:oa+sfx:replay:natural,0.5031,0.6531,0.5247,0.5875,0.1019,0.025,0.0381,640,320,0.1269,0.5369,0.7244,0.5757,0.9384,0.164,0.17,0.1743,812,406,0.1428,0.684,0.8268,0.8227,0.4287,1.0,0.0892,0.1453,231,231,0.1882,0.5,0.7538,0.7101,0.6048,1.0,0.0628,0.1471,130,130,0.1983,0.8875,0.7697,1.0,0.0929,471,0.1118,0.8209,0.7168,1.0,0.1248,1083,0.1376,0.705,0.7337,0.8475,0.7431,0.4297,1.0,0.099,0.0986,400,400,0.1251,0.1602,0.2481,387
j14/A150:oa+sfx:replay:frozen,0.5047,0.6547,0.5262,0.575,0.1035,0.0187,0.0286,640,320,0.1275,0.5369,0.7282,0.5748,0.9409,0.1625,0.17,0.1927,812,406,0.1417,0.6926,0.8225,0.8227,0.4299,1.0,0.1035,0.1482,231,231,0.1906,0.5077,0.7538,0.7246,0.6048,1.0,0.0781,0.1494,130,130,0.1998,0.8854,0.7636,1.0,0.0942,471,0.1124,0.8209,0.7197,1.0,0.1252,1083,0.1379,0.7025,0.731,0.845,0.7523,0.4294,1.0,0.0903,0.0981,400,400,0.1249,0.1628,0.2558,387
j14/B150:oa+sfx:replay:frozen,0.5016,0.6141,0.5296,0.6719,0.1131,0.0063,0.0095,640,320,0.1696,0.4951,0.8429,0.6705,0.9507,0.2484,0.0887,0.3028,812,406,0.1266,0.5671,0.671,0.6525,0.5235,1.0,0.0526,0.253,231,231,0.2585,0.4154,0.6,0.5942,0.6565,1.0,0.1192,0.2261,130,130,0.2535,0.8747,0.7273,1.0,0.1122,471,0.1216,0.8199,0.6127,1.0,0.1323,1083,0.137,0.7275,0.7554,0.835,0.633,0.4338,1.0,0.0978,0.0955,400,400,0.1233,0.0724,0.1111,387
j14/B150:all:replay:frozen,0.5328,0.6953,0.5075,0.7438,0.0764,0.0781,0.2286,640,320,0.1437,0.5357,0.8541,0.626,0.9236,0.1833,0.17,0.4771,812,406,0.1188,0.619,0.7403,0.7589,0.4976,1.0,0.0976,0.1921,231,231,0.2262,0.4385,0.6538,0.7101,0.6406,1.0,0.1339,0.1687,130,130,0.2231,0.8875,0.8,1.0,0.0982,471,0.1164,0.8079,0.6734,1.0,0.1159,1083,0.1366,0.725,0.7527,0.82,0.6881,0.4303,1.0,0.1047,0.0853,400,400,0.1218,0.168,0.2093,387
j14/C250:ob@8+ok4@8+sfx:replay:frozen,0.5719,0.75,0.4836,0.7688,0.0743,0.1562,0.3524,640,320,0.0967,0.5062,0.8666,0.5922,0.9335,0.2133,0.1133,0.3945,812,406,0.0762,0.7186,0.9481,0.9645,0.3693,1.0,0.0636,0.0286,231,231,0.0746,0.5231,0.9308,0.9565,0.5726,1.0,0.0935,0.0313,130,130,0.0884,0.9172,0.8424,1.0,0.0433,471,0.0769,0.9169,0.8237,1.0,0.0505,1083,0.0813,0.77,0.8152,0.915,0.8165,0.3662,1.0,0.0938,0.0381,400,400,0.0774,0.0879,0.1576,387
j14/C250:H8/ob@8+ok4@8+sfx:replay:frozen,0.5719,0.75,0.4836,0.7688,0.0743,0.1562,0.3524,640,320,0.0967,0.516,0.9002,0.5737,0.9384,0.2029,0.1133,0.3945,812,406,0.0527,0.7186,0.9481,0.9645,0.3693,1.0,0.0636,0.0286,231,231,0.0746,0.5231,0.9308,0.9565,0.5726,1.0,0.0935,0.0313,130,130,0.0884,0.9618,0.9212,1.0,0.0117,471,0.0446,0.9575,0.9162,1.0,0.0132,1083,0.0469,0.7825,0.8261,0.9425,0.8624,0.3632,1.0,0.1077,0.0178,400,400,0.0574,0.0879,0.1654,387
j14/C400:ob@8+ok4@8+sfx:replay:frozen,0.5687,0.7438,0.4843,0.7594,0.0776,0.15,0.3333,640,320,0.1015,0.5197,0.8903,0.5781,0.9483,0.1893,0.1404,0.4954,812,406,0.0628,0.7143,0.9437,0.9645,0.3649,1.0,0.072,0.0245,231,231,0.0698,0.5154,0.9231,0.9565,0.5692,1.0,0.0929,0.0288,130,130,0.0851,0.9257,0.8545,1.0,0.0321,471,0.0623,0.928,0.8266,1.0,0.0352,1083,0.0649,0.785,0.8234,0.935,0.8257,0.3623,1.0,0.0776,0.0255,400,400,0.0608,0.124,0.1912,387
j14/C400:H8/ob@8+ok4@8+sfx:replay:frozen,0.5687,0.7438,0.4843,0.7594,0.0776,0.15,0.3333,640,320,0.1015,0.5296,0.919,0.5642,0.9507,0.1792,0.1404,0.4954,812,406,0.0421,0.7143,0.9437,0.9645,0.3649,1.0,0.072,0.0245,231,231,0.0698,0.5154,0.9231,0.9565,0.5692,1.0,0.0929,0.0288,130,130,0.0851,0.966,0.9273,1.0,0.0077,471,0.0346,0.9649,0.922,1.0,0.0089,1083,0.0365,0.785,0.8234,0.96,0.8807,0.3606,1.0,0.0746,0.0134,400,400,0.046,0.124,0.2067,387
j14/E100:ob@8+ok4@8+sfx:replay:frozen,0.5547,0.7797,0.4759,0.825,0.1069,0.1344,0.2952,640,320,0.0976,0.5074,0.8641,0.5686,0.9138,0.1904,0.1182,0.4128,812,406,0.0734,0.7273,0.9654,0.9574,0.3666,1.0,0.0373,0.0212,231,231,0.0581,0.5385,0.9462,0.9275,0.5721,1.0,0.0978,0.0241,130,130,0.0706,0.8981,0.7939,1.0,0.0868,471,0.0999,0.8772,0.7168,1.0,0.078,1083,0.0998,0.7525,0.7826,0.89,0.7248,0.3886,1.0,0.0879,0.0567,400,400,0.0889,0.1059,0.1654,387
j14/E100:H8/ob@8+ok4@8+sfx:replay:frozen,0.5547,0.7797,0.4759,0.825,0.1069,0.1344,0.2952,640,320,0.0976,0.5172,0.904,0.5681,0.9163,0.1843,0.1182,0.4128,812,406,0.0485,0.7273,0.9654,0.9574,0.3666,1.0,0.0373,0.0212,231,231,0.0581,0.5385,0.9462,0.9275,0.5721,1.0,0.0978,0.0241,130,130,0.0706,0.9682,0.9576,1.0,0.011,471,0.0468,0.9326,0.8642,1.0,0.0147,1083,0.0511,0.75,0.7826,0.925,0.8073,0.3849,1.0,0.0798,0.0186,400,400,0.0589,0.1059,0.1912,387
j14/F150:ob+q32:replay:frozen,0.65,0.9719,0.4079,0.875,0.0837,0.3187,0.9143,640,320,0.013,0.601,0.9825,0.5165,0.9532,0.11,0.2759,1.0,812,406,0.015,0.7186,0.9913,0.9858,0.3526,1.0,0.0521,0.0021,231,231,0.0144,0.5154,0.9846,0.971,0.5654,1.0,0.1434,0.0033,130,130,0.0205,0.9766,0.9515,1.0,0.0043,471,0.0254,0.9751,0.9509,1.0,0.0038,1083,0.0228,0.7825,0.8179,0.9825,0.9633,0.3451,1.0,0.1037,0.0025,400,400,0.0188,0.2558,0.354,387
j14/F150:H8/ob+q32:replay:frozen,0.65,0.9719,0.4079,0.875,0.0837,0.3187,0.9143,640,320,0.013,0.5985,0.9938,0.5173,0.9532,0.114,0.2759,1.0,812,406,0.0097,0.7186,0.9913,0.9858,0.3526,1.0,0.0521,0.0021,231,231,0.0144,0.5154,0.9846,0.971,0.5654,1.0,0.1434,0.0033,130,130,0.0205,0.9894,0.9697,1.0,0.0019,471,0.0169,0.9815,0.9682,1.0,0.0023,1083,0.0165,0.7875,0.8234,0.9875,0.9633,0.3441,1.0,0.0992,0.0016,400,400,0.0152,0.2558,0.3463,387
j14/G100:q32+ok4+sfx:replay:frozen,0.6266,0.8422,0.4329,0.85,0.0898,0.2625,0.6286,640,320,0.0689,0.5554,0.9065,0.5517,0.8892,0.1654,0.1995,0.6972,812,406,0.0695,0.71,0.8615,0.8582,0.3638,1.0,0.0715,0.0868,231,231,0.1189,0.5154,0.7846,0.7391,0.5513,1.0,0.1008,0.1229,130,130,0.1536,0.9002,0.7818,1.0,0.0818,471,0.0959,0.8818,0.7659,1.0,0.0727,1083,0.0922,0.7525,0.7799,0.8875,0.7798,0.3747,1.0,0.0946,0.0477,400,400,0.0761,0.186,0.2791,387
j14/G100:H8/q32+ok4+sfx:replay:frozen,0.6266,0.8422,0.4329,0.85,0.0898,0.2625,0.6286,640,320,0.0689,0.5591,0.9464,0.5606,0.8916,0.1705,0.1995,0.6972,812,406,0.0427,0.71,0.8615,0.8582,0.3638,1.0,0.0715,0.0868,231,231,0.1189,0.5154,0.7846,0.7391,0.5513,1.0,0.1008,0.1229,130,130,0.1536,0.966,0.9333,1.0,0.0103,471,0.0431,0.9381,0.9017,1.0,0.0116,1083,0.0422,0.755,0.7853,0.925,0.8624,0.3702,1.0,0.0901,0.0126,400,400,0.0461,0.186,0.2817,387
j14/ladder:all:replay:frozen,0.6531,0.9906,0.4101,0.8844,0.0802,0.3281,0.981,640,320,0.0034,0.5948,0.9975,0.5203,0.9483,0.1096,0.2709,1.0,812,406,0.0031,,,,,0.0,,,,231,,,,,,0.0,,,,130,,,,0.0,,471,,0.9963,0.9971,1.0,0.0001,1083,0.0032,0.7875,0.8207,0.9975,0.9908,0.3469,1.0,0.1132,0.0,400,400,0.0028,0.2481,0.3385,387
j14/ladder:oa+sfx:replay:frozen,0.5,0.6875,0.5368,0.625,0.1251,0.0063,0.0095,640,320,0.1382,0.4704,0.7431,0.6413,0.6281,0.1912,0.0394,0.0,812,406,0.1702,,,,,0.0,,,,231,,,,,,0.0,,,,130,,,,0.0,,471,,0.6981,0.0549,1.0,0.3084,1083,0.227,0.65,0.6739,0.7425,0.055,0.4495,1.0,0.0978,0.1982,400,400,0.1908,0.0543,0.0568,387
j14/ladder:ob:replay:frozen,0.5266,0.7391,0.5059,0.7875,0.1038,0.0625,0.1048,640,320,0.1121,0.5086,0.8466,0.5868,0.936,0.1683,0.101,0.3486,812,406,0.0948,,,,,0.0,,,,231,,,,,,0.0,,,,130,,,,0.0,,471,,0.8329,0.5549,1.0,0.0646,1083,0.121,0.7025,0.7337,0.84,0.4771,0.4089,1.0,0.0455,0.0591,400,400,0.1161,0.0853,0.1783,387
j14/ladder:ob+q32:replay:frozen,0.6828,0.9016,0.3909,0.9062,0.0489,0.3781,0.8476,640,320,0.0536,0.6244,0.9227,0.4831,0.9606,0.1031,0.3374,0.9817,812,406,0.0538,,,,,0.0,,,,231,,,,,,0.0,,,,130,,,,0.0,,471,,0.9104,0.8324,1.0,0.0194,1083,0.0572,0.79,0.8315,0.9275,0.8532,0.348,1.0,0.081,0.0151,400,400,0.0503,0.3307,0.4393,387
j14/ladder:ob+q64:replay:frozen,0.6531,0.9906,0.4101,0.8844,0.0802,0.3281,0.981,640,320,0.0034,0.5948,0.9776,0.524,0.9483,0.1109,0.2709,1.0,812,406,0.0115,,,,,0.0,,,,231,,,,,,0.0,,,,130,,,,0.0,,471,,0.9797,0.974,1.0,0.0014,1083,0.0122,0.79,0.8261,0.98,0.9633,0.3473,1.0,0.1083,0.0009,400,400,0.0092,0.2481,0.3488,387
j14/ladder2:q16+oa+sfx:replay:frozen,0.5578,0.7516,0.4834,0.8313,0.09,0.125,0.2286,640,320,0.1071,0.4988,0.7743,0.6312,0.6404,0.1659,0.0961,0.1835,812,406,0.1621,,,,,0.0,,,,231,,,,,,0.0,,,,130,,,,0.0,,471,,0.7193,0.159,1.0,0.2935,1083,0.2158,0.6775,0.7038,0.77,0.2385,0.432,1.0,0.0862,0.1831,400,400,0.1797,0.0956,0.1034,387
j14/ladder2:q32+oa+sfx:replay:frozen,0.6203,0.7953,0.4609,0.8969,0.0696,0.2406,0.4667,640,320,0.0958,0.4963,0.8017,0.6343,0.6305,0.1678,0.0911,0.2569,812,406,0.1611,,,,,0.0,,,,231,,,,,,0.0,,,,130,,,,0.0,,471,,0.7535,0.2543,1.0,0.2801,1083,0.2062,0.715,0.7473,0.8075,0.3486,0.4132,1.0,0.0826,0.1695,400,400,0.17,0.0827,0.093,387
j14/ladder2:q64+oa+sfx:replay:frozen,0.575,0.7812,0.4817,0.8688,0.0754,0.1594,0.3429,640,320,0.099,0.4877,0.8242,0.6455,0.6059,0.1915,0.0739,0.211,812,406,0.155,,,,,0.0,,,,231,,,,,,0.0,,,,130,,,,0.0,,471,,0.7812,0.3295,1.0,0.2696,1083,0.1947,0.735,0.7636,0.8375,0.4312,0.4097,1.0,0.0851,0.1593,400,400,0.1584,0.0646,0.0672,387
j14/untrained:all:replay,,,,,,,,,0,,,,,,,,,,0,,,,,,0.0,,,,231,,,,,,0.0,,,,130,,,,0.0,,471,,0.9961,1.0,0.7175,0.0001,1083,0.0034,0.716,0.7647,1.0,1.0,0.4236,0.625,0.1054,0.0001,250,400,0.003,,,0
j14/untrained:oa:replay,,,,,,,,,0,,,,,,,,,,0,,,,,,0.0,,,,231,,,,,,0.0,,,,130,,,,0.0,,471,,0.7156,0.0675,0.7175,0.3689,1083,0.2444,0.644,0.6878,0.78,0.0833,0.4739,0.625,0.0996,0.2401,250,400,0.2043,,,0
j14/untrained:oa+sfx:replay,,,,,,,,,0,,,,,,,,,,0,,,,,,0.0,,,,231,,,,,,0.0,,,,130,,,,0.0,,471,,0.7156,0.0675,0.7175,0.3691,1083,0.244,0.644,0.6878,0.78,0.0833,0.4738,0.625,0.0996,0.2403,250,400,0.2042,,,0
j14/untrained:oa+sfx+ok4:replay,,,,,,,,,0,,,,,,,,,,0,,,,,,0.0,,,,231,,,,,,0.0,,,,130,,,,0.0,,471,,0.7426,0.1561,0.7175,0.3128,1083,0.2294,0.664,0.7104,0.816,0.2333,0.469,0.625,0.0939,0.205,250,400,0.1912,,,0
j14/untrained:ob:replay,,,,,,,,,0,,,,,,,,,,0,,,,,,0.0,,,,231,,,,,,0.0,,,,130,,,,0.0,,471,,0.861,0.6414,0.7175,0.0564,1083,0.1134,0.66,0.7104,0.884,0.6,0.4595,0.625,0.0546,0.0481,250,400,0.1041,,,0
j14/untrained:oa+sfx:skip,,,,,,,,,0,,,,,,,,,,0,,,,,,0.0,,,,231,,,,,,0.0,,,,130,,,,0.0,,471,,0.6126,0.3882,0.7175,0.4786,1083,0.3298,0.568,0.5928,0.712,0.4833,0.5518,0.625,0.0603,0.3438,250,400,0.2891,,,0
j14/untrained:ob+q16:replay,,,,,,,,,0,,,,,,,,,,0,,,,,,0.0,,,,231,,,,,,0.0,,,,130,,,,0.0,,471,,0.8726,0.6709,0.7175,0.0379,1083,0.0877,0.664,0.7195,0.896,0.6667,0.4493,0.625,0.0769,0.034,250,400,0.0815,,,0
j15/b8_eval,0.6531,0.9844,0.4098,0.8844,0.0741,0.3281,0.9619,640,320,0.0057,0.5973,0.995,0.5208,0.9458,0.1072,0.2734,1.0,812,406,0.0044,0.7316,0.9913,1.0,0.3487,1.0,0.0458,0.0002,231,231,0.0052,0.5385,0.9846,1.0,0.5586,1.0,0.1207,0.0003,130,130,0.0075,0.9894,0.9758,1.0,0.0001,471,0.005,0.9889,0.9827,1.0,0.0001,1083,0.0048,0.7925,0.8261,0.9925,0.9817,0.3475,1.0,0.1097,0.0001,400,400,0.0042,0.2506,0.3463,387
j15/b8s1_eval,0.65,0.9844,0.4115,0.875,0.0851,0.3219,0.9429,640,320,0.0058,0.5948,0.9963,0.5216,0.9532,0.1099,0.2709,1.0,812,406,0.0049,0.7316,0.9913,0.9929,0.349,1.0,0.0542,0.0002,231,231,0.0054,0.5385,0.9846,0.9855,0.558,1.0,0.122,0.0003,130,130,0.0074,0.9958,0.9879,1.0,0.0001,471,0.0047,0.9898,0.9913,1.0,0.0001,1083,0.0049,0.79,0.8261,0.99,0.9908,0.3476,1.0,0.1075,0.0001,400,400,0.0042,0.2481,0.3411,387
j15/b8s2_eval,0.6531,0.9906,0.4116,0.875,0.0797,0.325,0.9714,640,320,0.0058,0.5973,0.995,0.5207,0.9483,0.1188,0.2759,1.0,812,406,0.0046,0.7316,0.9913,0.9929,0.3481,1.0,0.0377,0.0002,231,231,0.0049,0.5385,0.9846,0.9855,0.5575,1.0,0.1212,0.0002,130,130,0.007,0.9936,0.9879,1.0,0.0002,471,0.0051,0.9935,0.9942,1.0,0.0001,1083,0.0048,0.79,0.8234,0.995,0.9908,0.3467,1.0,0.1175,0.0001,400,400,0.0044,0.2532,0.3463,387
j15/bf16_eval,0.6484,0.9891,0.4102,0.8844,0.0836,0.325,0.9714,640,320,0.0033,0.5961,0.995,0.5203,0.9483,0.1085,0.2734,1.0,812,406,0.0031,0.7316,0.9913,1.0,0.3476,1.0,0.044,0.0001,231,231,0.0032,0.5385,0.9846,1.0,0.5571,1.0,0.1206,0.0001,130,130,0.0045,0.9958,0.9879,1.0,0.0001,471,0.0032,0.9954,1.0,1.0,0.0001,1083,0.0033,0.7825,0.8179,0.9975,1.0,0.3472,1.0,0.114,0.0,400,400,0.003,0.2506,0.3463,387
j15/bf16t_eval,0.6531,0.9906,0.4101,0.8812,0.077,0.3281,0.981,640,320,0.0035,0.5948,0.9975,0.5203,0.9433,0.1115,0.2709,1.0,812,406,0.003,0.7316,0.9913,1.0,0.348,1.0,0.0451,0.0001,231,231,0.0029,0.5385,0.9846,1.0,0.5578,1.0,0.1208,0.0001,130,130,0.0039,0.9958,0.9879,1.0,0.0001,471,0.0032,0.9954,0.9942,1.0,0.0001,1083,0.0032,0.785,0.8207,0.995,0.9908,0.347,1.0,0.1141,0.0,400,400,0.003,0.2481,0.3385,387
j15/exit_L10_eval,0.5906,0.775,0.5182,0.7875,0.1093,0.1906,0.3714,640,320,0.1323,0.5369,0.8404,0.5653,0.9483,0.1674,0.1724,0.4128,812,406,0.0977,0.619,0.6494,0.6596,0.5023,1.0,0.0445,0.2453,231,231,0.247,0.4308,0.5,0.4928,0.6784,1.0,0.1563,0.2814,130,130,0.2674,0.9257,0.8485,1.0,0.0324,471,0.0707,0.9114,0.815,1.0,0.0366,1083,0.0737,0.775,0.8098,0.91,0.7615,0.3728,1.0,0.0795,0.0325,400,400,0.0715,0.1499,0.2326,387
j15/exit_L12_eval,0.5891,0.8109,0.4817,0.7937,0.0876,0.1906,0.4286,640,320,0.0925,0.5333,0.8978,0.5636,0.8966,0.181,0.1626,0.5505,812,406,0.0597,0.671,0.8312,0.9007,0.4121,1.0,0.0713,0.0944,231,231,0.1368,0.4615,0.7308,0.8116,0.6159,1.0,0.186,0.1186,130,130,0.1655,0.949,0.8909,1.0,0.0168,471,0.0457,0.9326,0.8613,1.0,0.0151,1083,0.0473,0.775,0.8125,0.9375,0.8349,0.3628,1.0,0.1009,0.011,400,400,0.041,0.137,0.2093,387
j15/exit_L14_eval,0.6375,0.9,0.4217,0.8625,0.061,0.2875,0.7048,640,320,0.0541,0.5961,0.98,0.5151,0.9409,0.1024,0.2685,0.9633,812,406,0.0202,0.7229,0.9697,0.9645,0.3525,1.0,0.0569,0.0191,231,231,0.0495,0.5308,0.9538,0.942,0.5713,1.0,0.1446,0.0161,130,130,0.0562,0.9788,0.9455,1.0,0.0022,471,0.0177,0.9843,0.9798,1.0,0.0017,1083,0.0164,0.7875,0.8207,0.9875,0.9725,0.349,1.0,0.1046,0.0013,400,400,0.015,0.2506,0.3463,387
j15/exit_L16_eval,0.6594,0.9719,0.4085,0.8875,0.0797,0.3375,0.9429,640,320,0.0205,0.5985,0.985,0.5178,0.9433,0.1046,0.2709,0.9908,812,406,0.0101,0.7273,0.987,1.0,0.3543,1.0,0.0585,0.0167,231,231,0.0443,0.5385,0.9846,1.0,0.5763,1.0,0.1624,0.0138,130,130,0.0484,0.9873,0.9697,1.0,0.0006,471,0.0094,0.9926,0.9942,1.0,0.0005,1083,0.0091,0.7875,0.8234,0.9925,0.9908,0.3468,1.0,0.1032,0.0004,400,400,0.0082,0.2481,0.3488,387
j15/exit_L18_eval,0.6594,0.9844,0.4069,0.8875,0.0746,0.3344,0.9714,640,320,0.0118,0.5961,0.9925,0.5183,0.9458,0.1067,0.2734,1.0,812,406,0.007,0.7359,0.987,1.0,0.3494,1.0,0.0551,0.0084,231,231,0.0298,0.5462,0.9769,1.0,0.567,1.0,0.1374,0.0054,130,130,0.0303,0.983,0.9576,1.0,0.0004,471,0.0079,0.9926,0.9884,1.0,0.0003,1083,0.007,0.7875,0.8234,0.9925,0.9908,0.3479,1.0,0.1116,0.0002,400,400,0.0061,0.2506,0.3463,387
j15/exit_L20_eval,0.6547,0.9859,0.4084,0.8875,0.0796,0.3281,0.9619,640,320,0.0094,0.5961,0.9925,0.5179,0.9458,0.111,0.2734,1.0,812,406,0.0063,0.7316,0.9913,1.0,0.3492,1.0,0.0391,0.0015,231,231,0.0151,0.5385,0.9846,1.0,0.5599,1.0,0.1323,0.0015,130,130,0.0178,0.9873,0.9636,1.0,0.0003,471,0.0065,0.9945,0.9913,1.0,0.0002,1083,0.0062,0.79,0.8234,0.995,0.9908,0.3479,1.0,0.112,0.0002,400,400,0.0056,0.2481,0.3385,387
j15/exit_L4_eval,0.4938,0.3969,0.5691,0.4344,0.1388,0.0156,0.019,640,320,0.2081,0.4643,0.818,0.6884,0.8227,0.2664,0.0296,0.0459,812,406,0.1267,0.3506,0.3636,0.2837,0.731,1.0,0.1619,0.6969,231,231,0.4301,0.3462,0.3769,0.2319,0.6906,1.0,0.183,0.3808,130,130,0.3166,0.8641,0.7394,1.0,0.1123,471,0.1198,0.8615,0.6676,1.0,0.1034,1083,0.1135,0.7575,0.788,0.87,0.6606,0.3873,1.0,0.1169,0.0696,400,400,0.1025,0.0724,0.155,387
j15/exit_L6_eval,0.5031,0.5469,0.5168,0.5687,0.079,0.05,0.0381,640,320,0.1521,0.4704,0.8067,0.6597,0.8621,0.2346,0.0394,0.0642,812,406,0.122,0.4069,0.4719,0.5035,0.6864,1.0,0.1187,0.5674,231,231,0.3957,0.3462,0.4615,0.5507,0.701,1.0,0.1758,0.3649,130,130,0.3147,0.8854,0.8,1.0,0.0706,471,0.1006,0.8763,0.7428,1.0,0.0712,1083,0.1001,0.75,0.7826,0.8725,0.7156,0.3924,1.0,0.0824,0.0561,400,400,0.092,0.0672,0.1525,387
j15/exit_L8_eval,0.5312,0.65,0.5353,0.7063,0.1311,0.0656,0.1143,640,320,0.1564,0.4914,0.8329,0.6109,0.9039,0.2129,0.0813,0.211,812,406,0.0997,0.4589,0.5022,0.3901,0.5996,1.0,0.0943,0.3883,231,231,0.3329,0.3615,0.4538,0.3188,0.6803,1.0,0.1561,0.2824,130,130,0.2912,0.8896,0.8242,1.0,0.0548,471,0.0912,0.8929,0.7486,1.0,0.0565,1083,0.0925,0.76,0.7962,0.8875,0.7064,0.3787,1.0,0.0806,0.044,400,400,0.086,0.0801,0.1499,387
j15/exit_b8s1_L16_eval,0.6609,0.9672,0.4105,0.8812,0.0834,0.3375,0.9238,640,320,0.0212,0.5973,0.9825,0.5185,0.9507,0.1061,0.2734,0.9817,812,406,0.0102,0.7273,0.987,1.0,0.3546,1.0,0.0708,0.0165,231,231,0.0443,0.5385,0.9846,1.0,0.5758,1.0,0.1742,0.0137,130,130,0.0487,0.9958,0.9879,1.0,0.0007,471,0.0101,0.9935,0.9913,1.0,0.0005,1083,0.0096,0.7875,0.8234,0.9925,0.9908,0.3471,1.0,0.108,0.0004,400,400,0.008,0.2532,0.354,387
j15/exit_b8s1_L8_eval,0.5344,0.6438,0.537,0.675,0.1301,0.0688,0.1238,640,320,0.1572,0.4926,0.8367,0.6095,0.9113,0.2112,0.0837,0.211,812,406,0.0984,0.4545,0.4978,0.3901,0.5998,1.0,0.0993,0.3865,231,231,0.3322,0.3538,0.4462,0.3188,0.6793,1.0,0.1598,0.2782,130,130,0.2899,0.8917,0.8242,1.0,0.0545,471,0.091,0.8901,0.7457,1.0,0.0565,1083,0.0923,0.765,0.8016,0.8875,0.7064,0.3789,1.0,0.0878,0.0439,400,400,0.0857,0.0801,0.1499,387
j15/exit_b8s2_L16_eval,0.6578,0.9734,0.4105,0.8719,0.0768,0.3375,0.9429,640,320,0.0215,0.5985,0.9838,0.5176,0.9458,0.105,0.2759,0.9908,812,406,0.01,0.7316,0.9913,1.0,0.3538,1.0,0.0647,0.0165,231,231,0.0441,0.5385,0.9846,1.0,0.5755,1.0,0.1624,0.0137,130,130,0.0482,0.9873,0.9697,1.0,0.0007,471,0.0099,0.9935,0.9942,1.0,0.0006,1083,0.0095,0.78,0.8152,0.995,1.0,0.3464,1.0,0.1126,0.0004,400,400,0.0084,0.2558,0.3488,387
j15/exit_b8s2_L8_eval,0.5312,0.6469,0.5372,0.6719,0.1347,0.0656,0.1048,640,320,0.1573,0.4926,0.8379,0.6104,0.9163,0.211,0.0837,0.211,812,406,0.0989,0.4459,0.4978,0.3972,0.6002,1.0,0.1058,0.3885,231,231,0.3333,0.3462,0.4538,0.3333,0.6788,1.0,0.1645,0.2804,130,130,0.2908,0.8917,0.8242,1.0,0.055,471,0.0914,0.8901,0.7399,1.0,0.0568,1083,0.0926,0.76,0.7962,0.8875,0.7064,0.3788,1.0,0.0843,0.044,400,400,0.0858,0.0801,0.1421,387
j15/exit_bf16t_L12_eval,0.5859,0.8078,0.4814,0.7812,0.0898,0.1812,0.4286,640,320,0.093,0.5369,0.9015,0.5635,0.899,0.177,0.17,0.5688,812,406,0.0592,0.6797,0.8398,0.9149,0.4115,1.0,0.0627,0.0937,231,231,0.136,0.4692,0.7385,0.8406,0.6147,1.0,0.1875,0.1173,130,130,0.1643,0.949,0.8909,1.0,0.0167,471,0.0454,0.9326,0.8555,1.0,0.0148,1083,0.0469,0.77,0.8071,0.9375,0.8257,0.3622,1.0,0.0973,0.0108,400,400,0.0404,0.1447,0.2171,387
j15/exit_bf16t_L14_eval,0.6344,0.9031,0.4216,0.875,0.0636,0.2812,0.7048,640,320,0.0534,0.5961,0.9825,0.5152,0.9458,0.1024,0.2685,0.9633,812,406,0.0199,0.71,0.9567,0.9645,0.352,1.0,0.0657,0.0189,231,231,0.0495,0.5077,0.9308,0.942,0.5711,1.0,0.1675,0.0162,130,130,0.0562,0.9809,0.9455,1.0,0.002,471,0.0169,0.9871,0.9855,1.0,0.0016,1083,0.0159,0.7875,0.8207,0.9875,0.9725,0.3489,1.0,0.1042,0.0012,400,400,0.0144,0.2506,0.3463,387
j15/exit_bf16t_L16_eval,0.6594,0.9781,0.4087,0.8844,0.0813,0.3406,0.9619,640,320,0.0199,0.5998,0.9863,0.5174,0.9433,0.1034,0.2759,1.0,812,406,0.0094,0.7316,0.9913,1.0,0.3538,1.0,0.0683,0.0165,231,231,0.0441,0.5385,0.9846,1.0,0.576,1.0,0.166,0.0137,130,130,0.0483,0.9894,0.9758,1.0,0.0006,471,0.0091,0.9954,0.9942,1.0,0.0005,1083,0.0087,0.785,0.8207,0.995,0.9908,0.3468,1.0,0.1096,0.0003,400,400,0.0078,0.2532,0.354,387
j15/exit_bf16t_L8_eval,0.5344,0.65,0.5365,0.6781,0.1306,0.0719,0.1238,640,320,0.1567,0.4926,0.8379,0.6108,0.9089,0.2115,0.0837,0.211,812,406,0.099,0.4545,0.5065,0.3972,0.6001,1.0,0.0976,0.3882,231,231,0.3332,0.3462,0.4538,0.3333,0.6796,1.0,0.1653,0.2807,130,130,0.2909,0.8917,0.8242,1.0,0.0545,471,0.0907,0.891,0.7457,1.0,0.0566,1083,0.0924,0.765,0.8016,0.8875,0.7064,0.3778,1.0,0.0827,0.0438,400,400,0.0855,0.0801,0.1473,387
j15/k48_eval,0.6516,0.9359,0.4149,0.875,0.074,0.325,0.8381,640,320,0.0238,0.6071,0.9651,0.5194,0.936,0.1151,0.298,0.9725,812,406,0.0243,0.7273,0.9827,0.9787,0.3513,1.0,0.0494,0.0036,231,231,0.0244,0.5308,0.9692,0.9565,0.562,1.0,0.1242,0.0053,130,130,0.0339,0.9766,0.9636,1.0,0.0037,471,0.0251,0.9741,0.9682,1.0,0.0032,1083,0.0242,0.795,0.8288,0.98,0.9817,0.3483,1.0,0.1087,0.0024,400,400,0.0213,0.2817,0.3747,387
j15/k64qb_eval,0.6516,0.9922,0.4102,0.8688,0.079,0.325,0.981,640,320,0.0046,0.5985,0.9938,0.5209,0.9458,0.1119,0.2783,1.0,812,406,0.0041,0.7273,0.9957,1.0,0.3474,1.0,0.0435,0.0001,231,231,0.0043,0.5308,0.9923,1.0,0.557,1.0,0.1273,0.0002,130,130,0.0059,0.9936,0.9818,1.0,0.0001,471,0.0043,0.9945,0.9971,1.0,0.0001,1083,0.004,0.79,0.8234,0.995,0.9908,0.3465,1.0,0.1241,0.0001,400,400,0.0034,0.2558,0.3514,387
j15/w4a4_eval,0.6078,0.8328,0.4514,0.7156,0.0604,0.2656,0.581,640,320,0.0693,0.5788,0.9177,0.5409,0.8719,0.1199,0.2488,0.7706,812,406,0.0659,0.7316,0.8831,0.9078,0.3691,1.0,0.0437,0.0503,231,231,0.0958,0.5538,0.8077,0.8261,0.5672,1.0,0.0607,0.0739,130,130,0.1293,0.9299,0.8727,1.0,0.0313,471,0.0776,0.9132,0.8526,1.0,0.0295,1083,0.0785,0.7575,0.7935,0.92,0.8807,0.3737,1.0,0.0721,0.0245,400,400,0.0722,0.2274,0.3152,387
j15/w4pre12_eval,0.6188,0.8375,0.4462,0.725,0.048,0.275,0.6095,640,320,0.069,0.5751,0.9264,0.545,0.8818,0.1328,0.2315,0.7615,812,406,0.062,0.7316,0.8658,0.8936,0.3652,1.0,0.0407,0.0441,231,231,0.086,0.5615,0.7846,0.7971,0.5678,1.0,0.0925,0.0688,130,130,0.1223,0.9533,0.897,1.0,0.0239,471,0.0636,0.9271,0.8757,1.0,0.0227,1083,0.067,0.765,0.8071,0.9225,0.8807,0.3702,1.0,0.0807,0.0202,400,400,0.0634,0.2119,0.3101,387
j15/w4pre18_eval,0.6234,0.8297,0.4491,0.7188,0.0397,0.2812,0.6,640,320,0.0679,0.5727,0.9165,0.5473,0.8768,0.1343,0.2315,0.7339,812,406,0.0642,0.7229,0.8788,0.9007,0.3689,1.0,0.0471,0.0489,231,231,0.0923,0.5462,0.8077,0.8116,0.5702,1.0,0.0845,0.0752,130,130,0.1292,0.9384,0.8727,1.0,0.0263,471,0.0681,0.9178,0.8555,1.0,0.0249,1083,0.0708,0.765,0.8016,0.915,0.8624,0.3714,1.0,0.0775,0.0213,400,400,0.066,0.2119,0.2997,387
j15/smoke/b8,,,,,,,,,0,,,,,,,,,,0,,,,,,0.0,,,,231,,,,,,0.0,,,,130,,,,0.0,,471,,1.0,,0.0111,0.0,1083,0.0024,1.0,1.0,1.0,,0.0726,0.0125,0.1739,0.0,5,400,0.0025,,,0
j15/smoke/w4,,,,,,,,,0,,,,,,,,,,0,,,,,,0.0,,,,231,,,,,,0.0,,,,130,,,,0.0,,471,,0.9167,,0.0111,0.0205,1083,0.068,1.0,1.0,1.0,,0.1329,0.0125,0.2265,0.0144,5,400,0.0547,,,0
q1/res/b2:tc4shFq8,0.65,0.9094,0.4193,0.8281,0.064,0.3125,0.8,640,320,0.0375,0.58,0.9551,0.5239,0.9261,0.1217,0.2438,0.8716,812,406,0.0324,0.7273,0.9307,0.9291,0.3603,1.0,0.0692,0.018,231,231,0.0537,0.5385,0.8846,0.8696,0.5744,1.0,0.1368,0.0281,130,130,0.0803,0.9766,0.9515,1.0,0.0057,471,0.0301,0.9686,0.9393,1.0,0.0045,1083,0.0275,0.7825,0.8261,0.96,0.9174,0.3513,1.0,0.1133,0.0038,400,400,0.0251,0.2171,0.3075,387
q1/res/b2:resq128q8,0.6547,0.9422,0.4131,0.8719,0.0667,0.3219,0.8476,640,320,0.0258,0.601,0.9601,0.5191,0.9532,0.1047,0.2882,0.945,812,406,0.0231,0.7229,0.9437,0.9504,0.3521,1.0,0.0396,0.0113,231,231,0.0412,0.5308,0.9077,0.8986,0.5604,1.0,0.1261,0.0179,130,130,0.0619,0.9682,0.9212,1.0,0.0025,471,0.0199,0.976,0.9682,1.0,0.0022,1083,0.0193,0.78,0.8179,0.975,0.9817,0.3502,1.0,0.1001,0.0018,400,400,0.0172,0.2687,0.3643,387
q1/res/b3:w4a4,0.6125,0.8281,0.4542,0.6906,0.0426,0.2906,0.6476,640,320,0.0705,0.5591,0.9002,0.5503,0.8867,0.136,0.2167,0.6514,812,406,0.074,0.7489,0.9091,0.8936,0.3686,1.0,0.0697,0.0402,231,231,0.0887,0.5692,0.8538,0.8116,0.5732,1.0,0.0781,0.0567,130,130,0.1161,0.9427,0.9152,1.0,0.0317,471,0.08,0.9123,0.8353,1.0,0.0315,1083,0.0818,0.7575,0.7935,0.9375,0.8991,0.3795,1.0,0.0819,0.0248,400,400,0.0726,0.199,0.2713,387
q1/res/b3:proto256fq8,0.6438,0.9375,0.4219,0.8625,0.0682,0.3094,0.8286,640,320,0.0295,0.5936,0.9551,0.5302,0.9532,0.1125,0.2709,0.9266,812,406,0.0265,0.71,0.9134,0.922,0.3606,1.0,0.0621,0.013,231,231,0.0462,0.5077,0.8538,0.8406,0.5749,1.0,0.1376,0.0207,130,130,0.0679,0.9575,0.9212,1.0,0.0038,471,0.0247,0.9621,0.9451,1.0,0.0034,1083,0.0234,0.795,0.8288,0.9675,0.9541,0.3538,1.0,0.113,0.0028,400,400,0.0212,0.2481,0.3359,387
q1/res/b3:tc4rq8,0.6391,0.9359,0.4183,0.8656,0.0815,0.2969,0.8095,640,320,0.022,0.601,0.9626,0.5213,0.9409,0.1091,0.2783,0.9358,812,406,0.0197,0.7056,0.9264,0.9291,0.3544,1.0,0.0634,0.0113,231,231,0.0432,0.4923,0.8846,0.8696,0.566,1.0,0.1471,0.0184,130,130,0.0656,0.9724,0.9455,1.0,0.0021,471,0.0176,0.9732,0.9653,1.0,0.0018,1083,0.0172,0.79,0.8288,0.975,0.9908,0.3488,1.0,0.1104,0.0013,400,400,0.0148,0.2532,0.3488,387
q1/res/base:tc45rq8,0.6578,0.9516,0.413,0.8562,0.0667,0.3438,0.9143,640,320,0.0198,0.5788,0.9713,0.5291,0.9335,0.1324,0.2438,0.8899,812,406,0.0162,0.7273,0.987,0.9858,0.3484,1.0,0.0694,0.0048,231,231,0.0278,0.5308,0.9769,0.971,0.5571,1.0,0.1217,0.0075,130,130,0.0414,0.9851,0.9697,1.0,0.0015,471,0.015,0.9871,0.9769,1.0,0.0012,1083,0.0145,0.79,0.8234,0.995,0.9908,0.3453,1.0,0.1107,0.001,400,400,0.0134,0.2196,0.3075,387
q1/res/base:w4q8,0.6328,0.8766,0.439,0.8313,0.0543,0.2906,0.6762,640,320,0.05,0.5714,0.9451,0.5506,0.9335,0.1367,0.2315,0.7982,812,406,0.0402,0.7532,0.9307,0.9291,0.3479,1.0,0.0537,0.0193,231,231,0.0559,0.5846,0.8846,0.8551,0.5524,1.0,0.0769,0.0304,130,130,0.0828,0.9682,0.9212,1.0,0.0068,471,0.0314,0.9631,0.9249,1.0,0.0064,1083,0.0325,0.7775,0.8152,0.9575,0.9174,0.3607,1.0,0.0916,0.0053,400,400,0.03,0.2041,0.2894,387
q1/res/dense:dense,0.6469,0.9906,0.4101,0.8781,0.0859,0.3156,0.9524,640,320,0.0035,0.5948,0.9975,0.5206,0.9483,0.11,0.2709,1.0,812,406,0.0031,0.7316,0.9913,1.0,0.3488,1.0,0.0501,0.0001,231,231,0.0029,0.5385,0.9846,1.0,0.5588,1.0,0.1208,0.0001,130,130,0.0042,0.9958,0.9879,1.0,0.0001,471,0.0032,0.9945,0.9971,1.0,0.0001,1083,0.0032,0.7825,0.8179,0.9975,1.0,0.3469,1.0,0.1126,0.0,400,400,0.0027,0.2481,0.3385,387
q2/exit_k64_L16_eval,0.6625,0.9688,0.4078,0.8781,0.0718,0.3438,0.9429,640,320,0.0185,0.601,0.9863,0.519,0.9433,0.1027,0.2759,1.0,812,406,0.0105,0.7273,0.9957,1.0,0.3539,1.0,0.0499,0.0146,231,231,0.0426,0.5308,0.9923,1.0,0.5756,1.0,0.1674,0.0124,130,130,0.0468,0.9873,0.9697,1.0,0.0007,471,0.0103,0.9917,0.9913,1.0,0.0006,1083,0.01,0.7925,0.8288,0.9875,0.9908,0.3467,1.0,0.1073,0.0004,400,400,0.0085,0.2532,0.354,387
q2/k64_eval,0.6547,0.9828,0.4101,0.8781,0.0774,0.3312,0.9619,640,320,0.0065,0.5973,0.9925,0.5198,0.9458,0.1151,0.2734,1.0,812,406,0.0055,0.7229,1.0,1.0,0.3479,1.0,0.0535,0.0002,231,231,0.0062,0.5231,1.0,1.0,0.558,1.0,0.1364,0.0004,130,130,0.0087,0.9894,0.9758,1.0,0.0002,471,0.0055,0.9935,0.9971,1.0,0.0002,1083,0.0058,0.79,0.8234,0.99,0.9908,0.3468,1.0,0.1133,0.0001,400,400,0.0047,0.2506,0.3437,387
q2/preds_h2_b8,0.6531,0.9844,0.4098,0.8844,0.0741,0.3281,0.9619,640,320,0.0057,0.5973,0.995,0.5208,0.9458,0.1072,0.2734,1.0,812,406,0.0044,0.7316,0.9913,1.0,0.3487,1.0,0.0458,0.0002,231,231,0.0052,0.5385,0.9846,1.0,0.5586,1.0,0.1207,0.0003,130,130,0.0075,0.9894,0.9758,1.0,0.0001,471,0.005,0.9889,0.9827,1.0,0.0001,1083,0.0048,0.7925,0.8261,0.9925,0.9817,0.3475,1.0,0.1097,0.0001,400,400,0.0042,0.2506,0.3463,387
q2/preds_h2_bf16,0.6531,0.9906,0.4102,0.8812,0.0794,0.3281,0.9714,640,320,0.0035,0.5961,0.995,0.5206,0.9483,0.1084,0.2734,1.0,812,406,0.003,0.7316,0.9913,1.0,0.3484,1.0,0.0424,0.0001,231,231,0.0031,0.5385,0.9846,1.0,0.5584,1.0,0.1211,0.0001,130,130,0.0043,0.9979,0.9939,1.0,0.0001,471,0.0031,0.9963,0.9971,1.0,0.0001,1083,0.0032,0.785,0.8207,0.995,0.9908,0.3472,1.0,0.1112,0.0,400,400,0.0029,0.2506,0.3411,387
q2/preds_q2_ck48rr,0.6594,0.9656,0.4078,0.8688,0.0708,0.3312,0.9143,640,320,0.0137,0.6034,0.9825,0.5188,0.9458,0.1057,0.2833,0.9817,812,406,0.0123,0.7273,0.987,0.9858,0.3511,1.0,0.0507,0.0017,231,231,0.0163,0.5308,0.9769,0.971,0.5643,1.0,0.1276,0.0027,130,130,0.024,0.9851,0.9758,1.0,0.0008,471,0.0111,0.9871,0.9884,1.0,0.0007,1083,0.0106,0.7925,0.8261,0.9925,0.9908,0.346,1.0,0.1083,0.0005,400,400,0.0089,0.2636,0.3618,387
q2/preds_q2_ck56rr,0.6547,0.9766,0.4097,0.8844,0.0758,0.3344,0.9429,640,320,0.0083,0.5985,0.9888,0.5193,0.9433,0.1128,0.2759,0.9908,812,406,0.0072,0.7186,0.9957,0.9929,0.3488,1.0,0.0649,0.0005,231,231,0.0088,0.5154,0.9923,0.9855,0.5586,1.0,0.1443,0.0007,130,130,0.0125,0.9958,0.9879,1.0,0.0003,471,0.0066,0.9935,0.9942,1.0,0.0003,1083,0.0068,0.7825,0.8207,0.9925,0.9817,0.3471,1.0,0.1101,0.0002,400,400,0.0057,0.2558,0.3643,387
q2/preds_q2_ck64rr,0.6547,0.9828,0.4101,0.8781,0.0774,0.3312,0.9619,640,320,0.0065,0.5973,0.9925,0.5198,0.9458,0.1151,0.2734,1.0,812,406,0.0055,0.7229,1.0,1.0,0.3479,1.0,0.0535,0.0002,231,231,0.0062,0.5231,1.0,1.0,0.558,1.0,0.1364,0.0004,130,130,0.0087,0.9894,0.9758,1.0,0.0002,471,0.0055,0.9935,0.9971,1.0,0.0002,1083,0.0058,0.79,0.8234,0.99,0.9908,0.3468,1.0,0.1133,0.0001,400,400,0.0047,0.2506,0.3437,387
q2/preds_q2_dk48rr,0.6625,0.9719,0.4074,0.8781,0.0708,0.3438,0.9524,640,320,0.013,0.5985,0.9838,0.5225,0.9384,0.1207,0.2734,0.9725,812,406,0.0116,0.7359,0.987,0.9858,0.3568,1.0,0.0494,0.0019,231,231,0.0178,0.5462,0.9769,0.971,0.5738,1.0,0.1155,0.0031,130,130,0.0266,0.9958,0.9879,1.0,0.0008,471,0.0111,0.9834,0.9884,1.0,0.0006,1083,0.0101,0.7975,0.8342,0.9825,0.9908,0.345,1.0,0.11,0.0005,400,400,0.0094,0.2532,0.3437,387
q2/preds_q2_dw4q8,0.6578,0.8891,0.4147,0.8562,0.0682,0.3312,0.781,640,320,0.0419,0.5665,0.9314,0.5408,0.9113,0.1396,0.2217,0.7248,812,406,0.0385,0.71,0.9264,0.9291,0.3619,1.0,0.0462,0.0191,231,231,0.0538,0.5,0.8846,0.8841,0.5743,1.0,0.1419,0.0308,130,130,0.0806,0.9469,0.8788,1.0,0.0079,471,0.0328,0.9668,0.9451,1.0,0.0058,1083,0.0309,0.7875,0.8261,0.9775,0.945,0.3539,1.0,0.1087,0.0043,400,400,0.0264,0.199,0.2946,387
q2/preds_q2_k48rr_qrt2,0.6625,0.9656,0.4085,0.8844,0.0654,0.3406,0.9238,640,320,0.014,0.5998,0.9838,0.5226,0.9384,0.1056,0.2808,0.9817,812,406,0.012,0.7316,0.9913,0.9929,0.3529,1.0,0.0647,0.0018,231,231,0.0169,0.5385,0.9846,0.9855,0.567,1.0,0.1267,0.0029,130,130,0.0252,0.9915,0.9818,1.0,0.0007,471,0.0102,0.9852,0.9827,1.0,0.0006,1083,0.0102,0.79,0.8261,0.99,0.9817,0.3477,1.0,0.1064,0.0006,400,400,0.0094,0.261,0.3488,387
q2/preds_q2_w4q8c,0.6516,0.8891,0.4283,0.825,0.0732,0.3219,0.7619,640,320,0.0451,0.5887,0.9451,0.5295,0.9286,0.1157,0.2586,0.8349,812,406,0.0371,0.7273,0.9091,0.9149,0.3538,1.0,0.0655,0.0241,231,231,0.0601,0.5385,0.8462,0.8261,0.5629,1.0,0.1351,0.0393,130,130,0.0905,0.9682,0.9212,1.0,0.0073,471,0.0334,0.9612,0.9393,1.0,0.0061,1083,0.032,0.7825,0.8207,0.9575,0.9358,0.3557,1.0,0.1021,0.0054,400,400,0.0308,0.23,0.3127,387
q2/preds_q2b_b8,0.6531,0.9844,0.4098,0.8844,0.0741,0.3281,0.9619,640,320,0.0057,0.5973,0.995,0.5208,0.9458,0.1072,0.2734,1.0,812,406,0.0044,0.7316,0.9913,1.0,0.3487,1.0,0.0458,0.0002,231,231,0.0052,0.5385,0.9846,1.0,0.5586,1.0,0.1207,0.0003,130,130,0.0075,0.9894,0.9758,1.0,0.0001,471,0.005,0.9889,0.9827,1.0,0.0001,1083,0.0048,0.7925,0.8261,0.9925,0.9817,0.3475,1.0,0.1097,0.0001,400,400,0.0042,0.2506,0.3463,387
q2/preds_q2b_k64rr,0.6547,0.9828,0.4101,0.8781,0.0774,0.3312,0.9619,640,320,0.0065,0.5973,0.9925,0.5198,0.9458,0.1151,0.2734,1.0,812,406,0.0055,0.7229,1.0,1.0,0.3479,1.0,0.0535,0.0002,231,231,0.0062,0.5231,1.0,1.0,0.558,1.0,0.1364,0.0004,130,130,0.0087,0.9894,0.9758,1.0,0.0002,471,0.0055,0.9935,0.9971,1.0,0.0002,1083,0.0058,0.79,0.8234,0.99,0.9908,0.3468,1.0,0.1133,0.0001,400,400,0.0047,0.2506,0.3437,387
q2/preds_q2b_k64x16,0.6531,0.9812,0.4087,0.875,0.0772,0.3281,0.9524,640,320,0.0178,0.5985,0.99,0.519,0.9458,0.1054,0.2734,1.0,812,406,0.0102,0.7273,0.9957,1.0,0.3539,1.0,0.0536,0.0144,231,231,0.0421,0.5308,0.9923,1.0,0.5757,1.0,0.1676,0.0122,130,130,0.0462,0.9894,0.9758,1.0,0.0006,471,0.0095,0.9935,0.9971,1.0,0.0006,1083,0.0097,0.79,0.8234,0.99,0.9908,0.3467,1.0,0.1134,0.0004,400,400,0.0082,0.2506,0.3488,387
q2/q2b/b8_eval,0.6531,0.9844,0.4098,0.8844,0.0741,0.3281,0.9619,640,320,0.0057,0.5973,0.995,0.5208,0.9458,0.1072,0.2734,1.0,812,406,0.0044,0.7316,0.9913,1.0,0.3487,1.0,0.0458,0.0002,231,231,0.0052,0.5385,0.9846,1.0,0.5586,1.0,0.1207,0.0003,130,130,0.0075,0.9894,0.9758,1.0,0.0001,471,0.005,0.9889,0.9827,1.0,0.0001,1083,0.0048,0.7925,0.8261,0.9925,0.9817,0.3475,1.0,0.1097,0.0001,400,400,0.0042,0.2506,0.3463,387
q2/q2b/k64_eval,0.6547,0.9828,0.4101,0.8781,0.0774,0.3312,0.9619,640,320,0.0065,0.5973,0.9925,0.5198,0.9458,0.1151,0.2734,1.0,812,406,0.0055,0.7229,1.0,1.0,0.3479,1.0,0.0535,0.0002,231,231,0.0062,0.5231,1.0,1.0,0.558,1.0,0.1364,0.0004,130,130,0.0087,0.9894,0.9758,1.0,0.0002,471,0.0055,0.9935,0.9971,1.0,0.0002,1083,0.0058,0.79,0.8234,0.99,0.9908,0.3468,1.0,0.1133,0.0001,400,400,0.0047,0.2506,0.3437,387
q2/q2b/preds_h2_bf16,0.65,0.9875,0.4104,0.8781,0.0843,0.325,0.9714,640,320,0.0034,0.5948,0.9963,0.5206,0.9458,0.1098,0.2709,1.0,812,406,0.003,0.7316,0.9913,1.0,0.3479,1.0,0.044,0.0001,231,231,0.0032,0.5385,0.9846,1.0,0.5576,1.0,0.1205,0.0001,130,130,0.0045,0.9958,0.9879,1.0,0.0001,471,0.0031,0.9972,0.9971,1.0,0.0001,1083,0.0031,0.785,0.8207,0.995,0.9908,0.3472,1.0,0.1137,0.0,400,400,0.0028,0.2481,0.3411,387
q3/q2rt_w4q8_gptq,0.6219,0.8688,0.4312,0.8219,0.0785,0.275,0.6667,640,320,0.0488,0.5899,0.9426,0.5353,0.9384,0.1125,0.2586,0.8257,812,406,0.0372,0.7143,0.9048,0.922,0.3628,1.0,0.0395,0.0197,231,231,0.0559,0.5231,0.8462,0.8406,0.5806,1.0,0.1215,0.0313,130,130,0.0836,0.9682,0.9273,1.0,0.0068,471,0.0308,0.9695,0.9422,1.0,0.0061,1083,0.0312,0.785,0.8179,0.9625,0.9266,0.3595,1.0,0.1065,0.0045,400,400,0.0279,0.23,0.3204,387
q3/q2rt_w4q8_qadbest,0.6344,0.9,0.4238,0.8313,0.0886,0.2906,0.7143,640,320,0.0409,0.5813,0.9514,0.533,0.9507,0.1228,0.2537,0.8716,812,406,0.0333,0.7013,0.9004,0.922,0.3756,1.0,0.0467,0.0233,231,231,0.0615,0.5,0.8385,0.8551,0.5991,1.0,0.1443,0.0361,130,130,0.0919,0.9703,0.9212,1.0,0.0052,471,0.0285,0.9631,0.9393,1.0,0.005,1083,0.0289,0.78,0.8179,0.9725,0.9633,0.36,1.0,0.0956,0.0042,400,400,0.0268,0.23,0.3049,387
q3/q2rt_w4q8_s,0.6359,0.9109,0.4241,0.8469,0.0654,0.3031,0.7619,640,320,0.042,0.5961,0.9451,0.5286,0.931,0.1102,0.2833,0.9083,812,406,0.0344,0.6926,0.9221,0.9362,0.3631,1.0,0.0709,0.0221,231,231,0.0604,0.4923,0.8846,0.8986,0.5724,1.0,0.1472,0.034,130,130,0.0898,0.966,0.9212,1.0,0.0056,471,0.0279,0.964,0.9393,1.0,0.0058,1083,0.03,0.7875,0.8288,0.9625,0.9358,0.3516,1.0,0.1011,0.0041,400,400,0.0257,0.2584,0.3282,387
q3/qad_t0M,0.6125,0.8406,0.4359,0.7531,0.0483,0.275,0.6286,640,320,0.0693,,,,,,,,,0,,,,,,0.0,,,,231,,,,,,0.0,,,,130,,,,0.0,,471,,0.9344,0.9017,1.0,0.0206,1083,0.0621,0.7625,0.7989,0.945,0.9174,0.3648,1.0,0.088,0.016,400,400,0.0551,,,0
q3/qad_t10M,0.6328,0.8516,0.4356,0.75,0.0459,0.3125,0.6667,640,320,0.0658,,,,,,,,,0,,,,,,0.0,,,,231,,,,,,0.0,,,,130,,,,0.0,,471,,0.9298,0.8815,1.0,0.0193,1083,0.0589,0.79,0.8288,0.935,0.8624,0.3531,1.0,0.0863,0.0149,400,400,0.0514,,,0
q3/qad_t20M,0.6203,0.8453,0.4407,0.7531,0.0588,0.3,0.6286,640,320,0.066,,,,,,,,,0,,,,,,0.0,,,,231,,,,,,0.0,,,,130,,,,0.0,,471,,0.9335,0.896,1.0,0.0174,1083,0.0558,0.7725,0.8071,0.9275,0.9266,0.358,1.0,0.0894,0.0124,400,400,0.0481,,,0
q3/qadw4q8_t0M,0.6391,0.8703,0.4277,0.8406,0.0768,0.3031,0.6857,640,320,0.0432,,,,,,,,,0,,,,,,0.0,,,,231,,,,,,0.0,,,,130,,,,0.0,,471,,0.9649,0.9335,1.0,0.0053,1083,0.0296,0.7875,0.8261,0.97,0.9541,0.3539,1.0,0.0949,0.0041,400,400,0.0254,,,0
q3/qadw4q8_t12M,0.6422,0.8922,0.4242,0.8688,0.0604,0.2969,0.7143,640,320,0.0412,,,,,,,,,0,,,,,,0.0,,,,231,,,,,,0.0,,,,130,,,,0.0,,471,,0.9668,0.9422,1.0,0.0048,1083,0.0281,0.7825,0.8179,0.965,0.945,0.353,1.0,0.0874,0.0036,400,400,0.0253,,,0
q3/qadw4q8_t4M,0.6344,0.9031,0.426,0.8281,0.0733,0.2906,0.7143,640,320,0.0429,,,,,,,,,0,,,,,,0.0,,,,231,,,,,,0.0,,,,130,,,,0.0,,471,,0.9631,0.9393,1.0,0.0049,1083,0.0282,0.7925,0.8315,0.9625,0.9174,0.3514,1.0,0.0963,0.0036,400,400,0.0255,,,0
q3/qadw4q8_t8M,0.6375,0.9031,0.43,0.8344,0.0634,0.2875,0.7238,640,320,0.0426,,,,,,,,,0,,,,,,0.0,,,,231,,,,,,0.0,,,,130,,,,0.0,,471,,0.9649,0.9364,1.0,0.005,1083,0.0285,0.7775,0.8152,0.965,0.945,0.3529,1.0,0.1041,0.0038,400,400,0.0253,,,0
q3/qrt_bf16,0.65,0.9906,0.4103,0.8875,0.0794,0.325,0.9714,640,320,0.0033,0.5973,0.9925,0.5207,0.9483,0.1072,0.2759,1.0,812,406,0.0031,0.7316,0.9913,1.0,0.3477,1.0,0.0487,0.0001,231,231,0.0032,0.5385,0.9846,1.0,0.5574,1.0,0.1207,0.0001,130,130,0.0044,0.9958,0.9879,1.0,0.0001,471,0.0032,0.9945,0.9913,1.0,0.0001,1083,0.0032,0.7825,0.8179,0.9975,1.0,0.3468,1.0,0.1196,0.0,400,400,0.0029,0.2532,0.3463,387
q3/qrt_w4a4_b41a,0.6406,0.8531,0.4329,0.7656,0.0365,0.3312,0.6952,640,320,0.065,0.5911,0.9127,0.5356,0.8892,0.1065,0.2808,0.844,812,406,0.0621,0.7013,0.8701,0.8865,0.3828,1.0,0.0451,0.0406,231,231,0.0862,0.5077,0.7923,0.7826,0.595,1.0,0.1372,0.0595,130,130,0.117,0.9512,0.9273,1.0,0.0223,471,0.0651,0.9344,0.8786,1.0,0.0187,1083,0.0603,0.79,0.8315,0.945,0.9083,0.3643,1.0,0.1134,0.0148,400,400,0.0534,0.2558,0.3488,387
q3/qrt_w4a4_gptq,0.6328,0.8266,0.4407,0.7219,0.028,0.3187,0.6762,640,320,0.0703,0.5911,0.904,0.5372,0.8768,0.1036,0.2685,0.7798,812,406,0.0695,0.7229,0.8788,0.9007,0.3733,1.0,0.04,0.041,231,231,0.0914,0.5462,0.8231,0.8406,0.5717,1.0,0.0987,0.052,130,130,0.1125,0.9448,0.897,1.0,0.0284,471,0.0746,0.9077,0.8208,1.0,0.032,1083,0.082,0.78,0.8179,0.9175,0.8807,0.3715,1.0,0.113,0.0267,400,400,0.0752,0.2558,0.3385,387
q3/qrt_w4a4_qad_t10M,0.6312,0.8406,0.4462,0.7,0.0564,0.3063,0.6381,640,320,0.0691,0.5887,0.919,0.5381,0.8818,0.1244,0.266,0.8165,812,406,0.0575,0.684,0.8961,0.9078,0.3918,1.0,0.0574,0.042,231,231,0.084,0.4615,0.8231,0.8261,0.6201,1.0,0.1648,0.0607,130,130,0.1159,0.9597,0.9273,1.0,0.022,471,0.0617,0.9326,0.9046,1.0,0.0179,1083,0.0586,0.785,0.8234,0.9375,0.8991,0.3585,1.0,0.0934,0.0134,400,400,0.0531,0.2455,0.3463,387
q3/qrt_w4a4_qad_t20M,0.625,0.8187,0.4377,0.7375,0.0516,0.3187,0.6476,640,320,0.0652,0.5788,0.9165,0.5339,0.8744,0.1182,0.2611,0.789,812,406,0.0594,0.7056,0.8788,0.8865,0.3807,1.0,0.0337,0.0431,231,231,0.0874,0.5,0.8077,0.7971,0.5974,1.0,0.1378,0.0656,130,130,0.1208,0.9384,0.903,1.0,0.0203,471,0.0601,0.9391,0.8815,1.0,0.0186,1083,0.0588,0.7825,0.8179,0.9475,0.8807,0.362,1.0,0.1,0.0145,400,400,0.0528,0.2326,0.3178,387
q3/ref_h2_b8,0.6594,0.9812,0.4099,0.8812,0.0753,0.3375,0.9714,640,320,0.0058,0.5985,0.9888,0.5211,0.9409,0.1064,0.2783,1.0,812,406,0.0049,0.7229,1.0,1.0,0.3471,1.0,0.0533,0.0002,231,231,0.005,0.5231,1.0,1.0,0.5561,1.0,0.1358,0.0003,130,130,0.0071,0.9936,0.9818,1.0,0.0002,471,0.0056,0.9982,0.9971,1.0,0.0001,1083,0.0047,0.785,0.8179,1.0,1.0,0.3473,1.0,0.12,0.0001,400,400,0.0042,0.2532,0.3488,387
q3/ref_h2_bf16,0.65,0.9906,0.41,0.8812,0.0803,0.325,0.9714,640,320,0.0035,0.5973,0.9938,0.5205,0.9507,0.1072,0.2759,1.0,812,406,0.0032,0.7316,0.9913,1.0,0.3476,1.0,0.0399,0.0001,231,231,0.0032,0.5385,0.9846,1.0,0.5572,1.0,0.1209,0.0001,130,130,0.0043,0.9958,0.9879,1.0,0.0001,471,0.003,0.9963,0.9942,1.0,0.0001,1083,0.0033,0.785,0.8207,0.995,0.9908,0.3469,1.0,0.1116,0.0,400,400,0.0028,0.2532,0.3463,387
q3/ref_h2_w4a4gptq,0.6203,0.8234,0.4428,0.7344,0.0334,0.3125,0.6571,640,320,0.0704,0.5936,0.9239,0.5396,0.8719,0.1082,0.2734,0.8257,812,406,0.0686,0.7143,0.8831,0.8794,0.3809,1.0,0.0503,0.0439,231,231,0.0962,0.5231,0.8077,0.7681,0.5856,1.0,0.1129,0.0626,130,130,0.1247,0.9384,0.8848,1.0,0.0328,471,0.0809,0.9104,0.8497,1.0,0.0305,1083,0.0775,0.755,0.7908,0.935,0.9174,0.3807,1.0,0.0863,0.0237,400,400,0.0693,0.2558,0.3333,387
q4/b8gptq,0.6531,0.9844,0.4098,0.8844,0.0741,0.3281,0.9619,640,320,0.0057,0.5973,0.995,0.5208,0.9458,0.1072,0.2734,1.0,812,406,0.0044,0.7316,0.9913,1.0,0.3487,1.0,0.0458,0.0002,231,231,0.0052,0.5385,0.9846,1.0,0.5586,1.0,0.1207,0.0003,130,130,0.0075,0.9894,0.9758,1.0,0.0001,471,0.005,0.9889,0.9827,1.0,0.0001,1083,0.0048,0.7925,0.8261,0.9925,0.9817,0.3475,1.0,0.1097,0.0001,400,400,0.0042,0.2506,0.3463,387
q4/b8gptq_b13,0.6516,0.9859,0.41,0.8812,0.0788,0.325,0.9619,640,320,0.0057,0.5961,0.9963,0.5208,0.9458,0.1084,0.2734,1.0,812,406,0.0044,0.7316,0.9913,1.0,0.3487,1.0,0.0456,0.0002,231,231,0.0052,0.5385,0.9846,1.0,0.5585,1.0,0.1205,0.0003,130,130,0.0074,0.9894,0.9758,1.0,0.0001,471,0.005,0.9889,0.9827,1.0,0.0001,1083,0.0047,0.7925,0.8261,0.9925,0.9817,0.3474,1.0,0.1097,0.0001,400,400,0.0042,0.2506,0.3463,387
q4/b8gptq_b13_inv,0.6516,0.9859,0.4099,0.8844,0.0779,0.325,0.9619,640,320,0.0057,0.5973,0.995,0.5208,0.9458,0.1072,0.2734,1.0,812,406,0.0044,0.7316,0.9913,1.0,0.3486,1.0,0.0481,0.0002,231,231,0.0052,0.5385,0.9846,1.0,0.5585,1.0,0.1206,0.0003,130,130,0.0075,0.9894,0.9758,1.0,0.0001,471,0.0049,0.9889,0.9827,1.0,0.0001,1083,0.0048,0.7925,0.8261,0.9925,0.9817,0.3476,1.0,0.1097,0.0001,400,400,0.0043,0.2506,0.3463,387
q4/b8gptq_inv,0.6516,0.9859,0.4099,0.8844,0.0779,0.325,0.9619,640,320,0.0057,0.5973,0.995,0.5208,0.9458,0.1072,0.2734,1.0,812,406,0.0044,0.7316,0.9913,1.0,0.3486,1.0,0.0481,0.0002,231,231,0.0052,0.5385,0.9846,1.0,0.5585,1.0,0.1206,0.0003,130,130,0.0075,0.9894,0.9758,1.0,0.0001,471,0.0049,0.9889,0.9827,1.0,0.0001,1083,0.0048,0.7925,0.8261,0.9925,0.9817,0.3476,1.0,0.1097,0.0001,400,400,0.0043,0.2506,0.3463,387
q4/b8rtn7,0.6594,0.975,0.4111,0.8906,0.0771,0.3375,0.9619,640,320,0.0119,0.5911,0.9776,0.5233,0.9458,0.1143,0.2586,0.945,812,406,0.0115,0.7316,0.9827,0.9787,0.345,1.0,0.0388,0.0011,231,231,0.0128,0.5385,0.9692,0.9565,0.5523,1.0,0.1207,0.0019,130,130,0.0192,0.9936,0.9818,1.0,0.0008,471,0.0114,0.9852,0.9827,1.0,0.0007,1083,0.0113,0.7925,0.8315,0.9825,0.9725,0.3464,1.0,0.111,0.0005,400,400,0.0091,0.2377,0.3488,387
q4/b8rtn8,0.6516,0.9797,0.4129,0.875,0.08,0.325,0.9524,640,320,0.0075,0.5973,0.9938,0.5211,0.9335,0.1101,0.2734,1.0,812,406,0.0061,0.7316,0.987,0.9858,0.3484,1.0,0.037,0.0003,231,231,0.0064,0.5385,0.9769,0.971,0.5589,1.0,0.1226,0.0004,130,130,0.0092,0.9851,0.9636,1.0,0.0003,471,0.0071,0.9917,0.9884,1.0,0.0002,1083,0.0067,0.7875,0.8234,0.9925,0.9908,0.3481,1.0,0.1071,0.0002,400,400,0.0062,0.2506,0.3437,387
q4/w4rtn3,0.525,0.5281,0.5232,0.5188,0.0928,0.275,0.2095,640,320,0.1717,0.4606,0.4663,0.5815,0.4828,0.1171,0.2069,0.2385,812,406,0.2944,0.303,0.2944,0.3121,0.7129,1.0,0.1493,0.6848,231,231,0.4557,0.3692,0.3462,0.4058,0.6534,1.0,0.123,0.3764,130,130,0.3379,0.3588,0.3152,1.0,0.5377,471,0.3759,0.386,0.3786,1.0,0.555,1083,0.3685,0.4475,0.4647,0.445,0.5138,0.5991,1.0,0.1148,0.4127,400,400,0.3302,0.23,0.5401,387
q4/w4rtn4,0.6078,0.7453,0.4643,0.6438,0.035,0.2656,0.5238,640,320,0.0973,0.5702,0.8392,0.5548,0.8103,0.13,0.2463,0.6697,812,406,0.1067,0.684,0.8225,0.844,0.4176,1.0,0.0542,0.077,231,231,0.1216,0.4769,0.7231,0.7391,0.6399,1.0,0.1534,0.1013,130,130,0.1505,0.8832,0.8303,1.0,0.0628,471,0.1143,0.8513,0.8208,1.0,0.0686,1083,0.1236,0.7225,0.7527,0.8375,0.8532,0.4065,1.0,0.061,0.0586,400,400,0.1169,0.2222,0.3282,387
q5/res/b8:b8,0.6484,0.9891,0.411,0.8781,0.0821,0.3219,0.9619,640,320,0.0059,0.5948,0.9925,0.5211,0.9483,0.11,0.2709,0.9817,812,406,0.0047,0.7316,0.9913,1.0,0.3477,1.0,0.0408,0.0001,231,231,0.0048,0.5385,0.9846,1.0,0.5572,1.0,0.1206,0.0002,130,130,0.0067,0.9936,0.9818,1.0,0.0001,471,0.0048,0.9954,0.9942,1.0,0.0001,1083,0.0047,0.7875,0.8207,0.9975,0.9908,0.3465,1.0,0.1141,0.0001,400,400,0.0042,0.2506,0.3411,387
q5/res/b8_nr_G12-23_dsalc_f06:b8+nr.G12-23.dsalc.f0.6,0.6484,0.9859,0.4107,0.8812,0.0742,0.3219,0.9524,640,320,0.0069,0.5985,0.9938,0.5204,0.9483,0.1143,0.2759,1.0,812,406,0.0051,0.7316,0.9913,1.0,0.3473,1.0,0.0401,0.0002,231,231,0.0056,0.5385,0.9846,1.0,0.5564,1.0,0.1196,0.0003,130,130,0.0077,0.9936,0.9818,1.0,0.0002,471,0.0055,0.9972,0.9942,1.0,0.0002,1083,0.0054,0.7875,0.8207,0.9975,0.9908,0.3463,1.0,0.1162,0.0001,400,400,0.0047,0.2532,0.3463,387
q5/res/b8_nr_G12-23_dsalc_f075:b8+nr.G12-23.dsalc.f0.75,0.6516,0.9797,0.411,0.8844,0.0711,0.3219,0.9429,640,320,0.0088,0.5973,0.9925,0.5199,0.9483,0.1074,0.2734,0.9908,812,406,0.0058,0.7316,0.9913,1.0,0.3464,1.0,0.0473,0.0004,231,231,0.0076,0.5385,0.9846,1.0,0.5539,1.0,0.116,0.0005,130,130,0.0095,0.9915,0.9818,1.0,0.0003,471,0.0071,0.9908,0.9855,1.0,0.0003,1083,0.0064,0.7875,0.8234,0.9925,0.9817,0.3478,1.0,0.1067,0.0002,400,400,0.0058,0.2506,0.3437,387
q5/res/b8_s24_L12-22_sgptd_int8n05_s:b8+s24.L12-22.sgptd.int8n0.5.s,0.6484,0.9859,0.4114,0.875,0.0847,0.3187,0.9524,640,320,0.0074,0.5973,0.99,0.522,0.9483,0.1157,0.2734,0.9908,812,406,0.0068,0.7273,0.9913,0.9929,0.3502,1.0,0.0435,0.0007,231,231,0.0109,0.5308,0.9846,0.9855,0.5597,1.0,0.1225,0.0012,130,130,0.0158,0.9915,0.9758,1.0,0.0003,471,0.0073,0.9945,0.9913,1.0,0.0003,1083,0.0069,0.7925,0.8261,0.9925,0.9817,0.3464,1.0,0.1113,0.0002,400,400,0.0062,0.2532,0.3463,387
q5/res/b8_s24_L13-23_sgptd_int4p_s:b8+s24.L13-23.sgptd.int4p.s,0.6531,0.9844,0.4117,0.8781,0.0739,0.325,0.9619,640,320,0.0069,0.5936,0.99,0.5191,0.9483,0.1111,0.266,0.9725,812,406,0.007,0.7316,0.9913,0.9929,0.3481,1.0,0.0563,0.0004,231,231,0.0083,0.5385,0.9846,0.9855,0.5581,1.0,0.1187,0.0006,130,130,0.0122,0.9915,0.9758,1.0,0.0003,471,0.0066,0.9926,0.9942,1.0,0.0002,1083,0.0066,0.7875,0.8234,0.9925,0.9817,0.3474,1.0,0.1251,0.0002,400,400,0.0058,0.2481,0.3411,387
q5/res/b8_s24_L14-23_sgptd_int4p_s:b8+s24.L14-23.sgptd.int4p.s,0.65,0.9875,0.4113,0.8781,0.0827,0.3219,0.9619,640,320,0.0063,0.5961,0.9925,0.5207,0.9483,0.1115,0.2709,0.9908,812,406,0.0054,0.7273,0.9957,1.0,0.3482,1.0,0.0462,0.0002,231,231,0.0056,0.5308,0.9923,1.0,0.5579,1.0,0.1281,0.0003,130,130,0.0078,0.9958,0.9879,1.0,0.0002,471,0.0059,0.9972,0.9942,1.0,0.0002,1083,0.0054,0.79,0.8234,0.995,0.9817,0.3465,1.0,0.1135,0.0001,400,400,0.0046,0.2506,0.3411,387
q5/res/b8_stack_G06_mixint4p_L14:b8+stack.G0.6.mixint4p.L14,0.65,0.9844,0.4111,0.8812,0.0718,0.325,0.9524,640,320,0.007,0.5961,0.9913,0.5204,0.9458,0.1132,0.2709,0.9817,812,406,0.0059,0.7316,0.9913,1.0,0.3479,1.0,0.0434,0.0002,231,231,0.0059,0.5385,0.9846,1.0,0.5573,1.0,0.1199,0.0003,130,130,0.0081,0.9915,0.9758,1.0,0.0002,471,0.0061,0.9954,0.9942,1.0,0.0002,1083,0.0059,0.785,0.8207,0.995,0.9908,0.3464,1.0,0.1119,0.0001,400,400,0.0051,0.2506,0.3411,387
q5/res/b8_stack_G075_mixint4p:b8+stack.G0.75.mixint4p,0.6562,0.9812,0.4116,0.8781,0.0655,0.3312,0.9619,640,320,0.0095,0.5973,0.9875,0.5185,0.9507,0.112,0.266,0.9817,812,406,0.0078,0.7316,0.9913,1.0,0.3473,1.0,0.0539,0.0006,231,231,0.0106,0.5385,0.9846,1.0,0.5557,1.0,0.1141,0.0009,130,130,0.0142,0.9936,0.9818,1.0,0.0004,471,0.0079,0.9908,0.9884,1.0,0.0003,1083,0.0075,0.7875,0.8234,0.9925,0.9817,0.3479,1.0,0.1146,0.0003,400,400,0.0066,0.2455,0.3411,387
q5/res/b8_stack_G075gen2_mixint4p_L14:b8+stack.G0.75.gen2.mixint4p.L14,0.6547,0.9797,0.4108,0.875,0.0692,0.3281,0.9524,640,320,0.0086,0.5961,0.9888,0.5204,0.9507,0.1096,0.2685,0.9817,812,406,0.0069,0.7359,0.987,0.9929,0.3476,1.0,0.0452,0.0004,231,231,0.0075,0.5462,0.9769,0.9855,0.5562,1.0,0.1106,0.0004,130,130,0.0091,0.9915,0.9758,1.0,0.0004,471,0.0077,0.9908,0.9884,1.0,0.0003,1083,0.0067,0.7825,0.8207,0.9925,0.9908,0.3479,1.0,0.1132,0.0002,400,400,0.0056,0.2455,0.3411,387
q5/res/dense:dense,0.6484,0.9891,0.4099,0.8844,0.087,0.325,0.9714,640,320,0.0034,0.5948,0.9975,0.5206,0.9507,0.1119,0.2709,1.0,812,406,0.003,0.7273,0.9957,1.0,0.3485,1.0,0.0485,0.0001,231,231,0.0032,0.5308,0.9923,1.0,0.5584,1.0,0.1284,0.0001,130,130,0.0046,0.9958,0.9879,1.0,0.0001,471,0.0032,0.9954,0.9971,1.0,0.0001,1083,0.0031,0.785,0.8207,0.995,0.9908,0.3467,1.0,0.1126,0.0,400,400,0.0029,0.2481,0.3437,387
q5/res/nr_G12-23_dsalc_f06:nr.G12-23.dsalc.f0.6,0.65,0.9875,0.4097,0.8844,0.0757,0.325,0.9714,640,320,0.005,0.5948,0.9975,0.52,0.9507,0.1106,0.2709,1.0,812,406,0.0036,0.7359,0.987,0.9929,0.348,1.0,0.0422,0.0001,231,231,0.0047,0.5462,0.9769,0.9855,0.5575,1.0,0.1123,0.0002,130,130,0.0063,0.9936,0.9818,1.0,0.0001,471,0.0042,0.9945,0.9942,1.0,0.0001,1083,0.0039,0.785,0.8207,0.995,0.9908,0.3468,1.0,0.1165,0.0001,400,400,0.0034,0.2481,0.3437,387
q5/res/nr_G12-23_dsalc_f075:nr.G12-23.dsalc.f0.75,0.6547,0.9922,0.41,0.8844,0.0669,0.3281,0.981,640,320,0.0073,0.5948,0.995,0.5194,0.9483,0.1104,0.2709,1.0,812,406,0.0043,0.7359,0.987,0.9929,0.3474,1.0,0.0438,0.0003,231,231,0.0071,0.5462,0.9769,0.9855,0.5557,1.0,0.1086,0.0004,130,130,0.0088,0.9894,0.9758,1.0,0.0002,471,0.006,0.9926,0.9913,1.0,0.0002,1083,0.0052,0.785,0.8207,0.995,0.9908,0.348,1.0,0.1102,0.0002,400,400,0.005,0.2481,0.3411,387
q5/res/nr_G12-23_dsalc_f075_gen2:nr.G12-23.dsalc.f0.75.gen2,0.6516,0.9891,0.4095,0.8812,0.0763,0.3219,0.9619,640,320,0.0073,0.5948,0.9975,0.52,0.9507,0.1101,0.2709,1.0,812,406,0.0045,0.7359,0.987,0.9929,0.3479,1.0,0.0459,0.0003,231,231,0.0064,0.5462,0.9769,0.9855,0.5566,1.0,0.1109,0.0003,130,130,0.0076,0.9894,0.9758,1.0,0.0003,471,0.0061,0.9954,1.0,1.0,0.0002,1083,0.005,0.7825,0.8179,0.9975,1.0,0.3478,1.0,0.115,0.0001,400,400,0.0045,0.2481,0.3437,387
q5/res/nr_L12-23_dsalc_f05:nr.L12-23.dsalc.f0.5,0.6609,0.9703,0.4129,0.8781,0.0591,0.3344,0.9429,640,320,0.0134,0.601,0.9863,0.5172,0.9483,0.1146,0.2734,0.9908,812,406,0.0067,0.7359,0.9827,0.9858,0.3491,1.0,0.0611,0.0006,231,231,0.0099,0.5462,0.9692,0.971,0.5595,1.0,0.112,0.0008,130,130,0.0138,0.9936,0.9818,1.0,0.0005,471,0.008,0.9926,0.9855,1.0,0.0004,1083,0.0076,0.79,0.8234,0.995,0.9817,0.3482,1.0,0.1231,0.0003,400,400,0.0069,0.2558,0.3566,387
q5/res/s24_L12-22_sgptd_bf16n_s:s24.L12-22.sgptd.bf16n.s,0.65,0.9844,0.4097,0.875,0.0896,0.3219,0.9524,640,320,0.006,0.5948,0.9913,0.5201,0.9507,0.1135,0.2734,1.0,812,406,0.006,0.7229,0.9913,0.9929,0.3509,1.0,0.0445,0.0006,231,231,0.0098,0.5231,0.9846,0.9855,0.5612,1.0,0.1298,0.0009,130,130,0.0145,0.9915,0.9758,1.0,0.0002,471,0.0063,0.9935,0.9942,1.0,0.0002,1083,0.0062,0.79,0.8234,0.995,0.9908,0.3463,1.0,0.1291,0.0002,400,400,0.0053,0.2506,0.3463,387
q5/res/s24_L12-22_sgptd_bf16n_s_bank:s24.L12-22.sgptd.bf16n.s.bank,0.6484,0.9922,0.4098,0.8812,0.0833,0.3219,0.9714,640,320,0.0065,0.5948,0.9913,0.5205,0.9507,0.1139,0.2709,1.0,812,406,0.0064,0.7229,0.9913,0.9929,0.3522,1.0,0.0464,0.0007,231,231,0.0102,0.5231,0.9846,0.9855,0.5636,1.0,0.1307,0.0011,130,130,0.0151,0.9894,0.9758,1.0,0.0002,471,0.0061,0.9935,0.9942,1.0,0.0002,1083,0.0059,0.7875,0.8207,0.9975,0.9908,0.3465,1.0,0.1272,0.0001,400,400,0.0051,0.2506,0.3463,387
m1/d3small,0.6219,0.7594,0.4359,0.7969,0.061,0.2625,0.5429,640,320,0.0736,0.5456,0.9177,0.5762,0.9261,0.169,0.1921,0.6881,812,406,0.0592,0.645,0.8528,0.8936,0.4347,1.0,0.0712,0.0878,231,231,0.1277,0.4154,0.7692,0.8116,0.6561,1.0,0.189,0.1135,130,130,0.1627,0.9299,0.903,1.0,0.0277,471,0.0652,0.9271,0.8613,1.0,0.0223,1083,0.0611,0.77,0.8016,0.925,0.8349,0.3736,1.0,0.1007,0.0192,400,400,0.0595,0.1628,0.2351,387
m1/d3small.preds,0.6219,0.7594,0.4359,0.7969,0.061,0.2625,0.5429,640,320,0.0736,0.5456,0.9177,0.5762,0.9261,0.169,0.1921,0.6881,812,406,0.0592,0.645,0.8528,0.8936,0.4347,1.0,0.0712,0.0878,231,231,0.1277,0.4154,0.7692,0.8116,0.6561,1.0,0.189,0.1135,130,130,0.1627,0.9299,0.903,1.0,0.0277,471,0.0652,0.9271,0.8613,1.0,0.0223,1083,0.0611,0.77,0.8016,0.925,0.8349,0.3736,1.0,0.1007,0.0192,400,400,0.0595,0.1628,0.2351,387
m1/merged,0.6281,0.7937,0.4382,0.8063,0.0572,0.3031,0.619,640,320,0.0675,0.5135,0.8703,0.588,0.9261,0.2129,0.1207,0.4128,812,406,0.0804,0.6623,0.8485,0.9007,0.431,1.0,0.0508,0.0891,231,231,0.1305,0.4308,0.7462,0.8116,0.6485,1.0,0.167,0.1167,130,130,0.1658,0.8917,0.897,1.0,0.0481,471,0.0966,0.8873,0.8006,1.0,0.0455,1083,0.093,0.73,0.7636,0.8725,0.7156,0.3752,1.0,0.1179,0.0396,400,400,0.0863,0.093,0.1731,387
m1/merged.preds,0.6281,0.7937,0.4382,0.8063,0.0572,0.3031,0.619,640,320,0.0675,0.5135,0.8703,0.588,0.9261,0.2129,0.1207,0.4128,812,406,0.0804,0.6623,0.8485,0.9007,0.431,1.0,0.0508,0.0891,231,231,0.1305,0.4308,0.7462,0.8116,0.6485,1.0,0.167,0.1167,130,130,0.1658,0.8917,0.897,1.0,0.0481,471,0.0966,0.8873,0.8006,1.0,0.0455,1083,0.093,0.73,0.7636,0.8725,0.7156,0.3752,1.0,0.1179,0.0396,400,400,0.0863,0.093,0.1731,387
m1/transfer,0.6125,0.75,0.4433,0.8156,0.0684,0.2437,0.5333,640,320,0.0845,0.5554,0.9052,0.5632,0.9286,0.1611,0.2192,0.7339,812,406,0.0742,0.645,0.8528,0.9007,0.4422,1.0,0.0681,0.0959,231,231,0.1316,0.4077,0.7615,0.8261,0.6687,1.0,0.2002,0.1264,130,130,0.1687,0.9023,0.8242,1.0,0.0419,471,0.084,0.88,0.8121,1.0,0.0386,1083,0.0873,0.7275,0.75,0.8575,0.8257,0.3875,1.0,0.0391,0.0352,400,400,0.086,0.2093,0.3023,387
m1/transfer.preds,0.6125,0.75,0.4433,0.8156,0.0684,0.2437,0.5333,640,320,0.0845,0.5554,0.9052,0.5632,0.9286,0.1611,0.2192,0.7339,812,406,0.0742,0.645,0.8528,0.9007,0.4422,1.0,0.0681,0.0959,231,231,0.1316,0.4077,0.7615,0.8261,0.6687,1.0,0.2002,0.1264,130,130,0.1687,0.9023,0.8242,1.0,0.0419,471,0.084,0.88,0.8121,1.0,0.0386,1083,0.0873,0.7275,0.75,0.8575,0.8257,0.3875,1.0,0.0391,0.0352,400,400,0.086,0.2093,0.3023,387
m1/untrained_full,0.5031,0.575,0.5035,0.5156,0.029,0.0531,0.0381,640,320,0.1452,0.4323,0.4165,0.5576,0.4852,0.0807,0.0123,0.0,812,406,0.2995,0.29,0.2857,0.2908,0.6849,1.0,0.0849,0.6036,231,231,0.4391,0.3077,0.3077,0.3333,0.6321,1.0,0.1306,0.3044,130,130,0.3087,0.3355,0.3333,1.0,0.4561,471,0.3668,0.3518,0.3613,1.0,0.4932,1083,0.3592,0.44,0.4429,0.395,0.4771,0.5852,1.0,0.1177,0.3744,400,400,0.3291,0.0491,0.2067,387
m1/untrained_full.preds,0.5031,0.575,0.5035,0.5156,0.029,0.0531,0.0381,640,320,0.1452,0.4323,0.4165,0.5576,0.4852,0.0807,0.0123,0.0,812,406,0.2995,0.29,0.2857,0.2908,0.6849,1.0,0.0849,0.6036,231,231,0.4391,0.3077,0.3077,0.3333,0.6321,1.0,0.1306,0.3044,130,130,0.3087,0.3355,0.3333,1.0,0.4561,471,0.3668,0.3518,0.3613,1.0,0.4932,1083,0.3592,0.44,0.4429,0.395,0.4771,0.5852,1.0,0.1177,0.3744,400,400,0.3291,0.0491,0.2067,387
m2/res/full/C_k12,0.9891,0.6547,0.043,0.9969,0.1043,0.9812,0.9905,640,320,0.3078,0.8079,0.7082,0.2806,0.9803,0.0812,0.702,0.9266,812,406,0.1972,0.697,0.9004,0.9078,0.3707,1.0,0.0581,0.036,231,231,0.0781,0.4846,0.8462,0.8551,0.5967,1.0,0.1554,0.0498,130,130,0.1069,0.9384,0.8848,1.0,0.0267,471,0.0626,0.9243,0.8699,1.0,0.02,1083,0.057,0.77,0.8043,0.925,0.8716,0.3486,1.0,0.0631,0.0198,400,400,0.0556,0.6951,0.7545,387
m2/res/full/C_k8,0.9906,0.6469,0.0424,1.0,0.1069,0.9812,1.0,640,320,0.3104,0.8091,0.7244,0.2953,0.968,0.0783,0.7143,0.9541,812,406,0.2027,0.6537,0.8182,0.8582,0.4396,1.0,0.0796,0.1063,231,231,0.1267,0.4231,0.7154,0.7536,0.6967,1.0,0.2089,0.1527,130,130,0.1781,0.9363,0.8727,1.0,0.029,471,0.0666,0.9234,0.8526,1.0,0.0223,1083,0.061,0.78,0.8179,0.9275,0.8532,0.344,1.0,0.1095,0.0189,400,400,0.0569,0.7132,0.7752,387
m2/res/full/N2_k12,0.7672,0.6422,0.2978,0.7937,0.0482,0.5375,0.6381,640,320,0.2028,0.8177,0.7269,0.299,0.9187,0.0739,0.7192,0.9817,812,406,0.1963,0.6926,0.7922,0.8298,0.3849,1.0,0.053,0.0917,231,231,0.126,0.4769,0.6538,0.6957,0.6048,1.0,0.126,0.1418,130,130,0.1846,0.9406,0.8667,1.0,0.0294,471,0.0636,0.94,0.8699,1.0,0.0181,1083,0.0551,0.7875,0.8234,0.9275,0.8073,0.3553,1.0,0.0879,0.0155,400,400,0.0515,0.7054,0.7855,387
m2/res/full/N2_k8,0.7688,0.625,0.3002,0.7625,0.038,0.5594,0.6667,640,320,0.2158,0.8067,0.7232,0.3068,0.931,0.0801,0.7118,0.9817,812,406,0.1991,0.6364,0.7706,0.8156,0.4286,1.0,0.0803,0.1291,231,231,0.1514,0.4077,0.6308,0.6522,0.6628,1.0,0.1762,0.1893,130,130,0.2177,0.9448,0.8909,1.0,0.0308,471,0.0669,0.9363,0.8613,1.0,0.0198,1083,0.0569,0.7825,0.8179,0.9275,0.8165,0.3577,1.0,0.0771,0.0168,400,400,0.0534,0.6951,0.7545,387
m2/res/full/N_k12,0.7672,0.6578,0.3119,0.7531,0.0388,0.5406,0.6476,640,320,0.212,0.8128,0.7219,0.2978,0.9015,0.0766,0.697,0.9174,812,406,0.2061,0.6753,0.7835,0.8511,0.3947,1.0,0.089,0.105,231,231,0.132,0.4538,0.6462,0.7391,0.6272,1.0,0.1598,0.1676,130,130,0.196,0.9448,0.8848,1.0,0.0309,471,0.065,0.9252,0.8642,1.0,0.022,1083,0.0603,0.78,0.8179,0.91,0.844,0.3524,1.0,0.0715,0.0191,400,400,0.0572,0.6873,0.7674,387
m2/res/full/N_k8,0.7672,0.6422,0.3186,0.725,0.0308,0.5531,0.6476,640,320,0.1902,0.8017,0.7145,0.301,0.9089,0.0882,0.7044,0.9541,812,406,0.2099,0.6494,0.7662,0.844,0.446,1.0,0.0704,0.1485,231,231,0.159,0.4308,0.6231,0.7101,0.6946,1.0,0.179,0.2236,130,130,0.23,0.9469,0.9091,1.0,0.0338,471,0.0688,0.9243,0.8439,1.0,0.0231,1083,0.0618,0.7925,0.8288,0.925,0.8349,0.3478,1.0,0.0816,0.0192,400,400,0.0566,0.6951,0.7649,387
m2/res/tf1/const,0.6208,0.9333,0.4243,0.8917,0.0874,0.275,0.8378,240,120,0.024,0.6208,0.9833,0.4984,0.9083,0.0922,0.2917,0.9714,244,120,0.022,0.5385,0.9846,1.0,0.5582,0.5628,0.1211,0.0001,130,231,0.0046,0.5385,0.9846,1.0,0.5582,1.0,0.1211,0.0001,130,130,0.0046,0.913,0.8148,0.1953,0.0501,471,0.076,0.9441,0.8894,0.6934,0.0143,1083,0.0365,0.785,0.8207,0.9475,0.9083,0.3479,1.0,0.0921,0.0111,400,400,0.0315,0.1765,0.2647,34
m2/res/tf1/const_f12,0.6167,0.9208,0.4231,0.8917,0.0855,0.275,0.8108,240,120,0.0278,0.6292,0.9708,0.493,0.9083,0.0901,0.3,0.9714,244,120,0.0287,0.5385,0.9846,1.0,0.5625,0.5628,0.1157,0.0013,130,231,0.0165,0.5385,0.9846,1.0,0.5625,1.0,0.1157,0.0013,130,130,0.0165,0.913,0.8148,0.1953,0.0514,471,0.0785,0.9454,0.8942,0.6934,0.0151,1083,0.0391,0.7825,0.8179,0.95,0.9174,0.3485,1.0,0.0963,0.0116,400,400,0.0343,0.2059,0.2941,34
m2/res/tf1/f12,0.6458,0.975,0.4178,0.8667,0.0703,0.325,0.9459,240,120,0.0083,0.6333,0.9792,0.4736,0.9417,0.0745,0.3083,1.0,244,120,0.0108,0.5385,0.9846,1.0,0.5625,0.5628,0.1157,0.0013,130,231,0.0165,0.5385,0.9846,1.0,0.5625,1.0,0.1157,0.0013,130,130,0.0165,0.9891,1.0,0.1953,0.0005,471,0.0088,0.9947,1.0,0.6934,0.0004,1083,0.0088,0.7825,0.8179,0.9975,1.0,0.3487,1.0,0.1171,0.0004,400,400,0.0086,0.2059,0.2941,34
m2/res/tf1/f8,0.6333,0.8125,0.4536,0.7667,0.0626,0.2667,0.5676,240,120,0.0702,0.5667,0.9042,0.5035,0.9583,0.1162,0.225,0.7143,244,120,0.0784,0.4462,0.7308,0.7391,0.6471,0.5628,0.1621,0.1382,130,231,0.1746,0.4462,0.7308,0.7391,0.6471,1.0,0.1621,0.1382,130,130,0.1746,0.9457,0.8519,0.1953,0.0358,471,0.0716,0.9041,0.8029,0.6934,0.0274,1083,0.0703,0.755,0.7962,0.8875,0.7615,0.3702,1.0,0.0562,0.0295,400,400,0.0752,0.1471,0.2059,34
m2/res/tf1/iso_b256,0.6125,0.7333,0.4729,0.75,0.056,0.2833,0.4865,240,120,0.1049,0.575,0.9042,0.534,0.8417,0.1429,0.2333,0.6857,244,120,0.0723,0.5308,0.8538,0.8696,0.574,0.5628,0.1019,0.0718,130,231,0.0974,0.5308,0.8538,0.8696,0.574,1.0,0.1019,0.0718,130,130,0.0974,0.8043,0.7407,0.1953,0.0779,471,0.119,0.8961,0.8365,0.6934,0.0356,1083,0.076,0.7575,0.7908,0.8875,0.8165,0.369,1.0,0.0755,0.0381,400,400,0.0796,0.2353,0.2941,34
m2/res/tf1/iso_nat,0.6042,0.7333,0.4898,0.6917,0.0946,0.2083,0.4054,240,120,0.1129,0.6583,0.8667,0.4421,0.925,0.0774,0.3583,0.7714,244,120,0.0982,0.4846,0.7385,0.7681,0.6041,0.5628,0.1648,0.1261,130,231,0.1467,0.4846,0.7385,0.7681,0.6041,1.0,0.1648,0.1261,130,130,0.1467,0.837,0.8889,0.1953,0.0677,471,0.1103,0.8549,0.8173,0.6934,0.0383,1083,0.0815,0.7225,0.7582,0.8375,0.8257,0.3725,1.0,0.0693,0.0425,400,400,0.0905,0.3235,0.3824,34
m2/res/tf1/iso_sec,0.6458,0.8417,0.4226,0.9,0.0667,0.3,0.6757,240,120,0.0612,0.6792,0.8458,0.4438,0.825,0.0758,0.3917,0.7714,244,120,0.1037,0.5385,0.9846,1.0,0.5596,0.5628,0.121,0.0001,130,231,0.0041,0.5385,0.9846,1.0,0.5596,1.0,0.121,0.0001,130,130,0.0041,0.8804,0.8519,0.1953,0.0587,471,0.1021,0.8722,0.7981,0.6934,0.0358,1083,0.0745,0.755,0.7962,0.86,0.7798,0.3604,1.0,0.0768,0.0382,400,400,0.0787,0.3529,0.4412,34
m2/res/tf1/nat0,0.6417,0.9958,0.4183,0.8667,0.0751,0.3167,1.0,240,120,0.0038,0.625,0.9917,0.4786,0.95,0.0809,0.3,1.0,244,120,0.0034,0.5385,0.9846,1.0,0.5582,0.5628,0.1211,0.0001,130,231,0.0046,0.5385,0.9846,1.0,0.5582,1.0,0.1211,0.0001,130,130,0.0046,1.0,1.0,0.1953,0.0001,471,0.0033,0.9947,0.9904,0.6934,0.0,1083,0.0029,0.7875,0.8234,0.9925,0.9817,0.347,1.0,0.1104,0.0,400,400,0.0028,0.1765,0.2647,34
m2/res/tf1/nat_attn,0.65,0.7708,0.4227,0.8417,0.0669,0.325,0.6216,240,120,0.0861,0.5917,0.8708,0.5112,0.95,0.1174,0.2583,0.7429,244,120,0.0895,0.5615,0.8308,0.7681,0.546,0.5628,0.0813,0.0601,130,231,0.1044,0.5615,0.8308,0.7681,0.546,1.0,0.0813,0.0601,130,130,0.1044,0.8696,0.8519,0.1953,0.0682,471,0.1144,0.8855,0.8125,0.6934,0.0319,1083,0.0709,0.755,0.7908,0.88,0.8165,0.3781,1.0,0.0661,0.0347,400,400,0.0746,0.2353,0.3235,34
m2/res/tf1/nat_f12,0.6042,0.7333,0.4896,0.6667,0.0937,0.2083,0.4054,240,120,0.1136,0.6583,0.8667,0.4434,0.8917,0.0816,0.3583,0.7714,244,120,0.0997,0.4846,0.7692,0.7971,0.6119,0.5628,0.1634,0.1299,130,231,0.1518,0.4846,0.7692,0.7971,0.6119,1.0,0.1634,0.1299,130,130,0.1518,0.837,0.8889,0.1953,0.069,471,0.1114,0.8575,0.8173,0.6934,0.0393,1083,0.0823,0.73,0.7636,0.84,0.8165,0.3728,1.0,0.0665,0.0432,400,400,0.0909,0.3235,0.3824,34
m2/res/tf1/nat_f8,0.5917,0.7708,0.5006,0.6333,0.0913,0.1833,0.3784,240,120,0.0997,0.5792,0.8917,0.5027,0.9083,0.1134,0.25,0.6857,244,120,0.107,0.4692,0.6692,0.6667,0.6465,0.5628,0.1554,0.1764,130,231,0.2005,0.4692,0.6692,0.6667,0.6465,1.0,0.1554,0.1764,130,130,0.2005,0.8587,0.7037,0.1953,0.0786,471,0.1281,0.8775,0.726,0.6934,0.0487,1083,0.0964,0.785,0.8261,0.87,0.7156,0.3601,1.0,0.104,0.0499,400,400,0.1,0.1765,0.2059,34
m2/res/tf1/nat_gdn,0.6042,0.775,0.4886,0.65,0.0878,0.2417,0.4865,240,120,0.1054,0.6375,0.8708,0.4596,0.95,0.1081,0.3167,0.7143,244,120,0.0976,0.4538,0.7923,0.8116,0.638,0.5628,0.2104,0.107,130,231,0.1331,0.4538,0.7923,0.8116,0.638,1.0,0.2104,0.107,130,130,0.1331,0.8587,0.8519,0.1953,0.0551,471,0.0927,0.9055,0.8606,0.6934,0.0318,1083,0.0713,0.76,0.7935,0.875,0.8349,0.3667,1.0,0.0862,0.0362,400,400,0.0816,0.2647,0.3235,34
m2/res/tf1/nat_ge16,0.6458,0.9917,0.4185,0.8667,0.0709,0.325,1.0,240,120,0.0039,0.625,0.9917,0.4787,0.9417,0.0802,0.3,1.0,244,120,0.0035,0.5385,0.9846,1.0,0.5579,0.5628,0.1203,0.0001,130,231,0.0043,0.5385,0.9846,1.0,0.5579,1.0,0.1203,0.0001,130,130,0.0043,1.0,1.0,0.1953,0.0001,471,0.0039,0.996,0.9952,0.6934,0.0001,1083,0.0031,0.785,0.8207,0.995,0.9908,0.3471,1.0,0.1142,0.0,400,400,0.003,0.1765,0.2647,34
m2/res/tf1/nat_ge8,0.6708,0.9083,0.4149,0.8083,0.0436,0.3667,0.8378,240,120,0.0496,0.65,0.9458,0.4607,0.95,0.0707,0.3417,0.9714,244,120,0.043,0.5231,0.9077,0.942,0.587,0.5628,0.144,0.0282,130,231,0.0676,0.5231,0.9077,0.942,0.587,1.0,0.144,0.0282,130,130,0.0676,0.9348,0.8519,0.1953,0.0143,471,0.0408,0.9547,0.9375,0.6934,0.0074,1083,0.0318,0.7875,0.8179,0.9525,0.9358,0.3505,1.0,0.0945,0.0065,400,400,0.0317,0.2941,0.3824,34
m2/res/tf1/nat_glob,0.6042,0.7333,0.4899,0.675,0.0933,0.2083,0.4054,240,120,0.1132,0.6625,0.8625,0.4423,0.9417,0.0725,0.3667,0.7714,244,120,0.0989,0.4769,0.7462,0.7681,0.6039,0.5628,0.1717,0.1255,130,231,0.1463,0.4769,0.7462,0.7681,0.6039,1.0,0.1717,0.1255,130,130,0.1463,0.8478,0.8889,0.1953,0.0669,471,0.1098,0.8549,0.8173,0.6934,0.0381,1083,0.0815,0.7225,0.7582,0.8375,0.8257,0.3707,1.0,0.0765,0.0418,400,400,0.0903,0.3529,0.4118,34
m2/res/tf1/nat_lt8,0.6,0.7458,0.484,0.6833,0.0924,0.2083,0.4324,240,120,0.1036,0.65,0.8708,0.458,0.9,0.0646,0.3583,0.7714,244,120,0.0922,0.4615,0.7923,0.8116,0.5911,0.5628,0.1827,0.1058,130,231,0.1331,0.4615,0.7923,0.8116,0.5911,1.0,0.1827,0.1058,130,130,0.1331,0.8587,0.8889,0.1953,0.0598,471,0.1061,0.8788,0.8173,0.6934,0.0317,1083,0.074,0.7425,0.7799,0.8625,0.8257,0.3668,1.0,0.0861,0.0336,400,400,0.0798,0.3529,0.4118,34
m2/res/tf1/nat_sum,0.5,0.5458,0.5058,0.575,0.057,0.0333,0.0,240,120,0.1507,0.4708,0.6125,0.5489,0.55,0.1023,0.0833,0.1429,244,120,0.2123,0.4846,0.7385,0.6957,0.5941,0.5628,0.1137,0.1601,130,231,0.1754,0.4846,0.7385,0.6957,0.5941,1.0,0.1137,0.1601,130,130,0.1754,0.4674,0.4815,0.1953,0.3539,471,0.3294,0.6631,0.4519,0.6934,0.2293,1083,0.2245,0.5675,0.5924,0.655,0.4495,0.4993,1.0,0.0622,0.2354,400,400,0.2359,0.3529,0.5,34
m2/res/tf1/nat_zero,0.6042,0.6833,0.5035,0.6917,0.1326,0.2167,0.3784,240,120,0.1467,0.6708,0.7917,0.4465,0.925,0.0531,0.4333,0.6857,244,120,0.1343,0.5077,0.7,0.7246,0.6128,0.5628,0.1409,0.175,130,231,0.185,0.5077,0.7,0.7246,0.6128,1.0,0.1409,0.175,130,130,0.185,0.8913,0.8889,0.1953,0.0677,471,0.0996,0.8442,0.7788,0.6934,0.0512,1083,0.0927,0.76,0.7908,0.8425,0.789,0.3771,1.0,0.0806,0.0529,400,400,0.0957,0.4412,0.4706,34
m2/res/tf1/topk16,0.6625,0.9167,0.4006,0.8583,0.082,0.35,0.8378,240,120,0.0441,0.6375,0.95,0.4609,0.9333,0.0688,0.325,0.9714,244,120,0.0386,0.5154,0.9308,0.8986,0.587,0.5628,0.1368,0.0163,130,231,0.0477,0.5154,0.9308,0.8986,0.587,1.0,0.1368,0.0163,130,130,0.0477,0.9239,0.9259,0.1953,0.0269,471,0.0698,0.9387,0.875,0.6934,0.0152,1083,0.0486,0.7775,0.8125,0.945,0.8899,0.3706,1.0,0.1108,0.0142,400,400,0.0461,0.2941,0.4118,34
m2/res/tf1/topk256,0.6417,0.9792,0.4137,0.8833,0.0737,0.3167,0.9459,240,120,0.0131,0.6292,0.9833,0.4745,0.95,0.0761,0.3,1.0,244,120,0.0118,0.5462,0.9769,0.9855,0.5629,0.5628,0.1327,0.001,130,231,0.0102,0.5462,0.9769,0.9855,0.5629,1.0,0.1327,0.001,130,130,0.0102,0.9457,0.8889,0.1953,0.0066,471,0.0305,0.9907,0.9712,0.6934,0.0014,1083,0.0133,0.7875,0.8234,0.99,0.9633,0.3484,1.0,0.1175,0.0013,400,400,0.0121,0.1765,0.2647,34
m2/res/tf1/topk64,0.6542,0.9417,0.4082,0.8917,0.0689,0.3417,0.8649,240,120,0.0285,0.6333,0.9667,0.4696,0.95,0.0682,0.3083,0.9714,244,120,0.0242,0.5308,0.9615,0.971,0.5737,0.5628,0.1614,0.0052,130,231,0.0251,0.5308,0.9615,0.971,0.5737,1.0,0.1614,0.0052,130,130,0.0251,0.9674,0.9259,0.1953,0.0165,471,0.0498,0.972,0.9087,0.6934,0.0062,1083,0.0291,0.7875,0.8234,0.97,0.8991,0.3566,1.0,0.1188,0.0056,400,400,0.0268,0.2059,0.2941,34
n1/npreds_n11,0.6842,0.9934,0.388,0.9211,0.0882,0.3684,0.9655,152,76,0.0035,0.6333,0.9944,0.4698,0.9667,0.1096,0.3444,1.0,183,90,0.003,0.7273,0.9957,1.0,0.3482,1.0,0.0527,0.0,231,231,0.0026,0.5308,0.9923,1.0,0.5579,1.0,0.1284,0.0001,130,130,0.0035,,,0.0,,471,,0.9964,0.9873,0.253,0.0,1083,0.0024,0.7455,0.7664,0.9909,0.9706,0.3677,0.275,0.086,0.0,110,400,0.002,0.5,0.5,20
n1/npreds_n8,0.6842,0.9934,0.3884,0.9342,0.0887,0.3684,0.9655,152,76,0.0034,0.6333,0.9944,0.4697,0.9667,0.1185,0.3444,1.0,183,90,0.0028,0.7316,0.9913,1.0,0.3484,1.0,0.0457,0.0,231,231,0.0027,0.5385,0.9846,1.0,0.5582,1.0,0.1209,0.0001,130,130,0.0037,,,0.0,,471,,0.9964,0.9873,0.253,0.0,1083,0.0023,0.7455,0.7664,0.9909,0.9706,0.3673,0.275,0.0933,0.0,110,400,0.002,0.5,0.5,20
